strain	set	accession	url	geoLocCountry	country	dataUseTerms	dataUseTermsRestrictedUntil	dataUseTermsUrl	PPX_accession	PPX_accession__url	INSDC_accession	INSDC_accession__url	dataUseTerms__url	restrictedUntil
EPI_ISL_14908852|2022-04-04	representatives													
PP_005310N|2001	representatives	PP_005310N	https://pathoplexus.org/seq/PP_005310N	Brazil	Brazil	OPEN		https://pathoplexus.org/about/terms-of-use/open-data	PP_005310N	https://pathoplexus.org/seq/PP_005310N	AB519681.1	https://www.ncbi.nlm.nih.gov/nuccore/AB519681.1	https://pathoplexus.org/about/terms-of-use/open-data	
PP_00535Q3|1994	representatives	PP_00535Q3	https://pathoplexus.org/seq/PP_00535Q3	Taiwan	Taiwan	OPEN		https://pathoplexus.org/about/terms-of-use/open-data	PP_00535Q3	https://pathoplexus.org/seq/PP_00535Q3	AB608789.1	https://www.ncbi.nlm.nih.gov/nuccore/AB608789.1	https://pathoplexus.org/about/terms-of-use/open-data	
PP_0054UFX|1982	representatives	PP_0054UFX	https://pathoplexus.org/seq/PP_0054UFX	Thailand	Thailand	OPEN		https://pathoplexus.org/about/terms-of-use/open-data	PP_0054UFX	https://pathoplexus.org/seq/PP_0054UFX	AY732481.1	https://www.ncbi.nlm.nih.gov/nuccore/AY732481.1	https://pathoplexus.org/about/terms-of-use/open-data	
PP_0054UHS|1981	representatives	PP_0054UHS	https://pathoplexus.org/seq/PP_0054UHS	Thailand	Thailand	OPEN		https://pathoplexus.org/about/terms-of-use/open-data	PP_0054UHS	https://pathoplexus.org/seq/PP_0054UHS	AY732483.1	https://www.ncbi.nlm.nih.gov/nuccore/AY732483.1	https://pathoplexus.org/about/terms-of-use/open-data	
PP_0056LAB|1972	representatives	PP_0056LAB	https://pathoplexus.org/seq/PP_0056LAB	Malaysia	Malaysia	OPEN		https://pathoplexus.org/about/terms-of-use/open-data	PP_0056LAB	https://pathoplexus.org/seq/PP_0056LAB	EF457905.1	https://www.ncbi.nlm.nih.gov/nuccore/EF457905.1	https://pathoplexus.org/about/terms-of-use/open-data	
PP_0056Z74|2005	representatives	PP_0056Z74	https://pathoplexus.org/seq/PP_0056Z74	Brunei	Brunei	OPEN		https://pathoplexus.org/about/terms-of-use/open-data	PP_0056Z74	https://pathoplexus.org/seq/PP_0056Z74	EU179860.1	https://www.ncbi.nlm.nih.gov/nuccore/EU179860.1	https://pathoplexus.org/about/terms-of-use/open-data	
PP_0056Z82|2006	representatives	PP_0056Z82	https://pathoplexus.org/seq/PP_0056Z82	Brunei	Brunei	OPEN		https://pathoplexus.org/about/terms-of-use/open-data	PP_0056Z82	https://pathoplexus.org/seq/PP_0056Z82	EU179861.1	https://www.ncbi.nlm.nih.gov/nuccore/EU179861.1	https://pathoplexus.org/about/terms-of-use/open-data	
PP_0057BLX|1998	representatives	PP_0057BLX	https://pathoplexus.org/seq/PP_0057BLX	USA	USA	OPEN		https://pathoplexus.org/about/terms-of-use/open-data	PP_0057BLX	https://pathoplexus.org/seq/PP_0057BLX	EU482567.1	https://www.ncbi.nlm.nih.gov/nuccore/EU482567.1	https://pathoplexus.org/about/terms-of-use/open-data	
PP_0057J0X|2003	representatives	PP_0057J0X	https://pathoplexus.org/seq/PP_0057J0X	Viet Nam	Vietnam	OPEN		https://pathoplexus.org/about/terms-of-use/open-data	PP_0057J0X	https://pathoplexus.org/seq/PP_0057J0X	EU482789.1	https://www.ncbi.nlm.nih.gov/nuccore/EU482789.1	https://pathoplexus.org/about/terms-of-use/open-data	
PP_0057JNL|2006	representatives	PP_0057JNL	https://pathoplexus.org/seq/PP_0057JNL	Viet Nam	Vietnam	OPEN		https://pathoplexus.org/about/terms-of-use/open-data	PP_0057JNL	https://pathoplexus.org/seq/PP_0057JNL	EU482811.1	https://www.ncbi.nlm.nih.gov/nuccore/EU482811.1	https://pathoplexus.org/about/terms-of-use/open-data	
PP_005820B|1997	representatives	PP_005820B	https://pathoplexus.org/seq/PP_005820B	China	China	OPEN		https://pathoplexus.org/about/terms-of-use/open-data	PP_005820B	https://pathoplexus.org/seq/PP_005820B	FJ196847.1	https://www.ncbi.nlm.nih.gov/nuccore/FJ196847.1	https://pathoplexus.org/about/terms-of-use/open-data	
PP_0058BBE|1998	representatives	PP_0058BBE	https://pathoplexus.org/seq/PP_0058BBE	USA	USA	OPEN		https://pathoplexus.org/about/terms-of-use/open-data	PP_0058BBE	https://pathoplexus.org/seq/PP_0058BBE	FJ390380.1	https://www.ncbi.nlm.nih.gov/nuccore/FJ390380.1	https://pathoplexus.org/about/terms-of-use/open-data	
PP_0058CH0|1993	representatives	PP_0058CH0	https://pathoplexus.org/seq/PP_0058CH0	USA	USA	OPEN		https://pathoplexus.org/about/terms-of-use/open-data	PP_0058CH0	https://pathoplexus.org/seq/PP_0058CH0	FJ410184.1	https://www.ncbi.nlm.nih.gov/nuccore/FJ410184.1	https://pathoplexus.org/about/terms-of-use/open-data	
PP_0058DV9|2008	representatives	PP_0058DV9	https://pathoplexus.org/seq/PP_0058DV9	Viet Nam	Vietnam	OPEN		https://pathoplexus.org/about/terms-of-use/open-data	PP_0058DV9	https://pathoplexus.org/seq/PP_0058DV9	FJ410230.1	https://www.ncbi.nlm.nih.gov/nuccore/FJ410230.1	https://pathoplexus.org/about/terms-of-use/open-data	
PP_0058LEZ|2003	representatives	PP_0058LEZ	https://pathoplexus.org/seq/PP_0058LEZ	Singapore	Singapore	OPEN		https://pathoplexus.org/about/terms-of-use/open-data	PP_0058LEZ	https://pathoplexus.org/seq/PP_0058LEZ	FJ469907.1	https://www.ncbi.nlm.nih.gov/nuccore/FJ469907.1	https://pathoplexus.org/about/terms-of-use/open-data	
PP_0058LGV|2003	representatives	PP_0058LGV	https://pathoplexus.org/seq/PP_0058LGV	Singapore	Singapore	OPEN		https://pathoplexus.org/about/terms-of-use/open-data	PP_0058LGV	https://pathoplexus.org/seq/PP_0058LGV	FJ469909.1	https://www.ncbi.nlm.nih.gov/nuccore/FJ469909.1	https://pathoplexus.org/about/terms-of-use/open-data	
PP_0058V58|2003	representatives	PP_0058V58	https://pathoplexus.org/seq/PP_0058V58	Cambodia	Cambodia	OPEN		https://pathoplexus.org/about/terms-of-use/open-data	PP_0058V58	https://pathoplexus.org/seq/PP_0058V58	FJ639678.1	https://www.ncbi.nlm.nih.gov/nuccore/FJ639678.1	https://pathoplexus.org/about/terms-of-use/open-data	
PP_0058WUU|1997	representatives	PP_0058WUU	https://pathoplexus.org/seq/PP_0058WUU	Venezuela	Venezuela	OPEN		https://pathoplexus.org/about/terms-of-use/open-data	PP_0058WUU	https://pathoplexus.org/seq/PP_0058WUU	FJ639735.1	https://www.ncbi.nlm.nih.gov/nuccore/FJ639735.1	https://pathoplexus.org/about/terms-of-use/open-data	
PP_0058YKA|2004	representatives	PP_0058YKA	https://pathoplexus.org/seq/PP_0058YKA	Venezuela	Venezuela	OPEN		https://pathoplexus.org/about/terms-of-use/open-data	PP_0058YKA	https://pathoplexus.org/seq/PP_0058YKA	FJ639794.1	https://www.ncbi.nlm.nih.gov/nuccore/FJ639794.1	https://pathoplexus.org/about/terms-of-use/open-data	
PP_0058Z2A|2005	representatives	PP_0058Z2A	https://pathoplexus.org/seq/PP_0058Z2A	Venezuela	Venezuela	OPEN		https://pathoplexus.org/about/terms-of-use/open-data	PP_0058Z2A	https://pathoplexus.org/seq/PP_0058Z2A	FJ639811.1	https://www.ncbi.nlm.nih.gov/nuccore/FJ639811.1	https://pathoplexus.org/about/terms-of-use/open-data	
PP_0058ZAU|2006	representatives	PP_0058ZAU	https://pathoplexus.org/seq/PP_0058ZAU	Venezuela	Venezuela	OPEN		https://pathoplexus.org/about/terms-of-use/open-data	PP_0058ZAU	https://pathoplexus.org/seq/PP_0058ZAU	FJ639819.1	https://www.ncbi.nlm.nih.gov/nuccore/FJ639819.1	https://pathoplexus.org/about/terms-of-use/open-data	
PP_00593H7|2001	representatives	PP_00593H7	https://pathoplexus.org/seq/PP_00593H7	Brazil	Brazil	OPEN		https://pathoplexus.org/about/terms-of-use/open-data	PP_00593H7	https://pathoplexus.org/seq/PP_00593H7	FJ850073.1	https://www.ncbi.nlm.nih.gov/nuccore/FJ850073.1	https://pathoplexus.org/about/terms-of-use/open-data	
PP_0059407|2007	representatives	PP_0059407	https://pathoplexus.org/seq/PP_0059407	Brazil	Brazil	OPEN		https://pathoplexus.org/about/terms-of-use/open-data	PP_0059407	https://pathoplexus.org/seq/PP_0059407	FJ850090.1	https://www.ncbi.nlm.nih.gov/nuccore/FJ850090.1	https://pathoplexus.org/about/terms-of-use/open-data	
PP_00596CF|2007	representatives	PP_00596CF	https://pathoplexus.org/seq/PP_00596CF	Viet Nam	Vietnam	OPEN		https://pathoplexus.org/about/terms-of-use/open-data	PP_00596CF	https://pathoplexus.org/seq/PP_00596CF	FJ882547.1	https://www.ncbi.nlm.nih.gov/nuccore/FJ882547.1	https://pathoplexus.org/about/terms-of-use/open-data	
PP_0059J6F|2007	representatives	PP_0059J6F	https://pathoplexus.org/seq/PP_0059J6F	Viet Nam	Vietnam	OPEN		https://pathoplexus.org/about/terms-of-use/open-data	PP_0059J6F	https://pathoplexus.org/seq/PP_0059J6F	GQ199775.1	https://www.ncbi.nlm.nih.gov/nuccore/GQ199775.1	https://pathoplexus.org/about/terms-of-use/open-data	
PP_0059ZXH|2006	representatives	PP_0059ZXH	https://pathoplexus.org/seq/PP_0059ZXH	Colombia	Colombia	OPEN		https://pathoplexus.org/about/terms-of-use/open-data	PP_0059ZXH	https://pathoplexus.org/seq/PP_0059ZXH	GQ868564.1	https://www.ncbi.nlm.nih.gov/nuccore/GQ868564.1	https://pathoplexus.org/about/terms-of-use/open-data	
PP_005A017|2007	representatives	PP_005A017	https://pathoplexus.org/seq/PP_005A017	Colombia	Colombia	OPEN		https://pathoplexus.org/about/terms-of-use/open-data	PP_005A017	https://pathoplexus.org/seq/PP_005A017	GQ868568.1	https://www.ncbi.nlm.nih.gov/nuccore/GQ868568.1	https://pathoplexus.org/about/terms-of-use/open-data	
PP_005A033|2008	representatives	PP_005A033	https://pathoplexus.org/seq/PP_005A033	Colombia	Colombia	OPEN		https://pathoplexus.org/about/terms-of-use/open-data	PP_005A033	https://pathoplexus.org/seq/PP_005A033	GQ868570.1	https://www.ncbi.nlm.nih.gov/nuccore/GQ868570.1	https://pathoplexus.org/about/terms-of-use/open-data	
PP_005A108|1985	representatives	PP_005A108	https://pathoplexus.org/seq/PP_005A108	British Virgin Islands	British Virgin Islands	OPEN		https://pathoplexus.org/about/terms-of-use/open-data	PP_005A108	https://pathoplexus.org/seq/PP_005A108	GQ868601.1	https://www.ncbi.nlm.nih.gov/nuccore/GQ868601.1	https://pathoplexus.org/about/terms-of-use/open-data	
PP_005A116|2004	representatives	PP_005A116	https://pathoplexus.org/seq/PP_005A116	Philippines	Philippines	OPEN		https://pathoplexus.org/about/terms-of-use/open-data	PP_005A116	https://pathoplexus.org/seq/PP_005A116	GQ868602.1	https://www.ncbi.nlm.nih.gov/nuccore/GQ868602.1	https://pathoplexus.org/about/terms-of-use/open-data	
PP_005A1J5|2003	representatives	PP_005A1J5	https://pathoplexus.org/seq/PP_005A1J5	Cambodia	Cambodia	OPEN		https://pathoplexus.org/about/terms-of-use/open-data	PP_005A1J5	https://pathoplexus.org/seq/PP_005A1J5	GQ868619.1	https://www.ncbi.nlm.nih.gov/nuccore/GQ868619.1	https://pathoplexus.org/about/terms-of-use/open-data	
PP_005A2L0|1998	representatives	PP_005A2L0	https://pathoplexus.org/seq/PP_005A2L0	Venezuela	Venezuela	OPEN		https://pathoplexus.org/about/terms-of-use/open-data	PP_005A2L0	https://pathoplexus.org/seq/PP_005A2L0	GU056032.1	https://www.ncbi.nlm.nih.gov/nuccore/GU056032.1	https://pathoplexus.org/about/terms-of-use/open-data	
PP_005A2NW|2008	representatives	PP_005A2NW	https://pathoplexus.org/seq/PP_005A2NW	Viet Nam	Vietnam	OPEN		https://pathoplexus.org/about/terms-of-use/open-data	PP_005A2NW	https://pathoplexus.org/seq/PP_005A2NW	GU131678.1	https://www.ncbi.nlm.nih.gov/nuccore/GU131678.1	https://pathoplexus.org/about/terms-of-use/open-data	
PP_005A4VE|2008	representatives	PP_005A4VE	https://pathoplexus.org/seq/PP_005A4VE	Viet Nam	Vietnam	OPEN		https://pathoplexus.org/about/terms-of-use/open-data	PP_005A4VE	https://pathoplexus.org/seq/PP_005A4VE	GU131753.1	https://www.ncbi.nlm.nih.gov/nuccore/GU131753.1	https://pathoplexus.org/about/terms-of-use/open-data	
PP_005A6Y6|2008	representatives	PP_005A6Y6	https://pathoplexus.org/seq/PP_005A6Y6	Viet Nam	Vietnam	OPEN		https://pathoplexus.org/about/terms-of-use/open-data	PP_005A6Y6	https://pathoplexus.org/seq/PP_005A6Y6	GU131824.1	https://www.ncbi.nlm.nih.gov/nuccore/GU131824.1	https://pathoplexus.org/about/terms-of-use/open-data	
PP_005A79J|2004	representatives	PP_005A79J	https://pathoplexus.org/seq/PP_005A79J	Venezuela	Venezuela	OPEN		https://pathoplexus.org/about/terms-of-use/open-data	PP_005A79J	https://pathoplexus.org/seq/PP_005A79J	GU131835.1	https://www.ncbi.nlm.nih.gov/nuccore/GU131835.1	https://pathoplexus.org/about/terms-of-use/open-data	
PP_005AALS|2001	representatives	PP_005AALS	https://pathoplexus.org/seq/PP_005AALS	Colombia	Colombia	OPEN		https://pathoplexus.org/about/terms-of-use/open-data	PP_005AALS	https://pathoplexus.org/seq/PP_005AALS	GU131948.1	https://www.ncbi.nlm.nih.gov/nuccore/GU131948.1	https://pathoplexus.org/about/terms-of-use/open-data	
PP_005B1SM|2007	representatives	PP_005B1SM	https://pathoplexus.org/seq/PP_005B1SM	Cambodia	Cambodia	OPEN		https://pathoplexus.org/about/terms-of-use/open-data	PP_005B1SM	https://pathoplexus.org/seq/PP_005B1SM	HM181952.1	https://www.ncbi.nlm.nih.gov/nuccore/HM181952.1	https://pathoplexus.org/about/terms-of-use/open-data	
PP_005BDA8|2007	representatives	PP_005BDA8	https://pathoplexus.org/seq/PP_005BDA8	Cambodia	Cambodia	OPEN		https://pathoplexus.org/about/terms-of-use/open-data	PP_005BDA8	https://pathoplexus.org/seq/PP_005BDA8	HQ624983.1	https://www.ncbi.nlm.nih.gov/nuccore/HQ624983.1	https://pathoplexus.org/about/terms-of-use/open-data	
PP_005BWHA|2009	representatives	PP_005BWHA	https://pathoplexus.org/seq/PP_005BWHA	Singapore	Singapore	OPEN		https://pathoplexus.org/about/terms-of-use/open-data	PP_005BWHA	https://pathoplexus.org/seq/PP_005BWHA	JF960211.2	https://www.ncbi.nlm.nih.gov/nuccore/JF960211.2	https://pathoplexus.org/about/terms-of-use/open-data	
PP_005BY41|2007	representatives	PP_005BY41	https://pathoplexus.org/seq/PP_005BY41	Viet Nam	Vietnam	OPEN		https://pathoplexus.org/about/terms-of-use/open-data	PP_005BY41	https://pathoplexus.org/seq/PP_005BY41	JF937649.1	https://www.ncbi.nlm.nih.gov/nuccore/JF937649.1	https://pathoplexus.org/about/terms-of-use/open-data	
PP_005CU9T|2011-03	representatives	PP_005CU9T	https://pathoplexus.org/seq/PP_005CU9T	Singapore	Singapore	OPEN		https://pathoplexus.org/about/terms-of-use/open-data	PP_005CU9T	https://pathoplexus.org/seq/PP_005CU9T	JN544409.2	https://www.ncbi.nlm.nih.gov/nuccore/JN544409.2	https://pathoplexus.org/about/terms-of-use/open-data	
PP_005CUAR|2011-04	representatives	PP_005CUAR	https://pathoplexus.org/seq/PP_005CUAR	Singapore	Singapore	OPEN		https://pathoplexus.org/about/terms-of-use/open-data	PP_005CUAR	https://pathoplexus.org/seq/PP_005CUAR	JN544410.2	https://www.ncbi.nlm.nih.gov/nuccore/JN544410.2	https://pathoplexus.org/about/terms-of-use/open-data	
PP_005CXJ5|1986	representatives	PP_005CXJ5	https://pathoplexus.org/seq/PP_005CXJ5	Thailand	Thailand	OPEN		https://pathoplexus.org/about/terms-of-use/open-data	PP_005CXJ5	https://pathoplexus.org/seq/PP_005CXJ5	JN638336.1	https://www.ncbi.nlm.nih.gov/nuccore/JN638336.1	https://pathoplexus.org/about/terms-of-use/open-data	
PP_005CXK3|1990	representatives	PP_005CXK3	https://pathoplexus.org/seq/PP_005CXK3	Thailand	Thailand	OPEN		https://pathoplexus.org/about/terms-of-use/open-data	PP_005CXK3	https://pathoplexus.org/seq/PP_005CXK3	JN638337.1	https://www.ncbi.nlm.nih.gov/nuccore/JN638337.1	https://pathoplexus.org/about/terms-of-use/open-data	
PP_005CXQT|1990	representatives	PP_005CXQT	https://pathoplexus.org/seq/PP_005CXQT	Thailand	Thailand	OPEN		https://pathoplexus.org/about/terms-of-use/open-data	PP_005CXQT	https://pathoplexus.org/seq/PP_005CXQT	JN638342.1	https://www.ncbi.nlm.nih.gov/nuccore/JN638342.1	https://pathoplexus.org/about/terms-of-use/open-data	
PP_005CXYB|2005-01-01	representatives	PP_005CXYB	https://pathoplexus.org/seq/PP_005CXYB	Malaysia	Malaysia	OPEN		https://pathoplexus.org/about/terms-of-use/open-data	PP_005CXYB	https://pathoplexus.org/seq/PP_005CXYB	JN697056.1	https://www.ncbi.nlm.nih.gov/nuccore/JN697056.1	https://pathoplexus.org/about/terms-of-use/open-data	
PP_005CYNW|2006	representatives	PP_005CYNW	https://pathoplexus.org/seq/PP_005CYNW	Venezuela	Venezuela	OPEN		https://pathoplexus.org/about/terms-of-use/open-data	PP_005CYNW	https://pathoplexus.org/seq/PP_005CYNW	JN819415.1	https://www.ncbi.nlm.nih.gov/nuccore/JN819415.1	https://pathoplexus.org/about/terms-of-use/open-data	
PP_005CYYA|2001	representatives	PP_005CYYA	https://pathoplexus.org/seq/PP_005CYYA	Cambodia	Cambodia	OPEN		https://pathoplexus.org/about/terms-of-use/open-data	PP_005CYYA	https://pathoplexus.org/seq/PP_005CYYA	JN819423.1	https://www.ncbi.nlm.nih.gov/nuccore/JN819423.1	https://pathoplexus.org/about/terms-of-use/open-data	
PP_005D6E3|2011-09	representatives	PP_005D6E3	https://pathoplexus.org/seq/PP_005D6E3	China	China	OPEN		https://pathoplexus.org/about/terms-of-use/open-data	PP_005D6E3	https://pathoplexus.org/seq/PP_005D6E3	JQ048541.1	https://www.ncbi.nlm.nih.gov/nuccore/JQ048541.1	https://pathoplexus.org/about/terms-of-use/open-data	
PP_005DAXY|2004	representatives	PP_005DAXY	https://pathoplexus.org/seq/PP_005DAXY	Cambodia	Cambodia	OPEN		https://pathoplexus.org/about/terms-of-use/open-data	PP_005DAXY	https://pathoplexus.org/seq/PP_005DAXY	JQ287664.1	https://www.ncbi.nlm.nih.gov/nuccore/JQ287664.1	https://pathoplexus.org/about/terms-of-use/open-data	
PP_005DSN0|2009-06-09	representatives	PP_005DSN0	https://pathoplexus.org/seq/PP_005DSN0	French Polynesia	French Polynesia	OPEN		https://pathoplexus.org/about/terms-of-use/open-data	PP_005DSN0	https://pathoplexus.org/seq/PP_005DSN0	JQ915076.1	https://www.ncbi.nlm.nih.gov/nuccore/JQ915076.1	https://pathoplexus.org/about/terms-of-use/open-data	
PP_005DTPX|1963	representatives	PP_005DTPX	https://pathoplexus.org/seq/PP_005DTPX	India	India	OPEN		https://pathoplexus.org/about/terms-of-use/open-data	PP_005DTPX	https://pathoplexus.org/seq/PP_005DTPX	JQ922544.1	https://www.ncbi.nlm.nih.gov/nuccore/JQ922544.1	https://pathoplexus.org/about/terms-of-use/open-data	
PP_005DTQV|1982	representatives	PP_005DTQV	https://pathoplexus.org/seq/PP_005DTQV	India	India	OPEN		https://pathoplexus.org/about/terms-of-use/open-data	PP_005DTQV	https://pathoplexus.org/seq/PP_005DTQV	JQ922545.1	https://www.ncbi.nlm.nih.gov/nuccore/JQ922545.1	https://pathoplexus.org/about/terms-of-use/open-data	
PP_005DTRT|1971	representatives	PP_005DTRT	https://pathoplexus.org/seq/PP_005DTRT	India	India	OPEN		https://pathoplexus.org/about/terms-of-use/open-data	PP_005DTRT	https://pathoplexus.org/seq/PP_005DTRT	JQ922546.1	https://www.ncbi.nlm.nih.gov/nuccore/JQ922546.1	https://pathoplexus.org/about/terms-of-use/open-data	
PP_005DTSR|1960	representatives	PP_005DTSR	https://pathoplexus.org/seq/PP_005DTSR	Thailand	Thailand	OPEN		https://pathoplexus.org/about/terms-of-use/open-data	PP_005DTSR	https://pathoplexus.org/seq/PP_005DTSR	JQ922547.1	https://www.ncbi.nlm.nih.gov/nuccore/JQ922547.1	https://pathoplexus.org/about/terms-of-use/open-data	
PP_005DTTP|2005	representatives	PP_005DTTP	https://pathoplexus.org/seq/PP_005DTTP	India	India	OPEN		https://pathoplexus.org/about/terms-of-use/open-data	PP_005DTTP	https://pathoplexus.org/seq/PP_005DTTP	JQ922548.1	https://www.ncbi.nlm.nih.gov/nuccore/JQ922548.1	https://pathoplexus.org/about/terms-of-use/open-data	
PP_005EC79|1997	representatives	PP_005EC79	https://pathoplexus.org/seq/PP_005EC79	Brazil	Brazil	OPEN		https://pathoplexus.org/about/terms-of-use/open-data	PP_005EC79	https://pathoplexus.org/seq/PP_005EC79	JX669469.1	https://www.ncbi.nlm.nih.gov/nuccore/JX669469.1	https://pathoplexus.org/about/terms-of-use/open-data	
PP_005EJHG|2010-12-29	representatives	PP_005EJHG	https://pathoplexus.org/seq/PP_005EJHG	Argentina	Argentina	OPEN		https://pathoplexus.org/about/terms-of-use/open-data	PP_005EJHG	https://pathoplexus.org/seq/PP_005EJHG	KC692517.1	https://www.ncbi.nlm.nih.gov/nuccore/KC692517.1	https://pathoplexus.org/about/terms-of-use/open-data	
PP_005EK64|2012-01-09	representatives	PP_005EK64	https://pathoplexus.org/seq/PP_005EK64	China	China	OPEN		https://pathoplexus.org/about/terms-of-use/open-data	PP_005EK64	https://pathoplexus.org/seq/PP_005EK64	KC759167.1	https://www.ncbi.nlm.nih.gov/nuccore/KC759167.1	https://pathoplexus.org/about/terms-of-use/open-data	
PP_005EK72|2007-12-13	representatives	PP_005EK72	https://pathoplexus.org/seq/PP_005EK72	Indonesia	Indonesia	OPEN		https://pathoplexus.org/about/terms-of-use/open-data	PP_005EK72	https://pathoplexus.org/seq/PP_005EK72	KC762620.1	https://www.ncbi.nlm.nih.gov/nuccore/KC762620.1	https://pathoplexus.org/about/terms-of-use/open-data	
PP_005EK80|2008-02-15	representatives	PP_005EK80	https://pathoplexus.org/seq/PP_005EK80	Indonesia	Indonesia	OPEN		https://pathoplexus.org/about/terms-of-use/open-data	PP_005EK80	https://pathoplexus.org/seq/PP_005EK80	KC762621.1	https://www.ncbi.nlm.nih.gov/nuccore/KC762621.1	https://pathoplexus.org/about/terms-of-use/open-data	
PP_005EKEN|2008-04-17	representatives	PP_005EKEN	https://pathoplexus.org/seq/PP_005EKEN	Indonesia	Indonesia	OPEN		https://pathoplexus.org/about/terms-of-use/open-data	PP_005EKEN	https://pathoplexus.org/seq/PP_005EKEN	KC762627.1	https://www.ncbi.nlm.nih.gov/nuccore/KC762627.1	https://pathoplexus.org/about/terms-of-use/open-data	
PP_005EKGJ|2008-03-15	representatives	PP_005EKGJ	https://pathoplexus.org/seq/PP_005EKGJ	Indonesia	Indonesia	OPEN		https://pathoplexus.org/about/terms-of-use/open-data	PP_005EKGJ	https://pathoplexus.org/seq/PP_005EKGJ	KC762629.1	https://www.ncbi.nlm.nih.gov/nuccore/KC762629.1	https://pathoplexus.org/about/terms-of-use/open-data	
PP_005EKJD|2008-02-15	representatives	PP_005EKJD	https://pathoplexus.org/seq/PP_005EKJD	Indonesia	Indonesia	OPEN		https://pathoplexus.org/about/terms-of-use/open-data	PP_005EKJD	https://pathoplexus.org/seq/PP_005EKJD	KC762631.1	https://www.ncbi.nlm.nih.gov/nuccore/KC762631.1	https://pathoplexus.org/about/terms-of-use/open-data	
PP_005EL0F|2010-03-03	representatives	PP_005EL0F	https://pathoplexus.org/seq/PP_005EL0F	Indonesia	Indonesia	OPEN		https://pathoplexus.org/about/terms-of-use/open-data	PP_005EL0F	https://pathoplexus.org/seq/PP_005EL0F	KC762647.1	https://www.ncbi.nlm.nih.gov/nuccore/KC762647.1	https://pathoplexus.org/about/terms-of-use/open-data	
PP_005EL47|2007-12-11	representatives	PP_005EL47	https://pathoplexus.org/seq/PP_005EL47	Indonesia	Indonesia	OPEN		https://pathoplexus.org/about/terms-of-use/open-data	PP_005EL47	https://pathoplexus.org/seq/PP_005EL47	KC762651.1	https://www.ncbi.nlm.nih.gov/nuccore/KC762651.1	https://pathoplexus.org/about/terms-of-use/open-data	
PP_005EYY6|1956	representatives	PP_005EYY6	https://pathoplexus.org/seq/PP_005EYY6	India	India	OPEN		https://pathoplexus.org/about/terms-of-use/open-data	PP_005EYY6	https://pathoplexus.org/seq/PP_005EYY6	KF289073.1	https://www.ncbi.nlm.nih.gov/nuccore/KF289073.1	https://pathoplexus.org/about/terms-of-use/open-data	
PP_005F48D|2010	representatives	PP_005F48D	https://pathoplexus.org/seq/PP_005F48D	Brazil	Brazil	OPEN		https://pathoplexus.org/about/terms-of-use/open-data	PP_005F48D	https://pathoplexus.org/seq/PP_005F48D	KF672759.1	https://www.ncbi.nlm.nih.gov/nuccore/KF672759.1	https://pathoplexus.org/about/terms-of-use/open-data	
PP_005F49B|2011	representatives	PP_005F49B	https://pathoplexus.org/seq/PP_005F49B	Brazil	Brazil	OPEN		https://pathoplexus.org/about/terms-of-use/open-data	PP_005F49B	https://pathoplexus.org/seq/PP_005F49B	KF672760.1	https://www.ncbi.nlm.nih.gov/nuccore/KF672760.1	https://pathoplexus.org/about/terms-of-use/open-data	
PP_005F4D3|2001	representatives	PP_005F4D3	https://pathoplexus.org/seq/PP_005F4D3	Brazil	Brazil	OPEN		https://pathoplexus.org/about/terms-of-use/open-data	PP_005F4D3	https://pathoplexus.org/seq/PP_005F4D3	KF672764.1	https://www.ncbi.nlm.nih.gov/nuccore/KF672764.1	https://pathoplexus.org/about/terms-of-use/open-data	
PP_005F78A|2013-05	representatives	PP_005F78A	https://pathoplexus.org/seq/PP_005F78A	China	China	OPEN		https://pathoplexus.org/about/terms-of-use/open-data	PP_005F78A	https://pathoplexus.org/seq/PP_005F78A	KF864667.1	https://www.ncbi.nlm.nih.gov/nuccore/KF864667.1	https://pathoplexus.org/about/terms-of-use/open-data	
PP_005FBDW|2001	representatives	PP_005FBDW	https://pathoplexus.org/seq/PP_005FBDW	Cambodia	Cambodia	OPEN		https://pathoplexus.org/about/terms-of-use/open-data	PP_005FBDW	https://pathoplexus.org/seq/PP_005FBDW	KF955406.1	https://www.ncbi.nlm.nih.gov/nuccore/KF955406.1	https://pathoplexus.org/about/terms-of-use/open-data	
PP_005FBXT|2007	representatives	PP_005FBXT	https://pathoplexus.org/seq/PP_005FBXT	Mexico	Mexico	OPEN		https://pathoplexus.org/about/terms-of-use/open-data	PP_005FBXT	https://pathoplexus.org/seq/PP_005FBXT	KF955424.1	https://www.ncbi.nlm.nih.gov/nuccore/KF955424.1	https://pathoplexus.org/about/terms-of-use/open-data	
PP_005FCA1|1998	representatives	PP_005FCA1	https://pathoplexus.org/seq/PP_005FCA1	Puerto Rico	Puerto Rico	OPEN		https://pathoplexus.org/about/terms-of-use/open-data	PP_005FCA1	https://pathoplexus.org/seq/PP_005FCA1	KF955437.1	https://www.ncbi.nlm.nih.gov/nuccore/KF955437.1	https://pathoplexus.org/about/terms-of-use/open-data	
PP_005FCBZ|1998	representatives	PP_005FCBZ	https://pathoplexus.org/seq/PP_005FCBZ	Puerto Rico	Puerto Rico	OPEN		https://pathoplexus.org/about/terms-of-use/open-data	PP_005FCBZ	https://pathoplexus.org/seq/PP_005FCBZ	KF955438.1	https://www.ncbi.nlm.nih.gov/nuccore/KF955438.1	https://pathoplexus.org/about/terms-of-use/open-data	
PP_005FCCX|1995	representatives	PP_005FCCX	https://pathoplexus.org/seq/PP_005FCCX	Puerto Rico	Puerto Rico	OPEN		https://pathoplexus.org/about/terms-of-use/open-data	PP_005FCCX	https://pathoplexus.org/seq/PP_005FCCX	KF955439.1	https://www.ncbi.nlm.nih.gov/nuccore/KF955439.1	https://pathoplexus.org/about/terms-of-use/open-data	
PP_005FFR1|2013-08-23	representatives	PP_005FFR1	https://pathoplexus.org/seq/PP_005FFR1	China	China	OPEN		https://pathoplexus.org/about/terms-of-use/open-data	PP_005FFR1	https://pathoplexus.org/seq/PP_005FFR1	KF971870.1	https://www.ncbi.nlm.nih.gov/nuccore/KF971870.1	https://pathoplexus.org/about/terms-of-use/open-data	
PP_005FJQ0|1998	representatives	PP_005FJQ0	https://pathoplexus.org/seq/PP_005FJQ0	Colombia	Colombia	OPEN		https://pathoplexus.org/about/terms-of-use/open-data	PP_005FJQ0	https://pathoplexus.org/seq/PP_005FJQ0	KJ189303.1	https://www.ncbi.nlm.nih.gov/nuccore/KJ189303.1	https://pathoplexus.org/about/terms-of-use/open-data	
PP_005FJRY|2005	representatives	PP_005FJRY	https://pathoplexus.org/seq/PP_005FJRY	Colombia	Colombia	OPEN		https://pathoplexus.org/about/terms-of-use/open-data	PP_005FJRY	https://pathoplexus.org/seq/PP_005FJRY	KJ189304.1	https://www.ncbi.nlm.nih.gov/nuccore/KJ189304.1	https://pathoplexus.org/about/terms-of-use/open-data	
PP_005FL7Z|2012	representatives	PP_005FL7Z	https://pathoplexus.org/seq/PP_005FL7Z	Puerto Rico	Puerto Rico	OPEN		https://pathoplexus.org/about/terms-of-use/open-data	PP_005FL7Z	https://pathoplexus.org/seq/PP_005FL7Z	KJ189354.1	https://www.ncbi.nlm.nih.gov/nuccore/KJ189354.1	https://pathoplexus.org/about/terms-of-use/open-data	
PP_005FLDM|2010	representatives	PP_005FLDM	https://pathoplexus.org/seq/PP_005FLDM	Puerto Rico	Puerto Rico	OPEN		https://pathoplexus.org/about/terms-of-use/open-data	PP_005FLDM	https://pathoplexus.org/seq/PP_005FLDM	KJ189360.1	https://www.ncbi.nlm.nih.gov/nuccore/KJ189360.1	https://pathoplexus.org/about/terms-of-use/open-data	
PP_005FLFH|2010	representatives	PP_005FLFH	https://pathoplexus.org/seq/PP_005FLFH	Puerto Rico	Puerto Rico	OPEN		https://pathoplexus.org/about/terms-of-use/open-data	PP_005FLFH	https://pathoplexus.org/seq/PP_005FLFH	KJ189362.1	https://www.ncbi.nlm.nih.gov/nuccore/KJ189362.1	https://pathoplexus.org/about/terms-of-use/open-data	
PP_005FLGF|2010	representatives	PP_005FLGF	https://pathoplexus.org/seq/PP_005FLGF	Puerto Rico	Puerto Rico	OPEN		https://pathoplexus.org/about/terms-of-use/open-data	PP_005FLGF	https://pathoplexus.org/seq/PP_005FLGF	KJ189363.1	https://www.ncbi.nlm.nih.gov/nuccore/KJ189363.1	https://pathoplexus.org/about/terms-of-use/open-data	
PP_005FLK8|2010	representatives	PP_005FLK8	https://pathoplexus.org/seq/PP_005FLK8	Puerto Rico	Puerto Rico	OPEN		https://pathoplexus.org/about/terms-of-use/open-data	PP_005FLK8	https://pathoplexus.org/seq/PP_005FLK8	KJ189366.1	https://www.ncbi.nlm.nih.gov/nuccore/KJ189366.1	https://pathoplexus.org/about/terms-of-use/open-data	
PP_005FV5U|2013-07	representatives	PP_005FV5U	https://pathoplexus.org/seq/PP_005FV5U	India	India	OPEN		https://pathoplexus.org/about/terms-of-use/open-data	PP_005FV5U	https://pathoplexus.org/seq/PP_005FV5U	KJ755855.1	https://www.ncbi.nlm.nih.gov/nuccore/KJ755855.1	https://pathoplexus.org/about/terms-of-use/open-data	
PP_005G0D5|2013	representatives	PP_005G0D5	https://pathoplexus.org/seq/PP_005G0D5	Singapore	Singapore	OPEN		https://pathoplexus.org/about/terms-of-use/open-data	PP_005G0D5	https://pathoplexus.org/seq/PP_005G0D5	KJ806950.2	https://www.ncbi.nlm.nih.gov/nuccore/KJ806950.2	https://pathoplexus.org/about/terms-of-use/open-data	
PP_005GRDE|2010-10-13	representatives	PP_005GRDE	https://pathoplexus.org/seq/PP_005GRDE	Brazil	Brazil	OPEN		https://pathoplexus.org/about/terms-of-use/open-data	PP_005GRDE	https://pathoplexus.org/seq/PP_005GRDE	KP188539.1	https://www.ncbi.nlm.nih.gov/nuccore/KP188539.1	https://pathoplexus.org/about/terms-of-use/open-data	
PP_005GVZ3|2004	representatives	PP_005GVZ3	https://pathoplexus.org/seq/PP_005GVZ3	South Korea	South Korea	OPEN		https://pathoplexus.org/about/terms-of-use/open-data	PP_005GVZ3	https://pathoplexus.org/seq/PP_005GVZ3	KP406801.1	https://www.ncbi.nlm.nih.gov/nuccore/KP406801.1	https://pathoplexus.org/about/terms-of-use/open-data	
PP_005GW1Z|2006	representatives	PP_005GW1Z	https://pathoplexus.org/seq/PP_005GW1Z	South Korea	South Korea	OPEN		https://pathoplexus.org/about/terms-of-use/open-data	PP_005GW1Z	https://pathoplexus.org/seq/PP_005GW1Z	KP406803.1	https://www.ncbi.nlm.nih.gov/nuccore/KP406803.1	https://pathoplexus.org/about/terms-of-use/open-data	
PP_005HTUC|2014	representatives	PP_005HTUC	https://pathoplexus.org/seq/PP_005HTUC	Brunei	Brunei	OPEN		https://pathoplexus.org/about/terms-of-use/open-data	PP_005HTUC	https://pathoplexus.org/seq/PP_005HTUC	KR919820.1	https://www.ncbi.nlm.nih.gov/nuccore/KR919820.1	https://pathoplexus.org/about/terms-of-use/open-data	
PP_005JKPU|2002	representatives	PP_005JKPU	https://pathoplexus.org/seq/PP_005JKPU	China	China	OPEN		https://pathoplexus.org/about/terms-of-use/open-data	PP_005JKPU	https://pathoplexus.org/seq/PP_005JKPU	KT827364.1	https://www.ncbi.nlm.nih.gov/nuccore/KT827364.1	https://pathoplexus.org/about/terms-of-use/open-data	
PP_005JKQS|2006	representatives	PP_005JKQS	https://pathoplexus.org/seq/PP_005JKQS	China	China	OPEN		https://pathoplexus.org/about/terms-of-use/open-data	PP_005JKQS	https://pathoplexus.org/seq/PP_005JKQS	KT827365.1	https://www.ncbi.nlm.nih.gov/nuccore/KT827365.1	https://pathoplexus.org/about/terms-of-use/open-data	
PP_005JKUJ|2011	representatives	PP_005JKUJ	https://pathoplexus.org/seq/PP_005JKUJ	China	China	OPEN		https://pathoplexus.org/about/terms-of-use/open-data	PP_005JKUJ	https://pathoplexus.org/seq/PP_005JKUJ	KT827369.1	https://www.ncbi.nlm.nih.gov/nuccore/KT827369.1	https://pathoplexus.org/about/terms-of-use/open-data	
PP_005JZRA|2012	representatives	PP_005JZRA	https://pathoplexus.org/seq/PP_005JZRA	Jamaica	Jamaica	OPEN		https://pathoplexus.org/about/terms-of-use/open-data	PP_005JZRA	https://pathoplexus.org/seq/PP_005JZRA	KU509249.1	https://www.ncbi.nlm.nih.gov/nuccore/KU509249.1	https://pathoplexus.org/about/terms-of-use/open-data	
PP_005K00Q|2010	representatives	PP_005K00Q	https://pathoplexus.org/seq/PP_005K00Q	Eritrea	Eritrea	OPEN		https://pathoplexus.org/about/terms-of-use/open-data	PP_005K00Q	https://pathoplexus.org/seq/PP_005K00Q	KU509258.1	https://www.ncbi.nlm.nih.gov/nuccore/KU509258.1	https://pathoplexus.org/about/terms-of-use/open-data	
PP_005K02L|2008	representatives	PP_005K02L	https://pathoplexus.org/seq/PP_005K02L	Cambodia	Cambodia	OPEN		https://pathoplexus.org/about/terms-of-use/open-data	PP_005K02L	https://pathoplexus.org/seq/PP_005K02L	KU509260.1	https://www.ncbi.nlm.nih.gov/nuccore/KU509260.1	https://pathoplexus.org/about/terms-of-use/open-data	
PP_005K03J|2010	representatives	PP_005K03J	https://pathoplexus.org/seq/PP_005K03J	Indonesia	Indonesia	OPEN		https://pathoplexus.org/about/terms-of-use/open-data	PP_005K03J	https://pathoplexus.org/seq/PP_005K03J	KU509261.1	https://www.ncbi.nlm.nih.gov/nuccore/KU509261.1	https://pathoplexus.org/about/terms-of-use/open-data	
PP_005L3YN|2012	representatives	PP_005L3YN	https://pathoplexus.org/seq/PP_005L3YN	Indonesia	Indonesia	OPEN		https://pathoplexus.org/about/terms-of-use/open-data	PP_005L3YN	https://pathoplexus.org/seq/PP_005L3YN	KY057367.1	https://www.ncbi.nlm.nih.gov/nuccore/KY057367.1	https://pathoplexus.org/about/terms-of-use/open-data	
PP_005L40J|2012	representatives	PP_005L40J	https://pathoplexus.org/seq/PP_005L40J	Indonesia	Indonesia	OPEN		https://pathoplexus.org/about/terms-of-use/open-data	PP_005L40J	https://pathoplexus.org/seq/PP_005L40J	KY057369.1	https://www.ncbi.nlm.nih.gov/nuccore/KY057369.1	https://pathoplexus.org/about/terms-of-use/open-data	
PP_005NWVX|2014	representatives	PP_005NWVX	https://pathoplexus.org/seq/PP_005NWVX	Ecuador	Ecuador	OPEN		https://pathoplexus.org/about/terms-of-use/open-data	PP_005NWVX	https://pathoplexus.org/seq/PP_005NWVX	KY474306.1	https://www.ncbi.nlm.nih.gov/nuccore/KY474306.1	https://pathoplexus.org/about/terms-of-use/open-data	
PP_005NWWV|2014	representatives	PP_005NWWV	https://pathoplexus.org/seq/PP_005NWWV	Ecuador	Ecuador	OPEN		https://pathoplexus.org/about/terms-of-use/open-data	PP_005NWWV	https://pathoplexus.org/seq/PP_005NWWV	KY474307.1	https://www.ncbi.nlm.nih.gov/nuccore/KY474307.1	https://pathoplexus.org/about/terms-of-use/open-data	
PP_005P238|2006	representatives	PP_005P238	https://pathoplexus.org/seq/PP_005P238	Thailand	Thailand	OPEN		https://pathoplexus.org/about/terms-of-use/open-data	PP_005P238	https://pathoplexus.org/seq/PP_005P238	KY586333.1	https://www.ncbi.nlm.nih.gov/nuccore/KY586333.1	https://pathoplexus.org/about/terms-of-use/open-data	
PP_005P246|2008	representatives	PP_005P246	https://pathoplexus.org/seq/PP_005P246	Thailand	Thailand	OPEN		https://pathoplexus.org/about/terms-of-use/open-data	PP_005P246	https://pathoplexus.org/seq/PP_005P246	KY586334.1	https://www.ncbi.nlm.nih.gov/nuccore/KY586334.1	https://pathoplexus.org/about/terms-of-use/open-data	
PP_005P329|2001	representatives	PP_005P329	https://pathoplexus.org/seq/PP_005P329	Thailand	Thailand	OPEN		https://pathoplexus.org/about/terms-of-use/open-data	PP_005P329	https://pathoplexus.org/seq/PP_005P329	KY586366.1	https://www.ncbi.nlm.nih.gov/nuccore/KY586366.1	https://pathoplexus.org/about/terms-of-use/open-data	
PP_005P3K8|2006	representatives	PP_005P3K8	https://pathoplexus.org/seq/PP_005P3K8	Thailand	Thailand	OPEN		https://pathoplexus.org/about/terms-of-use/open-data	PP_005P3K8	https://pathoplexus.org/seq/PP_005P3K8	KY586383.1	https://www.ncbi.nlm.nih.gov/nuccore/KY586383.1	https://pathoplexus.org/about/terms-of-use/open-data	
PP_005P3YG|2004	representatives	PP_005P3YG	https://pathoplexus.org/seq/PP_005P3YG	Thailand	Thailand	OPEN		https://pathoplexus.org/about/terms-of-use/open-data	PP_005P3YG	https://pathoplexus.org/seq/PP_005P3YG	KY586396.1	https://www.ncbi.nlm.nih.gov/nuccore/KY586396.1	https://pathoplexus.org/about/terms-of-use/open-data	
PP_005P7DH|2000	representatives	PP_005P7DH	https://pathoplexus.org/seq/PP_005P7DH	Thailand	Thailand	OPEN		https://pathoplexus.org/about/terms-of-use/open-data	PP_005P7DH	https://pathoplexus.org/seq/PP_005P7DH	KY586513.1	https://www.ncbi.nlm.nih.gov/nuccore/KY586513.1	https://pathoplexus.org/about/terms-of-use/open-data	
PP_005P7GB|1998	representatives	PP_005P7GB	https://pathoplexus.org/seq/PP_005P7GB	Thailand	Thailand	OPEN		https://pathoplexus.org/about/terms-of-use/open-data	PP_005P7GB	https://pathoplexus.org/seq/PP_005P7GB	KY586516.1	https://www.ncbi.nlm.nih.gov/nuccore/KY586516.1	https://pathoplexus.org/about/terms-of-use/open-data	
PP_005P7UL|2002	representatives	PP_005P7UL	https://pathoplexus.org/seq/PP_005P7UL	Thailand	Thailand	OPEN		https://pathoplexus.org/about/terms-of-use/open-data	PP_005P7UL	https://pathoplexus.org/seq/PP_005P7UL	KY586528.1	https://www.ncbi.nlm.nih.gov/nuccore/KY586528.1	https://pathoplexus.org/about/terms-of-use/open-data	
PP_005P7WG|2002	representatives	PP_005P7WG	https://pathoplexus.org/seq/PP_005P7WG	Thailand	Thailand	OPEN		https://pathoplexus.org/about/terms-of-use/open-data	PP_005P7WG	https://pathoplexus.org/seq/PP_005P7WG	KY586530.1	https://www.ncbi.nlm.nih.gov/nuccore/KY586530.1	https://pathoplexus.org/about/terms-of-use/open-data	
PP_005P8BL|2004	representatives	PP_005P8BL	https://pathoplexus.org/seq/PP_005P8BL	Thailand	Thailand	OPEN		https://pathoplexus.org/about/terms-of-use/open-data	PP_005P8BL	https://pathoplexus.org/seq/PP_005P8BL	KY586545.1	https://www.ncbi.nlm.nih.gov/nuccore/KY586545.1	https://pathoplexus.org/about/terms-of-use/open-data	
PP_005PSXV|2010-07-06	representatives	PP_005PSXV	https://pathoplexus.org/seq/PP_005PSXV	Laos	Laos	OPEN		https://pathoplexus.org/about/terms-of-use/open-data	PP_005PSXV	https://pathoplexus.org/seq/PP_005PSXV	KY849723.1	https://www.ncbi.nlm.nih.gov/nuccore/KY849723.1	https://pathoplexus.org/about/terms-of-use/open-data	
PP_005QMJQ|2017	representatives	PP_005QMJQ	https://pathoplexus.org/seq/PP_005QMJQ	Viet Nam	Vietnam	OPEN		https://pathoplexus.org/about/terms-of-use/open-data	PP_005QMJQ	https://pathoplexus.org/seq/PP_005QMJQ	LC428075.1	https://www.ncbi.nlm.nih.gov/nuccore/LC428075.1	https://pathoplexus.org/about/terms-of-use/open-data	
PP_005QPGT|2017-11	representatives	PP_005QPGT	https://pathoplexus.org/seq/PP_005QPGT	Bangladesh	Bangladesh	OPEN		https://pathoplexus.org/about/terms-of-use/open-data	PP_005QPGT	https://pathoplexus.org/seq/PP_005QPGT	LC436668.1	https://www.ncbi.nlm.nih.gov/nuccore/LC436668.1	https://pathoplexus.org/about/terms-of-use/open-data	
PP_005QUKF|2021-06-30	representatives	PP_005QUKF	https://pathoplexus.org/seq/PP_005QUKF	Gabon	Gabon	OPEN		https://pathoplexus.org/about/terms-of-use/open-data	PP_005QUKF	https://pathoplexus.org/seq/PP_005QUKF	LC707382.1	https://www.ncbi.nlm.nih.gov/nuccore/LC707382.1	https://pathoplexus.org/about/terms-of-use/open-data	
PP_005RK5H|2012-03	representatives	PP_005RK5H	https://pathoplexus.org/seq/PP_005RK5H	Singapore	Singapore	OPEN		https://pathoplexus.org/about/terms-of-use/open-data	PP_005RK5H	https://pathoplexus.org/seq/PP_005RK5H	MF033197.1	https://www.ncbi.nlm.nih.gov/nuccore/MF033197.1	https://pathoplexus.org/about/terms-of-use/open-data	
PP_005RKFX|2013-04	representatives	PP_005RKFX	https://pathoplexus.org/seq/PP_005RKFX	Singapore	Singapore	OPEN		https://pathoplexus.org/about/terms-of-use/open-data	PP_005RKFX	https://pathoplexus.org/seq/PP_005RKFX	MF033207.1	https://www.ncbi.nlm.nih.gov/nuccore/MF033207.1	https://pathoplexus.org/about/terms-of-use/open-data	
PP_005RKLL|2013-12	representatives	PP_005RKLL	https://pathoplexus.org/seq/PP_005RKLL	Singapore	Singapore	OPEN		https://pathoplexus.org/about/terms-of-use/open-data	PP_005RKLL	https://pathoplexus.org/seq/PP_005RKLL	MF033212.1	https://www.ncbi.nlm.nih.gov/nuccore/MF033212.1	https://pathoplexus.org/about/terms-of-use/open-data	
PP_005SQ4C|2016	representatives	PP_005SQ4C	https://pathoplexus.org/seq/PP_005SQ4C	India	India	OPEN		https://pathoplexus.org/about/terms-of-use/open-data	PP_005SQ4C	https://pathoplexus.org/seq/PP_005SQ4C	MG721063.2	https://www.ncbi.nlm.nih.gov/nuccore/MG721063.2	https://pathoplexus.org/about/terms-of-use/open-data	
PP_005SVEM|2014-12	representatives	PP_005SVEM	https://pathoplexus.org/seq/PP_005SVEM	Malaysia	Malaysia	OPEN		https://pathoplexus.org/about/terms-of-use/open-data	PP_005SVEM	https://pathoplexus.org/seq/PP_005SVEM	MH048670.1	https://www.ncbi.nlm.nih.gov/nuccore/MH048670.1	https://pathoplexus.org/about/terms-of-use/open-data	
PP_005T0UK|2015	representatives	PP_005T0UK	https://pathoplexus.org/seq/PP_005T0UK	China	China	OPEN		https://pathoplexus.org/about/terms-of-use/open-data	PP_005T0UK	https://pathoplexus.org/seq/PP_005T0UK	MG840544.1	https://www.ncbi.nlm.nih.gov/nuccore/MG840544.1	https://pathoplexus.org/about/terms-of-use/open-data	
PP_005T1L0|2016	representatives	PP_005T1L0	https://pathoplexus.org/seq/PP_005T1L0	China	China	OPEN		https://pathoplexus.org/about/terms-of-use/open-data	PP_005T1L0	https://pathoplexus.org/seq/PP_005T1L0	MG840570.1	https://www.ncbi.nlm.nih.gov/nuccore/MG840570.1	https://pathoplexus.org/about/terms-of-use/open-data	
PP_005T1UJ|2017	representatives	PP_005T1UJ	https://pathoplexus.org/seq/PP_005T1UJ	China	China	OPEN		https://pathoplexus.org/about/terms-of-use/open-data	PP_005T1UJ	https://pathoplexus.org/seq/PP_005T1UJ	MG840578.1	https://www.ncbi.nlm.nih.gov/nuccore/MG840578.1	https://pathoplexus.org/about/terms-of-use/open-data	
PP_005T49L|2012	representatives	PP_005T49L	https://pathoplexus.org/seq/PP_005T49L	Haiti	Haiti	OPEN		https://pathoplexus.org/about/terms-of-use/open-data	PP_005T49L	https://pathoplexus.org/seq/PP_005T49L	MG877553.1	https://www.ncbi.nlm.nih.gov/nuccore/MG877553.1	https://pathoplexus.org/about/terms-of-use/open-data	
PP_005T4DC|2012	representatives	PP_005T4DC	https://pathoplexus.org/seq/PP_005T4DC	Gabon	Gabon	OPEN		https://pathoplexus.org/about/terms-of-use/open-data	PP_005T4DC	https://pathoplexus.org/seq/PP_005T4DC	MG877557.1	https://www.ncbi.nlm.nih.gov/nuccore/MG877557.1	https://pathoplexus.org/about/terms-of-use/open-data	
PP_005U4MT|2015-10-02	representatives	PP_005U4MT	https://pathoplexus.org/seq/PP_005U4MT	Venezuela	Venezuela	OPEN		https://pathoplexus.org/about/terms-of-use/open-data	PP_005U4MT	https://pathoplexus.org/seq/PP_005U4MT	MH450303.1	https://www.ncbi.nlm.nih.gov/nuccore/MH450303.1	https://pathoplexus.org/about/terms-of-use/open-data	
PP_005VN80|2012	representatives	PP_005VN80	https://pathoplexus.org/seq/PP_005VN80	India	India	OPEN		https://pathoplexus.org/about/terms-of-use/open-data	PP_005VN80	https://pathoplexus.org/seq/PP_005VN80	MH822959.2	https://www.ncbi.nlm.nih.gov/nuccore/MH822959.2	https://pathoplexus.org/about/terms-of-use/open-data	
PP_005VTXG|2017-10-22	representatives	PP_005VTXG	https://pathoplexus.org/seq/PP_005VTXG	India	India	OPEN		https://pathoplexus.org/about/terms-of-use/open-data	PP_005VTXG	https://pathoplexus.org/seq/PP_005VTXG	MH891771.1	https://www.ncbi.nlm.nih.gov/nuccore/MH891771.1	https://pathoplexus.org/about/terms-of-use/open-data	
PP_005VUAQ|2016	representatives	PP_005VUAQ	https://pathoplexus.org/seq/PP_005VUAQ	Australia	Australia	OPEN		https://pathoplexus.org/about/terms-of-use/open-data	PP_005VUAQ	https://pathoplexus.org/seq/PP_005VUAQ	MH921567.1	https://www.ncbi.nlm.nih.gov/nuccore/MH921567.1	https://pathoplexus.org/about/terms-of-use/open-data	
PP_005W9HS|2017-04-22	representatives	PP_005W9HS	https://pathoplexus.org/seq/PP_005W9HS	India	India	OPEN		https://pathoplexus.org/about/terms-of-use/open-data	PP_005W9HS	https://pathoplexus.org/seq/PP_005W9HS	MK588397.1	https://www.ncbi.nlm.nih.gov/nuccore/MK588397.1	https://pathoplexus.org/about/terms-of-use/open-data	
PP_005WJGL|2016-08-26	representatives	PP_005WJGL	https://pathoplexus.org/seq/PP_005WJGL	India	India	OPEN		https://pathoplexus.org/about/terms-of-use/open-data	PP_005WJGL	https://pathoplexus.org/seq/PP_005WJGL	MK858117.2	https://www.ncbi.nlm.nih.gov/nuccore/MK858117.2	https://pathoplexus.org/about/terms-of-use/open-data	
PP_005WJVT|2016-10-25	representatives	PP_005WJVT	https://pathoplexus.org/seq/PP_005WJVT	India	India	OPEN		https://pathoplexus.org/about/terms-of-use/open-data	PP_005WJVT	https://pathoplexus.org/seq/PP_005WJVT	MK858130.1	https://www.ncbi.nlm.nih.gov/nuccore/MK858130.1	https://pathoplexus.org/about/terms-of-use/open-data	
PP_005WNN3|2015-09-10	representatives	PP_005WNN3	https://pathoplexus.org/seq/PP_005WNN3	China	China	OPEN		https://pathoplexus.org/about/terms-of-use/open-data	PP_005WNN3	https://pathoplexus.org/seq/PP_005WNN3	MN018296.1	https://www.ncbi.nlm.nih.gov/nuccore/MN018296.1	https://pathoplexus.org/about/terms-of-use/open-data	
PP_005WPJA|2017-09-19	representatives	PP_005WPJA	https://pathoplexus.org/seq/PP_005WPJA	China	China	OPEN		https://pathoplexus.org/about/terms-of-use/open-data	PP_005WPJA	https://pathoplexus.org/seq/PP_005WPJA	MN018326.1	https://www.ncbi.nlm.nih.gov/nuccore/MN018326.1	https://pathoplexus.org/about/terms-of-use/open-data	
PP_005WPRW|2016-02-25	representatives	PP_005WPRW	https://pathoplexus.org/seq/PP_005WPRW	China	China	OPEN		https://pathoplexus.org/about/terms-of-use/open-data	PP_005WPRW	https://pathoplexus.org/seq/PP_005WPRW	MN018333.1	https://www.ncbi.nlm.nih.gov/nuccore/MN018333.1	https://pathoplexus.org/about/terms-of-use/open-data	
PP_005WWCG|2011	representatives	PP_005WWCG	https://pathoplexus.org/seq/PP_005WWCG	Trinidad and Tobago	Trinidad and Tobago	OPEN		https://pathoplexus.org/about/terms-of-use/open-data	PP_005WWCG	https://pathoplexus.org/seq/PP_005WWCG	MN244560.1	https://www.ncbi.nlm.nih.gov/nuccore/MN244560.1	https://pathoplexus.org/about/terms-of-use/open-data	
PP_005WWH5|2013	representatives	PP_005WWH5	https://pathoplexus.org/seq/PP_005WWH5	Trinidad and Tobago	Trinidad and Tobago	OPEN		https://pathoplexus.org/about/terms-of-use/open-data	PP_005WWH5	https://pathoplexus.org/seq/PP_005WWH5	MN244565.1	https://www.ncbi.nlm.nih.gov/nuccore/MN244565.1	https://pathoplexus.org/about/terms-of-use/open-data	
PP_005X3GZ|2010-08-03	representatives	PP_005X3GZ	https://pathoplexus.org/seq/PP_005X3GZ	Thailand	Thailand	OPEN		https://pathoplexus.org/about/terms-of-use/open-data	PP_005X3GZ	https://pathoplexus.org/seq/PP_005X3GZ	MN448635.1	https://www.ncbi.nlm.nih.gov/nuccore/MN448635.1	https://pathoplexus.org/about/terms-of-use/open-data	
PP_005X55K|2012-10-01	representatives	PP_005X55K	https://pathoplexus.org/seq/PP_005X55K	Thailand	Thailand	OPEN		https://pathoplexus.org/about/terms-of-use/open-data	PP_005X55K	https://pathoplexus.org/seq/PP_005X55K	MN448692.1	https://www.ncbi.nlm.nih.gov/nuccore/MN448692.1	https://pathoplexus.org/about/terms-of-use/open-data	
PP_005XG58|2019-09-01	representatives	PP_005XG58	https://pathoplexus.org/seq/PP_005XG58	China	China	OPEN		https://pathoplexus.org/about/terms-of-use/open-data	PP_005XG58	https://pathoplexus.org/seq/PP_005XG58	MN556094.1	https://www.ncbi.nlm.nih.gov/nuccore/MN556094.1	https://pathoplexus.org/about/terms-of-use/open-data	
PP_005XGWR|2019-07	representatives	PP_005XGWR	https://pathoplexus.org/seq/PP_005XGWR	Italy	Italy	OPEN		https://pathoplexus.org/about/terms-of-use/open-data	PP_005XGWR	https://pathoplexus.org/seq/PP_005XGWR	MN577472.1	https://www.ncbi.nlm.nih.gov/nuccore/MN577472.1	https://pathoplexus.org/about/terms-of-use/open-data	
PP_005XMYG|2018-10	representatives	PP_005XMYG	https://pathoplexus.org/seq/PP_005XMYG	China	China	OPEN		https://pathoplexus.org/about/terms-of-use/open-data	PP_005XMYG	https://pathoplexus.org/seq/PP_005XMYG	MN639764.1	https://www.ncbi.nlm.nih.gov/nuccore/MN639764.1	https://pathoplexus.org/about/terms-of-use/open-data	
PP_005XMZE|2018-10	representatives	PP_005XMZE	https://pathoplexus.org/seq/PP_005XMZE	China	China	OPEN		https://pathoplexus.org/about/terms-of-use/open-data	PP_005XMZE	https://pathoplexus.org/seq/PP_005XMZE	MN639765.1	https://www.ncbi.nlm.nih.gov/nuccore/MN639765.1	https://pathoplexus.org/about/terms-of-use/open-data	
PP_005XN0C|2018-10	representatives	PP_005XN0C	https://pathoplexus.org/seq/PP_005XN0C	China	China	OPEN		https://pathoplexus.org/about/terms-of-use/open-data	PP_005XN0C	https://pathoplexus.org/seq/PP_005XN0C	MN639766.1	https://www.ncbi.nlm.nih.gov/nuccore/MN639766.1	https://pathoplexus.org/about/terms-of-use/open-data	
PP_005XN1A|2018-10	representatives	PP_005XN1A	https://pathoplexus.org/seq/PP_005XN1A	China	China	OPEN		https://pathoplexus.org/about/terms-of-use/open-data	PP_005XN1A	https://pathoplexus.org/seq/PP_005XN1A	MN639767.1	https://www.ncbi.nlm.nih.gov/nuccore/MN639767.1	https://pathoplexus.org/about/terms-of-use/open-data	
PP_005XWX9|2017-07-18	representatives	PP_005XWX9	https://pathoplexus.org/seq/PP_005XWX9	Viet Nam	Vietnam	OPEN		https://pathoplexus.org/about/terms-of-use/open-data	PP_005XWX9	https://pathoplexus.org/seq/PP_005XWX9	MN912163.1	https://www.ncbi.nlm.nih.gov/nuccore/MN912163.1	https://pathoplexus.org/about/terms-of-use/open-data	
PP_005XWZ5|2017-07-18	representatives	PP_005XWZ5	https://pathoplexus.org/seq/PP_005XWZ5	Viet Nam	Vietnam	OPEN		https://pathoplexus.org/about/terms-of-use/open-data	PP_005XWZ5	https://pathoplexus.org/seq/PP_005XWZ5	MN912165.1	https://www.ncbi.nlm.nih.gov/nuccore/MN912165.1	https://pathoplexus.org/about/terms-of-use/open-data	
PP_005XX2Z|2017-07-18	representatives	PP_005XX2Z	https://pathoplexus.org/seq/PP_005XX2Z	Viet Nam	Vietnam	OPEN		https://pathoplexus.org/about/terms-of-use/open-data	PP_005XX2Z	https://pathoplexus.org/seq/PP_005XX2Z	MN912168.1	https://www.ncbi.nlm.nih.gov/nuccore/MN912168.1	https://pathoplexus.org/about/terms-of-use/open-data	
PP_005XX3X|2017-07-18	representatives	PP_005XX3X	https://pathoplexus.org/seq/PP_005XX3X	Viet Nam	Vietnam	OPEN		https://pathoplexus.org/about/terms-of-use/open-data	PP_005XX3X	https://pathoplexus.org/seq/PP_005XX3X	MN912169.1	https://www.ncbi.nlm.nih.gov/nuccore/MN912169.1	https://pathoplexus.org/about/terms-of-use/open-data	
PP_005XXAH|2017-07-18	representatives	PP_005XXAH	https://pathoplexus.org/seq/PP_005XXAH	Viet Nam	Vietnam	OPEN		https://pathoplexus.org/about/terms-of-use/open-data	PP_005XXAH	https://pathoplexus.org/seq/PP_005XXAH	MN912176.1	https://www.ncbi.nlm.nih.gov/nuccore/MN912176.1	https://pathoplexus.org/about/terms-of-use/open-data	
PP_005XXCD|2017-07-31	representatives	PP_005XXCD	https://pathoplexus.org/seq/PP_005XXCD	Viet Nam	Vietnam	OPEN		https://pathoplexus.org/about/terms-of-use/open-data	PP_005XXCD	https://pathoplexus.org/seq/PP_005XXCD	MN912178.1	https://www.ncbi.nlm.nih.gov/nuccore/MN912178.1	https://pathoplexus.org/about/terms-of-use/open-data	
PP_005XXG5|2017-07-31	representatives	PP_005XXG5	https://pathoplexus.org/seq/PP_005XXG5	Viet Nam	Vietnam	OPEN		https://pathoplexus.org/about/terms-of-use/open-data	PP_005XXG5	https://pathoplexus.org/seq/PP_005XXG5	MN912182.1	https://www.ncbi.nlm.nih.gov/nuccore/MN912182.1	https://pathoplexus.org/about/terms-of-use/open-data	
PP_005XXH2|2017-07-31	representatives	PP_005XXH2	https://pathoplexus.org/seq/PP_005XXH2	Viet Nam	Vietnam	OPEN		https://pathoplexus.org/about/terms-of-use/open-data	PP_005XXH2	https://pathoplexus.org/seq/PP_005XXH2	MN912183.1	https://www.ncbi.nlm.nih.gov/nuccore/MN912183.1	https://pathoplexus.org/about/terms-of-use/open-data	
PP_005XXKY|2017-07-31	representatives	PP_005XXKY	https://pathoplexus.org/seq/PP_005XXKY	Viet Nam	Vietnam	OPEN		https://pathoplexus.org/about/terms-of-use/open-data	PP_005XXKY	https://pathoplexus.org/seq/PP_005XXKY	MN912185.1	https://www.ncbi.nlm.nih.gov/nuccore/MN912185.1	https://pathoplexus.org/about/terms-of-use/open-data	
PP_005XXNS|2017-07-31	representatives	PP_005XXNS	https://pathoplexus.org/seq/PP_005XXNS	Viet Nam	Vietnam	OPEN		https://pathoplexus.org/about/terms-of-use/open-data	PP_005XXNS	https://pathoplexus.org/seq/PP_005XXNS	MN912188.1	https://www.ncbi.nlm.nih.gov/nuccore/MN912188.1	https://pathoplexus.org/about/terms-of-use/open-data	
PP_005XXSJ|2017-07-31	representatives	PP_005XXSJ	https://pathoplexus.org/seq/PP_005XXSJ	Viet Nam	Vietnam	OPEN		https://pathoplexus.org/about/terms-of-use/open-data	PP_005XXSJ	https://pathoplexus.org/seq/PP_005XXSJ	MN912192.1	https://www.ncbi.nlm.nih.gov/nuccore/MN912192.1	https://pathoplexus.org/about/terms-of-use/open-data	
PP_005YEJF|2019-01-20	representatives	PP_005YEJF	https://pathoplexus.org/seq/PP_005YEJF	China	China	OPEN		https://pathoplexus.org/about/terms-of-use/open-data	PP_005YEJF	https://pathoplexus.org/seq/PP_005YEJF	MN923098.1	https://www.ncbi.nlm.nih.gov/nuccore/MN923098.1	https://pathoplexus.org/about/terms-of-use/open-data	
PP_005YEN7|2019-05-09	representatives	PP_005YEN7	https://pathoplexus.org/seq/PP_005YEN7	China	China	OPEN		https://pathoplexus.org/about/terms-of-use/open-data	PP_005YEN7	https://pathoplexus.org/seq/PP_005YEN7	MN923102.1	https://www.ncbi.nlm.nih.gov/nuccore/MN923102.1	https://pathoplexus.org/about/terms-of-use/open-data	
PP_005YGP3|2014-07-24	representatives	PP_005YGP3	https://pathoplexus.org/seq/PP_005YGP3	China	China	OPEN		https://pathoplexus.org/about/terms-of-use/open-data	PP_005YGP3	https://pathoplexus.org/seq/PP_005YGP3	MN933654.1	https://www.ncbi.nlm.nih.gov/nuccore/MN933654.1	https://pathoplexus.org/about/terms-of-use/open-data	
PP_005YGRZ|2014-09-23	representatives	PP_005YGRZ	https://pathoplexus.org/seq/PP_005YGRZ	China	China	OPEN		https://pathoplexus.org/about/terms-of-use/open-data	PP_005YGRZ	https://pathoplexus.org/seq/PP_005YGRZ	MN933656.1	https://www.ncbi.nlm.nih.gov/nuccore/MN933656.1	https://pathoplexus.org/about/terms-of-use/open-data	
PP_005YH0F|2017-07-31	representatives	PP_005YH0F	https://pathoplexus.org/seq/PP_005YH0F	China	China	OPEN		https://pathoplexus.org/about/terms-of-use/open-data	PP_005YH0F	https://pathoplexus.org/seq/PP_005YH0F	MN933665.1	https://www.ncbi.nlm.nih.gov/nuccore/MN933665.1	https://pathoplexus.org/about/terms-of-use/open-data	
PP_005YH2B|2018-08-09	representatives	PP_005YH2B	https://pathoplexus.org/seq/PP_005YH2B	China	China	OPEN		https://pathoplexus.org/about/terms-of-use/open-data	PP_005YH2B	https://pathoplexus.org/seq/PP_005YH2B	MN933667.1	https://www.ncbi.nlm.nih.gov/nuccore/MN933667.1	https://pathoplexus.org/about/terms-of-use/open-data	
PP_005YH47|2018-10-16	representatives	PP_005YH47	https://pathoplexus.org/seq/PP_005YH47	China	China	OPEN		https://pathoplexus.org/about/terms-of-use/open-data	PP_005YH47	https://pathoplexus.org/seq/PP_005YH47	MN933669.1	https://www.ncbi.nlm.nih.gov/nuccore/MN933669.1	https://pathoplexus.org/about/terms-of-use/open-data	
PP_005YNVK|2019-11-16	representatives	PP_005YNVK	https://pathoplexus.org/seq/PP_005YNVK	China	China	OPEN		https://pathoplexus.org/about/terms-of-use/open-data	PP_005YNVK	https://pathoplexus.org/seq/PP_005YNVK	MN960676.1	https://www.ncbi.nlm.nih.gov/nuccore/MN960676.1	https://pathoplexus.org/about/terms-of-use/open-data	
PP_005ZF1D|2015	representatives	PP_005ZF1D	https://pathoplexus.org/seq/PP_005ZF1D	Philippines	Philippines	OPEN		https://pathoplexus.org/about/terms-of-use/open-data	PP_005ZF1D	https://pathoplexus.org/seq/PP_005ZF1D	MT832033.1	https://www.ncbi.nlm.nih.gov/nuccore/MT832033.1	https://pathoplexus.org/about/terms-of-use/open-data	
PP_005ZF63|2012	representatives	PP_005ZF63	https://pathoplexus.org/seq/PP_005ZF63	Philippines	Philippines	OPEN		https://pathoplexus.org/about/terms-of-use/open-data	PP_005ZF63	https://pathoplexus.org/seq/PP_005ZF63	MT832038.1	https://www.ncbi.nlm.nih.gov/nuccore/MT832038.1	https://pathoplexus.org/about/terms-of-use/open-data	
PP_005ZF71|2012	representatives	PP_005ZF71	https://pathoplexus.org/seq/PP_005ZF71	Philippines	Philippines	OPEN		https://pathoplexus.org/about/terms-of-use/open-data	PP_005ZF71	https://pathoplexus.org/seq/PP_005ZF71	MT832039.1	https://www.ncbi.nlm.nih.gov/nuccore/MT832039.1	https://pathoplexus.org/about/terms-of-use/open-data	
PP_005ZFEM|2013	representatives	PP_005ZFEM	https://pathoplexus.org/seq/PP_005ZFEM	Philippines	Philippines	OPEN		https://pathoplexus.org/about/terms-of-use/open-data	PP_005ZFEM	https://pathoplexus.org/seq/PP_005ZFEM	MT832046.1	https://www.ncbi.nlm.nih.gov/nuccore/MT832046.1	https://pathoplexus.org/about/terms-of-use/open-data	
PP_005ZKHA|2019-03-19	representatives	PP_005ZKHA	https://pathoplexus.org/seq/PP_005ZKHA	Brazil	Brazil	OPEN		https://pathoplexus.org/about/terms-of-use/open-data	PP_005ZKHA	https://pathoplexus.org/seq/PP_005ZKHA	MT862858.1	https://www.ncbi.nlm.nih.gov/nuccore/MT862858.1	https://pathoplexus.org/about/terms-of-use/open-data	
PP_005ZMFD|2019-04-08	representatives	PP_005ZMFD	https://pathoplexus.org/seq/PP_005ZMFD	Brazil	Brazil	OPEN		https://pathoplexus.org/about/terms-of-use/open-data	PP_005ZMFD	https://pathoplexus.org/seq/PP_005ZMFD	MT929541.1	https://www.ncbi.nlm.nih.gov/nuccore/MT929541.1	https://pathoplexus.org/about/terms-of-use/open-data	
PP_005ZNK3|2017-05-08	representatives	PP_005ZNK3	https://pathoplexus.org/seq/PP_005ZNK3	Brazil	Brazil	OPEN		https://pathoplexus.org/about/terms-of-use/open-data	PP_005ZNK3	https://pathoplexus.org/seq/PP_005ZNK3	MT929579.1	https://www.ncbi.nlm.nih.gov/nuccore/MT929579.1	https://pathoplexus.org/about/terms-of-use/open-data	
PP_00600JR|2016-06-19	representatives	PP_00600JR	https://pathoplexus.org/seq/PP_00600JR	Republic of the Congo	Republic of the Congo	OPEN		https://pathoplexus.org/about/terms-of-use/open-data	PP_00600JR	https://pathoplexus.org/seq/PP_00600JR	MW243006.1	https://www.ncbi.nlm.nih.gov/nuccore/MW243006.1	https://pathoplexus.org/about/terms-of-use/open-data	
PP_00600S9|2019-11-30	representatives	PP_00600S9	https://pathoplexus.org/seq/PP_00600S9	China	China	OPEN		https://pathoplexus.org/about/terms-of-use/open-data	PP_00600S9	https://pathoplexus.org/seq/PP_00600S9	MW261825.1	https://www.ncbi.nlm.nih.gov/nuccore/MW261825.1	https://pathoplexus.org/about/terms-of-use/open-data	
PP_00600U5|2019-11-30	representatives	PP_00600U5	https://pathoplexus.org/seq/PP_00600U5	China	China	OPEN		https://pathoplexus.org/about/terms-of-use/open-data	PP_00600U5	https://pathoplexus.org/seq/PP_00600U5	MW261827.1	https://www.ncbi.nlm.nih.gov/nuccore/MW261827.1	https://pathoplexus.org/about/terms-of-use/open-data	
PP_00601GV|2016-04-06	representatives	PP_00601GV	https://pathoplexus.org/seq/PP_00601GV	Cambodia	Cambodia	OPEN		https://pathoplexus.org/about/terms-of-use/open-data	PP_00601GV	https://pathoplexus.org/seq/PP_00601GV	MW265664.1	https://www.ncbi.nlm.nih.gov/nuccore/MW265664.1	https://pathoplexus.org/about/terms-of-use/open-data	
PP_00601HS|2016-08-07	representatives	PP_00601HS	https://pathoplexus.org/seq/PP_00601HS	Cambodia	Cambodia	OPEN		https://pathoplexus.org/about/terms-of-use/open-data	PP_00601HS	https://pathoplexus.org/seq/PP_00601HS	MW265665.1	https://www.ncbi.nlm.nih.gov/nuccore/MW265665.1	https://pathoplexus.org/about/terms-of-use/open-data	
PP_00601KN|2016-02-09	representatives	PP_00601KN	https://pathoplexus.org/seq/PP_00601KN	Cambodia	Cambodia	OPEN		https://pathoplexus.org/about/terms-of-use/open-data	PP_00601KN	https://pathoplexus.org/seq/PP_00601KN	MW265667.1	https://www.ncbi.nlm.nih.gov/nuccore/MW265667.1	https://pathoplexus.org/about/terms-of-use/open-data	
PP_0060298|2012-04-28	representatives	PP_0060298	https://pathoplexus.org/seq/PP_0060298	New Caledonia	New Caledonia	OPEN		https://pathoplexus.org/about/terms-of-use/open-data	PP_0060298	https://pathoplexus.org/seq/PP_0060298	MW265693.1	https://www.ncbi.nlm.nih.gov/nuccore/MW265693.1	https://pathoplexus.org/about/terms-of-use/open-data	
PP_00602A6|2012-05-16	representatives	PP_00602A6	https://pathoplexus.org/seq/PP_00602A6	New Caledonia	New Caledonia	OPEN		https://pathoplexus.org/about/terms-of-use/open-data	PP_00602A6	https://pathoplexus.org/seq/PP_00602A6	MW265694.1	https://www.ncbi.nlm.nih.gov/nuccore/MW265694.1	https://pathoplexus.org/about/terms-of-use/open-data	
PP_00602S7|2016-04-27	representatives	PP_00602S7	https://pathoplexus.org/seq/PP_00602S7	New Caledonia	New Caledonia	OPEN		https://pathoplexus.org/about/terms-of-use/open-data	PP_00602S7	https://pathoplexus.org/seq/PP_00602S7	MW265710.1	https://www.ncbi.nlm.nih.gov/nuccore/MW265710.1	https://pathoplexus.org/about/terms-of-use/open-data	
PP_0060975|2017-04-12	representatives	PP_0060975	https://pathoplexus.org/seq/PP_0060975	New Caledonia	New Caledonia	OPEN		https://pathoplexus.org/about/terms-of-use/open-data	PP_0060975	https://pathoplexus.org/seq/PP_0060975	MW315184.1	https://www.ncbi.nlm.nih.gov/nuccore/MW315184.1	https://pathoplexus.org/about/terms-of-use/open-data	
PP_00609BX|2017-03-17	representatives	PP_00609BX	https://pathoplexus.org/seq/PP_00609BX	New Caledonia	New Caledonia	OPEN		https://pathoplexus.org/about/terms-of-use/open-data	PP_00609BX	https://pathoplexus.org/seq/PP_00609BX	MW315188.1	https://www.ncbi.nlm.nih.gov/nuccore/MW315188.1	https://pathoplexus.org/about/terms-of-use/open-data	
PP_00609DT|2017-03-29	representatives	PP_00609DT	https://pathoplexus.org/seq/PP_00609DT	New Caledonia	New Caledonia	OPEN		https://pathoplexus.org/about/terms-of-use/open-data	PP_00609DT	https://pathoplexus.org/seq/PP_00609DT	MW315190.1	https://www.ncbi.nlm.nih.gov/nuccore/MW315190.1	https://pathoplexus.org/about/terms-of-use/open-data	
PP_00609ER|2017-03-24	representatives	PP_00609ER	https://pathoplexus.org/seq/PP_00609ER	New Caledonia	New Caledonia	OPEN		https://pathoplexus.org/about/terms-of-use/open-data	PP_00609ER	https://pathoplexus.org/seq/PP_00609ER	MW315191.1	https://www.ncbi.nlm.nih.gov/nuccore/MW315191.1	https://pathoplexus.org/about/terms-of-use/open-data	
PP_00609JG|2017-06-05	representatives	PP_00609JG	https://pathoplexus.org/seq/PP_00609JG	New Caledonia	New Caledonia	OPEN		https://pathoplexus.org/about/terms-of-use/open-data	PP_00609JG	https://pathoplexus.org/seq/PP_00609JG	MW315195.1	https://www.ncbi.nlm.nih.gov/nuccore/MW315195.1	https://pathoplexus.org/about/terms-of-use/open-data	
PP_0060EWM|2014-12-10	representatives	PP_0060EWM	https://pathoplexus.org/seq/PP_0060EWM	Brazil	Brazil	OPEN		https://pathoplexus.org/about/terms-of-use/open-data	PP_0060EWM	https://pathoplexus.org/seq/PP_0060EWM	MW377899.1	https://www.ncbi.nlm.nih.gov/nuccore/MW377899.1	https://pathoplexus.org/about/terms-of-use/open-data	
PP_0060FDM|2019-10	representatives	PP_0060FDM	https://pathoplexus.org/seq/PP_0060FDM	China	China	OPEN		https://pathoplexus.org/about/terms-of-use/open-data	PP_0060FDM	https://pathoplexus.org/seq/PP_0060FDM	MW386867.1	https://www.ncbi.nlm.nih.gov/nuccore/MW386867.1	https://pathoplexus.org/about/terms-of-use/open-data	
PP_0062F33|2019-06-21	representatives	PP_0062F33	https://pathoplexus.org/seq/PP_0062F33	China	China	OPEN		https://pathoplexus.org/about/terms-of-use/open-data	PP_0062F33	https://pathoplexus.org/seq/PP_0062F33	MW582813.1	https://www.ncbi.nlm.nih.gov/nuccore/MW582813.1	https://pathoplexus.org/about/terms-of-use/open-data	
PP_0062N2Y|2018-07	representatives	PP_0062N2Y	https://pathoplexus.org/seq/PP_0062N2Y	Myanmar	Myanmar	OPEN		https://pathoplexus.org/about/terms-of-use/open-data	PP_0062N2Y	https://pathoplexus.org/seq/PP_0062N2Y	MW793709.1	https://www.ncbi.nlm.nih.gov/nuccore/MW793709.1	https://pathoplexus.org/about/terms-of-use/open-data	
PP_0062YNF|1999	representatives	PP_0062YNF	https://pathoplexus.org/seq/PP_0062YNF	Thailand	Thailand	OPEN		https://pathoplexus.org/about/terms-of-use/open-data	PP_0062YNF	https://pathoplexus.org/seq/PP_0062YNF	MW945798.1	https://www.ncbi.nlm.nih.gov/nuccore/MW945798.1	https://pathoplexus.org/about/terms-of-use/open-data	
PP_0062YWZ|1998	representatives	PP_0062YWZ	https://pathoplexus.org/seq/PP_0062YWZ	Thailand	Thailand	OPEN		https://pathoplexus.org/about/terms-of-use/open-data	PP_0062YWZ	https://pathoplexus.org/seq/PP_0062YWZ	MW945806.1	https://www.ncbi.nlm.nih.gov/nuccore/MW945806.1	https://pathoplexus.org/about/terms-of-use/open-data	
PP_0062ZKL|1995	representatives	PP_0062ZKL	https://pathoplexus.org/seq/PP_0062ZKL	Thailand	Thailand	OPEN		https://pathoplexus.org/about/terms-of-use/open-data	PP_0062ZKL	https://pathoplexus.org/seq/PP_0062ZKL	MW945829.1	https://www.ncbi.nlm.nih.gov/nuccore/MW945829.1	https://pathoplexus.org/about/terms-of-use/open-data	
PP_0062ZPC|2012	representatives	PP_0062ZPC	https://pathoplexus.org/seq/PP_0062ZPC	Thailand	Thailand	OPEN		https://pathoplexus.org/about/terms-of-use/open-data	PP_0062ZPC	https://pathoplexus.org/seq/PP_0062ZPC	MW945833.1	https://www.ncbi.nlm.nih.gov/nuccore/MW945833.1	https://pathoplexus.org/about/terms-of-use/open-data	
PP_0062ZR8|1997	representatives	PP_0062ZR8	https://pathoplexus.org/seq/PP_0062ZR8	Thailand	Thailand	OPEN		https://pathoplexus.org/about/terms-of-use/open-data	PP_0062ZR8	https://pathoplexus.org/seq/PP_0062ZR8	MW945835.1	https://www.ncbi.nlm.nih.gov/nuccore/MW945835.1	https://pathoplexus.org/about/terms-of-use/open-data	
PP_0062ZWY|1994	representatives	PP_0062ZWY	https://pathoplexus.org/seq/PP_0062ZWY	Thailand	Thailand	OPEN		https://pathoplexus.org/about/terms-of-use/open-data	PP_0062ZWY	https://pathoplexus.org/seq/PP_0062ZWY	MW945840.1	https://www.ncbi.nlm.nih.gov/nuccore/MW945840.1	https://pathoplexus.org/about/terms-of-use/open-data	
PP_0062ZXW|1995	representatives	PP_0062ZXW	https://pathoplexus.org/seq/PP_0062ZXW	Thailand	Thailand	OPEN		https://pathoplexus.org/about/terms-of-use/open-data	PP_0062ZXW	https://pathoplexus.org/seq/PP_0062ZXW	MW945841.1	https://www.ncbi.nlm.nih.gov/nuccore/MW945841.1	https://pathoplexus.org/about/terms-of-use/open-data	
PP_006300N|1964	representatives	PP_006300N	https://pathoplexus.org/seq/PP_006300N	Thailand	Thailand	OPEN		https://pathoplexus.org/about/terms-of-use/open-data	PP_006300N	https://pathoplexus.org/seq/PP_006300N	MW945844.1	https://www.ncbi.nlm.nih.gov/nuccore/MW945844.1	https://pathoplexus.org/about/terms-of-use/open-data	
PP_00630GQ|2013	representatives	PP_00630GQ	https://pathoplexus.org/seq/PP_00630GQ	Thailand	Thailand	OPEN		https://pathoplexus.org/about/terms-of-use/open-data	PP_00630GQ	https://pathoplexus.org/seq/PP_00630GQ	MW945860.1	https://www.ncbi.nlm.nih.gov/nuccore/MW945860.1	https://pathoplexus.org/about/terms-of-use/open-data	
PP_0063185|2004	representatives	PP_0063185	https://pathoplexus.org/seq/PP_0063185	Thailand	Thailand	OPEN		https://pathoplexus.org/about/terms-of-use/open-data	PP_0063185	https://pathoplexus.org/seq/PP_0063185	MW945886.1	https://www.ncbi.nlm.nih.gov/nuccore/MW945886.1	https://pathoplexus.org/about/terms-of-use/open-data	
PP_0063268|2006	representatives	PP_0063268	https://pathoplexus.org/seq/PP_0063268	Thailand	Thailand	OPEN		https://pathoplexus.org/about/terms-of-use/open-data	PP_0063268	https://pathoplexus.org/seq/PP_0063268	MW945918.1	https://www.ncbi.nlm.nih.gov/nuccore/MW945918.1	https://pathoplexus.org/about/terms-of-use/open-data	
PP_00632ES|1994	representatives	PP_00632ES	https://pathoplexus.org/seq/PP_00632ES	Thailand	Thailand	OPEN		https://pathoplexus.org/about/terms-of-use/open-data	PP_00632ES	https://pathoplexus.org/seq/PP_00632ES	MW945926.1	https://www.ncbi.nlm.nih.gov/nuccore/MW945926.1	https://pathoplexus.org/about/terms-of-use/open-data	
PP_00632LD|2003	representatives	PP_00632LD	https://pathoplexus.org/seq/PP_00632LD	Thailand	Thailand	OPEN		https://pathoplexus.org/about/terms-of-use/open-data	PP_00632LD	https://pathoplexus.org/seq/PP_00632LD	MW945932.1	https://www.ncbi.nlm.nih.gov/nuccore/MW945932.1	https://pathoplexus.org/about/terms-of-use/open-data	
PP_00632Q5|2011	representatives	PP_00632Q5	https://pathoplexus.org/seq/PP_00632Q5	Thailand	Thailand	OPEN		https://pathoplexus.org/about/terms-of-use/open-data	PP_00632Q5	https://pathoplexus.org/seq/PP_00632Q5	MW945936.1	https://www.ncbi.nlm.nih.gov/nuccore/MW945936.1	https://pathoplexus.org/about/terms-of-use/open-data	
PP_006350H|1995	representatives	PP_006350H	https://pathoplexus.org/seq/PP_006350H	Thailand	Thailand	OPEN		https://pathoplexus.org/about/terms-of-use/open-data	PP_006350H	https://pathoplexus.org/seq/PP_006350H	MW946014.1	https://www.ncbi.nlm.nih.gov/nuccore/MW946014.1	https://pathoplexus.org/about/terms-of-use/open-data	
PP_006352D|1995	representatives	PP_006352D	https://pathoplexus.org/seq/PP_006352D	Thailand	Thailand	OPEN		https://pathoplexus.org/about/terms-of-use/open-data	PP_006352D	https://pathoplexus.org/seq/PP_006352D	MW946016.1	https://www.ncbi.nlm.nih.gov/nuccore/MW946016.1	https://pathoplexus.org/about/terms-of-use/open-data	
PP_0063656|2010	representatives	PP_0063656	https://pathoplexus.org/seq/PP_0063656	Bolivia	Bolivia	OPEN		https://pathoplexus.org/about/terms-of-use/open-data	PP_0063656	https://pathoplexus.org/seq/PP_0063656	MW946053.1	https://www.ncbi.nlm.nih.gov/nuccore/MW946053.1	https://pathoplexus.org/about/terms-of-use/open-data	
PP_0063672|2003	representatives	PP_0063672	https://pathoplexus.org/seq/PP_0063672	Thailand	Thailand	OPEN		https://pathoplexus.org/about/terms-of-use/open-data	PP_0063672	https://pathoplexus.org/seq/PP_0063672	MW946055.1	https://www.ncbi.nlm.nih.gov/nuccore/MW946055.1	https://pathoplexus.org/about/terms-of-use/open-data	
PP_00636HF|1996	representatives	PP_00636HF	https://pathoplexus.org/seq/PP_00636HF	Thailand	Thailand	OPEN		https://pathoplexus.org/about/terms-of-use/open-data	PP_00636HF	https://pathoplexus.org/seq/PP_00636HF	MW946065.1	https://www.ncbi.nlm.nih.gov/nuccore/MW946065.1	https://pathoplexus.org/about/terms-of-use/open-data	
PP_00636KB|2003	representatives	PP_00636KB	https://pathoplexus.org/seq/PP_00636KB	Thailand	Thailand	OPEN		https://pathoplexus.org/about/terms-of-use/open-data	PP_00636KB	https://pathoplexus.org/seq/PP_00636KB	MW946067.1	https://www.ncbi.nlm.nih.gov/nuccore/MW946067.1	https://pathoplexus.org/about/terms-of-use/open-data	
PP_00636M7|1999	representatives	PP_00636M7	https://pathoplexus.org/seq/PP_00636M7	Thailand	Thailand	OPEN		https://pathoplexus.org/about/terms-of-use/open-data	PP_00636M7	https://pathoplexus.org/seq/PP_00636M7	MW946069.1	https://www.ncbi.nlm.nih.gov/nuccore/MW946069.1	https://pathoplexus.org/about/terms-of-use/open-data	
PP_00636N5|2006	representatives	PP_00636N5	https://pathoplexus.org/seq/PP_00636N5	Thailand	Thailand	OPEN		https://pathoplexus.org/about/terms-of-use/open-data	PP_00636N5	https://pathoplexus.org/seq/PP_00636N5	MW946070.1	https://www.ncbi.nlm.nih.gov/nuccore/MW946070.1	https://pathoplexus.org/about/terms-of-use/open-data	
PP_00636TV|2010	representatives	PP_00636TV	https://pathoplexus.org/seq/PP_00636TV	Thailand	Thailand	OPEN		https://pathoplexus.org/about/terms-of-use/open-data	PP_00636TV	https://pathoplexus.org/seq/PP_00636TV	MW946075.1	https://www.ncbi.nlm.nih.gov/nuccore/MW946075.1	https://pathoplexus.org/about/terms-of-use/open-data	
PP_00637BT|1996	representatives	PP_00637BT	https://pathoplexus.org/seq/PP_00637BT	Thailand	Thailand	OPEN		https://pathoplexus.org/about/terms-of-use/open-data	PP_00637BT	https://pathoplexus.org/seq/PP_00637BT	MW946093.1	https://www.ncbi.nlm.nih.gov/nuccore/MW946093.1	https://pathoplexus.org/about/terms-of-use/open-data	
PP_00637P2|2006	representatives	PP_00637P2	https://pathoplexus.org/seq/PP_00637P2	Thailand	Thailand	OPEN		https://pathoplexus.org/about/terms-of-use/open-data	PP_00637P2	https://pathoplexus.org/seq/PP_00637P2	MW946105.1	https://www.ncbi.nlm.nih.gov/nuccore/MW946105.1	https://pathoplexus.org/about/terms-of-use/open-data	
PP_00638CQ|2006	representatives	PP_00638CQ	https://pathoplexus.org/seq/PP_00638CQ	Thailand	Thailand	OPEN		https://pathoplexus.org/about/terms-of-use/open-data	PP_00638CQ	https://pathoplexus.org/seq/PP_00638CQ	MW946128.1	https://www.ncbi.nlm.nih.gov/nuccore/MW946128.1	https://pathoplexus.org/about/terms-of-use/open-data	
PP_00638JB|1996	representatives	PP_00638JB	https://pathoplexus.org/seq/PP_00638JB	Thailand	Thailand	OPEN		https://pathoplexus.org/about/terms-of-use/open-data	PP_00638JB	https://pathoplexus.org/seq/PP_00638JB	MW946134.1	https://www.ncbi.nlm.nih.gov/nuccore/MW946134.1	https://pathoplexus.org/about/terms-of-use/open-data	
PP_00638N3|1980	representatives	PP_00638N3	https://pathoplexus.org/seq/PP_00638N3	Thailand	Thailand	OPEN		https://pathoplexus.org/about/terms-of-use/open-data	PP_00638N3	https://pathoplexus.org/seq/PP_00638N3	MW946138.1	https://www.ncbi.nlm.nih.gov/nuccore/MW946138.1	https://pathoplexus.org/about/terms-of-use/open-data	
PP_006398X|1999	representatives	PP_006398X	https://pathoplexus.org/seq/PP_006398X	Thailand	Thailand	OPEN		https://pathoplexus.org/about/terms-of-use/open-data	PP_006398X	https://pathoplexus.org/seq/PP_006398X	MW946158.1	https://www.ncbi.nlm.nih.gov/nuccore/MW946158.1	https://pathoplexus.org/about/terms-of-use/open-data	
PP_00639AT|1998	representatives	PP_00639AT	https://pathoplexus.org/seq/PP_00639AT	Thailand	Thailand	OPEN		https://pathoplexus.org/about/terms-of-use/open-data	PP_00639AT	https://pathoplexus.org/seq/PP_00639AT	MW946160.1	https://www.ncbi.nlm.nih.gov/nuccore/MW946160.1	https://pathoplexus.org/about/terms-of-use/open-data	
PP_00639UQ|1997	representatives	PP_00639UQ	https://pathoplexus.org/seq/PP_00639UQ	Thailand	Thailand	OPEN		https://pathoplexus.org/about/terms-of-use/open-data	PP_00639UQ	https://pathoplexus.org/seq/PP_00639UQ	MW946178.1	https://www.ncbi.nlm.nih.gov/nuccore/MW946178.1	https://pathoplexus.org/about/terms-of-use/open-data	
PP_0063AK7|1995	representatives	PP_0063AK7	https://pathoplexus.org/seq/PP_0063AK7	Thailand	Thailand	OPEN		https://pathoplexus.org/about/terms-of-use/open-data	PP_0063AK7	https://pathoplexus.org/seq/PP_0063AK7	MW946203.1	https://www.ncbi.nlm.nih.gov/nuccore/MW946203.1	https://pathoplexus.org/about/terms-of-use/open-data	
PP_0063B19|2000	representatives	PP_0063B19	https://pathoplexus.org/seq/PP_0063B19	Thailand	Thailand	OPEN		https://pathoplexus.org/about/terms-of-use/open-data	PP_0063B19	https://pathoplexus.org/seq/PP_0063B19	MW946219.1	https://www.ncbi.nlm.nih.gov/nuccore/MW946219.1	https://pathoplexus.org/about/terms-of-use/open-data	
PP_0063B35|2006	representatives	PP_0063B35	https://pathoplexus.org/seq/PP_0063B35	Thailand	Thailand	OPEN		https://pathoplexus.org/about/terms-of-use/open-data	PP_0063B35	https://pathoplexus.org/seq/PP_0063B35	MW946221.1	https://www.ncbi.nlm.nih.gov/nuccore/MW946221.1	https://pathoplexus.org/about/terms-of-use/open-data	
PP_0063BL4|2014	representatives	PP_0063BL4	https://pathoplexus.org/seq/PP_0063BL4	Thailand	Thailand	OPEN		https://pathoplexus.org/about/terms-of-use/open-data	PP_0063BL4	https://pathoplexus.org/seq/PP_0063BL4	MW946238.1	https://www.ncbi.nlm.nih.gov/nuccore/MW946238.1	https://pathoplexus.org/about/terms-of-use/open-data	
PP_00640A0|2014	representatives	PP_00640A0	https://pathoplexus.org/seq/PP_00640A0	Nicaragua	Nicaragua	OPEN		https://pathoplexus.org/about/terms-of-use/open-data	PP_00640A0	https://pathoplexus.org/seq/PP_00640A0	MZ008452.1	https://www.ncbi.nlm.nih.gov/nuccore/MZ008452.1	https://pathoplexus.org/about/terms-of-use/open-data	
PP_00640BY|2013	representatives	PP_00640BY	https://pathoplexus.org/seq/PP_00640BY	Nicaragua	Nicaragua	OPEN		https://pathoplexus.org/about/terms-of-use/open-data	PP_00640BY	https://pathoplexus.org/seq/PP_00640BY	MZ008453.1	https://www.ncbi.nlm.nih.gov/nuccore/MZ008453.1	https://pathoplexus.org/about/terms-of-use/open-data	
PP_00641HJ|2016-04-06	representatives	PP_00641HJ	https://pathoplexus.org/seq/PP_00641HJ	Democratic Republic of the Congo	Democratic Republic of the Congo	OPEN		https://pathoplexus.org/about/terms-of-use/open-data	PP_00641HJ	https://pathoplexus.org/seq/PP_00641HJ	MZ130532.1	https://www.ncbi.nlm.nih.gov/nuccore/MZ130532.1	https://pathoplexus.org/about/terms-of-use/open-data	
PP_00641KE|2019-05-28	representatives	PP_00641KE	https://pathoplexus.org/seq/PP_00641KE	Democratic Republic of the Congo	Democratic Republic of the Congo	OPEN		https://pathoplexus.org/about/terms-of-use/open-data	PP_00641KE	https://pathoplexus.org/seq/PP_00641KE	MZ130534.1	https://www.ncbi.nlm.nih.gov/nuccore/MZ130534.1	https://pathoplexus.org/about/terms-of-use/open-data	
PP_0064LRH|2011	representatives	PP_0064LRH	https://pathoplexus.org/seq/PP_0064LRH	Somalia	Somalia	OPEN		https://pathoplexus.org/about/terms-of-use/open-data	PP_0064LRH	https://pathoplexus.org/seq/PP_0064LRH	OK040060.1	https://www.ncbi.nlm.nih.gov/nuccore/OK040060.1	https://pathoplexus.org/about/terms-of-use/open-data	
PP_0064Q7G|1997	representatives	PP_0064Q7G	https://pathoplexus.org/seq/PP_0064Q7G	Malaysia	Malaysia	OPEN		https://pathoplexus.org/about/terms-of-use/open-data	PP_0064Q7G	https://pathoplexus.org/seq/PP_0064Q7G	OK469342.1	https://www.ncbi.nlm.nih.gov/nuccore/OK469342.1	https://pathoplexus.org/about/terms-of-use/open-data	
PP_0064QU7|2019-09-26	representatives	PP_0064QU7	https://pathoplexus.org/seq/PP_0064QU7	China	China	OPEN		https://pathoplexus.org/about/terms-of-use/open-data	PP_0064QU7	https://pathoplexus.org/seq/PP_0064QU7	OK534154.1	https://www.ncbi.nlm.nih.gov/nuccore/OK534154.1	https://pathoplexus.org/about/terms-of-use/open-data	
PP_0064QW3|2019-09-26	representatives	PP_0064QW3	https://pathoplexus.org/seq/PP_0064QW3	China	China	OPEN		https://pathoplexus.org/about/terms-of-use/open-data	PP_0064QW3	https://pathoplexus.org/seq/PP_0064QW3	OK562728.1	https://www.ncbi.nlm.nih.gov/nuccore/OK562728.1	https://pathoplexus.org/about/terms-of-use/open-data	
PP_0064RT8|1983	representatives	PP_0064RT8	https://pathoplexus.org/seq/PP_0064RT8	Australia	Australia	OPEN		https://pathoplexus.org/about/terms-of-use/open-data	PP_0064RT8	https://pathoplexus.org/seq/PP_0064RT8	OK605753.1	https://www.ncbi.nlm.nih.gov/nuccore/OK605753.1	https://pathoplexus.org/about/terms-of-use/open-data	
PP_0064RU6|1997	representatives	PP_0064RU6	https://pathoplexus.org/seq/PP_0064RU6	Brazil	Brazil	OPEN		https://pathoplexus.org/about/terms-of-use/open-data	PP_0064RU6	https://pathoplexus.org/seq/PP_0064RU6	OK605754.1	https://www.ncbi.nlm.nih.gov/nuccore/OK605754.1	https://pathoplexus.org/about/terms-of-use/open-data	
PP_0064T4K|2016-02-08	representatives	PP_0064T4K	https://pathoplexus.org/seq/PP_0064T4K	Papua New Guinea	Papua New Guinea	OPEN		https://pathoplexus.org/about/terms-of-use/open-data	PP_0064T4K	https://pathoplexus.org/seq/PP_0064T4K	OL321180.1	https://www.ncbi.nlm.nih.gov/nuccore/OL321180.1	https://pathoplexus.org/about/terms-of-use/open-data	
PP_0064XHN|2019-12	representatives	PP_0064XHN	https://pathoplexus.org/seq/PP_0064XHN	Philippines	Philippines	OPEN		https://pathoplexus.org/about/terms-of-use/open-data	PP_0064XHN	https://pathoplexus.org/seq/PP_0064XHN	OM281589.1	https://www.ncbi.nlm.nih.gov/nuccore/OM281589.1	https://pathoplexus.org/about/terms-of-use/open-data	
PP_0064XT2|2020-12	representatives	PP_0064XT2	https://pathoplexus.org/seq/PP_0064XT2	Philippines	Philippines	OPEN		https://pathoplexus.org/about/terms-of-use/open-data	PP_0064XT2	https://pathoplexus.org/seq/PP_0064XT2	OM281599.1	https://www.ncbi.nlm.nih.gov/nuccore/OM281599.1	https://pathoplexus.org/about/terms-of-use/open-data	
PP_00650GL|2020-02-18	representatives	PP_00650GL	https://pathoplexus.org/seq/PP_00650GL	USA	USA	OPEN		https://pathoplexus.org/about/terms-of-use/open-data	PP_00650GL	https://pathoplexus.org/seq/PP_00650GL	OM833055.1	https://www.ncbi.nlm.nih.gov/nuccore/OM833055.1	https://pathoplexus.org/about/terms-of-use/open-data	
PP_00650LB|2013-07-24	representatives	PP_00650LB	https://pathoplexus.org/seq/PP_00650LB	USA	USA	OPEN		https://pathoplexus.org/about/terms-of-use/open-data	PP_00650LB	https://pathoplexus.org/seq/PP_00650LB	OM833059.1	https://www.ncbi.nlm.nih.gov/nuccore/OM833059.1	https://pathoplexus.org/about/terms-of-use/open-data	
PP_0065DDD|2009-12-14	representatives	PP_0065DDD	https://pathoplexus.org/seq/PP_0065DDD	Thailand	Thailand	OPEN		https://pathoplexus.org/about/terms-of-use/open-data	PP_0065DDD	https://pathoplexus.org/seq/PP_0065DDD	ON038484.1	https://www.ncbi.nlm.nih.gov/nuccore/ON038484.1	https://pathoplexus.org/about/terms-of-use/open-data	
PP_0065DG7|2011-06-09	representatives	PP_0065DG7	https://pathoplexus.org/seq/PP_0065DG7	Thailand	Thailand	OPEN		https://pathoplexus.org/about/terms-of-use/open-data	PP_0065DG7	https://pathoplexus.org/seq/PP_0065DG7	ON038487.1	https://www.ncbi.nlm.nih.gov/nuccore/ON038487.1	https://pathoplexus.org/about/terms-of-use/open-data	
PP_0065DK0|2012-11-26	representatives	PP_0065DK0	https://pathoplexus.org/seq/PP_0065DK0	Thailand	Thailand	OPEN		https://pathoplexus.org/about/terms-of-use/open-data	PP_0065DK0	https://pathoplexus.org/seq/PP_0065DK0	ON038490.1	https://www.ncbi.nlm.nih.gov/nuccore/ON038490.1	https://pathoplexus.org/about/terms-of-use/open-data	
PP_0065P4M|2023-07-01	representatives	PP_0065P4M	https://pathoplexus.org/seq/PP_0065P4M	USA	USA	OPEN		https://pathoplexus.org/about/terms-of-use/open-data	PP_0065P4M	https://pathoplexus.org/seq/PP_0065P4M	OR654282.1	https://www.ncbi.nlm.nih.gov/nuccore/OR654282.1	https://pathoplexus.org/about/terms-of-use/open-data	
PP_0065VB1|2000	representatives	PP_0065VB1	https://pathoplexus.org/seq/PP_0065VB1	Brazil	Brazil	OPEN		https://pathoplexus.org/about/terms-of-use/open-data	PP_0065VB1	https://pathoplexus.org/seq/PP_0065VB1	OR389007.1	https://www.ncbi.nlm.nih.gov/nuccore/OR389007.1	https://pathoplexus.org/about/terms-of-use/open-data	
PP_00661N4|2021	representatives	PP_00661N4	https://pathoplexus.org/seq/PP_00661N4	India	India	OPEN		https://pathoplexus.org/about/terms-of-use/open-data	PP_00661N4	https://pathoplexus.org/seq/PP_00661N4	ON109597.1	https://www.ncbi.nlm.nih.gov/nuccore/ON109597.1	https://pathoplexus.org/about/terms-of-use/open-data	
PP_00662SV|2021-05-07	representatives	PP_00662SV	https://pathoplexus.org/seq/PP_00662SV	Peru	Peru	OPEN		https://pathoplexus.org/about/terms-of-use/open-data	PP_00662SV	https://pathoplexus.org/seq/PP_00662SV	ON123586.1	https://www.ncbi.nlm.nih.gov/nuccore/ON123586.1	https://pathoplexus.org/about/terms-of-use/open-data	
PP_00663P0|2020	representatives	PP_00663P0	https://pathoplexus.org/seq/PP_00663P0	India	India	OPEN		https://pathoplexus.org/about/terms-of-use/open-data	PP_00663P0	https://pathoplexus.org/seq/PP_00663P0	ON123650.1	https://www.ncbi.nlm.nih.gov/nuccore/ON123650.1	https://pathoplexus.org/about/terms-of-use/open-data	
PP_006640C|2018	representatives	PP_006640C	https://pathoplexus.org/seq/PP_006640C	India	India	OPEN		https://pathoplexus.org/about/terms-of-use/open-data	PP_006640C	https://pathoplexus.org/seq/PP_006640C	ON123661.1	https://www.ncbi.nlm.nih.gov/nuccore/ON123661.1	https://pathoplexus.org/about/terms-of-use/open-data	
PP_006677V|2020-01-22	representatives	PP_006677V	https://pathoplexus.org/seq/PP_006677V	Brazil	Brazil	OPEN		https://pathoplexus.org/about/terms-of-use/open-data	PP_006677V	https://pathoplexus.org/seq/PP_006677V	ON426292.1	https://www.ncbi.nlm.nih.gov/nuccore/ON426292.1	https://pathoplexus.org/about/terms-of-use/open-data	
PP_00667DH|2021-03-15	representatives	PP_00667DH	https://pathoplexus.org/seq/PP_00667DH	Brazil	Brazil	OPEN		https://pathoplexus.org/about/terms-of-use/open-data	PP_00667DH	https://pathoplexus.org/seq/PP_00667DH	ON426297.1	https://www.ncbi.nlm.nih.gov/nuccore/ON426297.1	https://pathoplexus.org/about/terms-of-use/open-data	
PP_00668J5|2021-03-29	representatives	PP_00668J5	https://pathoplexus.org/seq/PP_00668J5	Brazil	Brazil	OPEN		https://pathoplexus.org/about/terms-of-use/open-data	PP_00668J5	https://pathoplexus.org/seq/PP_00668J5	ON426331.1	https://www.ncbi.nlm.nih.gov/nuccore/ON426331.1	https://pathoplexus.org/about/terms-of-use/open-data	
PP_0066AUH|2022-04-12	representatives	PP_0066AUH	https://pathoplexus.org/seq/PP_0066AUH	Brazil	Brazil	OPEN		https://pathoplexus.org/about/terms-of-use/open-data	PP_0066AUH	https://pathoplexus.org/seq/PP_0066AUH	ON632040.1	https://www.ncbi.nlm.nih.gov/nuccore/ON632040.1	https://pathoplexus.org/about/terms-of-use/open-data	
PP_0066B8P|2022-04-04	representatives	PP_0066B8P	https://pathoplexus.org/seq/PP_0066B8P	Brazil	Brazil	OPEN		https://pathoplexus.org/about/terms-of-use/open-data	PP_0066B8P	https://pathoplexus.org/seq/PP_0066B8P	ON632053.1	https://www.ncbi.nlm.nih.gov/nuccore/ON632053.1	https://pathoplexus.org/about/terms-of-use/open-data	
PP_0066CBG|2022-03-25	representatives	PP_0066CBG	https://pathoplexus.org/seq/PP_0066CBG	Brazil	Brazil	OPEN		https://pathoplexus.org/about/terms-of-use/open-data	PP_0066CBG	https://pathoplexus.org/seq/PP_0066CBG	ON632090.1	https://www.ncbi.nlm.nih.gov/nuccore/ON632090.1	https://pathoplexus.org/about/terms-of-use/open-data	
PP_0066F1Z|2020-08-24	representatives	PP_0066F1Z	https://pathoplexus.org/seq/PP_0066F1Z	Sri Lanka	Sri Lanka	OPEN		https://pathoplexus.org/about/terms-of-use/open-data	PP_0066F1Z	https://pathoplexus.org/seq/PP_0066F1Z	ON680908.1	https://www.ncbi.nlm.nih.gov/nuccore/ON680908.1	https://pathoplexus.org/about/terms-of-use/open-data	
PP_0066HC9|2019	representatives	PP_0066HC9	https://pathoplexus.org/seq/PP_0066HC9	India	India	OPEN		https://pathoplexus.org/about/terms-of-use/open-data	PP_0066HC9	https://pathoplexus.org/seq/PP_0066HC9	ON799266.1	https://www.ncbi.nlm.nih.gov/nuccore/ON799266.1	https://pathoplexus.org/about/terms-of-use/open-data	
PP_0066HV8|2019-06-21	representatives	PP_0066HV8	https://pathoplexus.org/seq/PP_0066HV8	China	China	OPEN		https://pathoplexus.org/about/terms-of-use/open-data	PP_0066HV8	https://pathoplexus.org/seq/PP_0066HV8	ON873885.1	https://www.ncbi.nlm.nih.gov/nuccore/ON873885.1	https://pathoplexus.org/about/terms-of-use/open-data	
PP_0066P3M|2019-07	representatives	PP_0066P3M	https://pathoplexus.org/seq/PP_0066P3M	Myanmar	Myanmar	OPEN		https://pathoplexus.org/about/terms-of-use/open-data	PP_0066P3M	https://pathoplexus.org/seq/PP_0066P3M	OP121156.1	https://www.ncbi.nlm.nih.gov/nuccore/OP121156.1	https://pathoplexus.org/about/terms-of-use/open-data	
PP_00675NY|2022-04	representatives	PP_00675NY	https://pathoplexus.org/seq/PP_00675NY	Pakistan	Pakistan	OPEN		https://pathoplexus.org/about/terms-of-use/open-data	PP_00675NY	https://pathoplexus.org/seq/PP_00675NY	OP898557.1	https://www.ncbi.nlm.nih.gov/nuccore/OP898557.1	https://pathoplexus.org/about/terms-of-use/open-data	
PP_0067AMV|1983	representatives	PP_0067AMV	https://pathoplexus.org/seq/PP_0067AMV	Sri Lanka	Sri Lanka	OPEN		https://pathoplexus.org/about/terms-of-use/open-data	PP_0067AMV	https://pathoplexus.org/seq/PP_0067AMV	OQ061266.1	https://www.ncbi.nlm.nih.gov/nuccore/OQ061266.1	https://pathoplexus.org/about/terms-of-use/open-data	
PP_0067ANT|1997	representatives	PP_0067ANT	https://pathoplexus.org/seq/PP_0067ANT	Sri Lanka	Sri Lanka	OPEN		https://pathoplexus.org/about/terms-of-use/open-data	PP_0067ANT	https://pathoplexus.org/seq/PP_0067ANT	OQ061315.1	https://www.ncbi.nlm.nih.gov/nuccore/OQ061315.1	https://pathoplexus.org/about/terms-of-use/open-data	
PP_0067ARM|2019-03-21	representatives	PP_0067ARM	https://pathoplexus.org/seq/PP_0067ARM	Brazil	Brazil	OPEN		https://pathoplexus.org/about/terms-of-use/open-data	PP_0067ARM	https://pathoplexus.org/seq/PP_0067ARM	OQ078873.1	https://www.ncbi.nlm.nih.gov/nuccore/OQ078873.1	https://pathoplexus.org/about/terms-of-use/open-data	
PP_0067ATH|2019-03-30	representatives	PP_0067ATH	https://pathoplexus.org/seq/PP_0067ATH	Brazil	Brazil	OPEN		https://pathoplexus.org/about/terms-of-use/open-data	PP_0067ATH	https://pathoplexus.org/seq/PP_0067ATH	OQ078875.1	https://www.ncbi.nlm.nih.gov/nuccore/OQ078875.1	https://pathoplexus.org/about/terms-of-use/open-data	
PP_0067AX9|2019-04-10	representatives	PP_0067AX9	https://pathoplexus.org/seq/PP_0067AX9	Brazil	Brazil	OPEN		https://pathoplexus.org/about/terms-of-use/open-data	PP_0067AX9	https://pathoplexus.org/seq/PP_0067AX9	OQ078879.1	https://www.ncbi.nlm.nih.gov/nuccore/OQ078879.1	https://pathoplexus.org/about/terms-of-use/open-data	
PP_0067BCD|2020-08-17	representatives	PP_0067BCD	https://pathoplexus.org/seq/PP_0067BCD	Sri Lanka	Sri Lanka	OPEN		https://pathoplexus.org/about/terms-of-use/open-data	PP_0067BCD	https://pathoplexus.org/seq/PP_0067BCD	OQ080034.1	https://www.ncbi.nlm.nih.gov/nuccore/OQ080034.1	https://pathoplexus.org/about/terms-of-use/open-data	
PP_0067J8E|2017-02-24	representatives	PP_0067J8E	https://pathoplexus.org/seq/PP_0067J8E	Viet Nam	Vietnam	OPEN		https://pathoplexus.org/about/terms-of-use/open-data	PP_0067J8E	https://pathoplexus.org/seq/PP_0067J8E	OQ426650.2	https://www.ncbi.nlm.nih.gov/nuccore/OQ426650.2	https://pathoplexus.org/about/terms-of-use/open-data	
PP_0067KX0|2017-07-06	representatives	PP_0067KX0	https://pathoplexus.org/seq/PP_0067KX0	Viet Nam	Vietnam	OPEN		https://pathoplexus.org/about/terms-of-use/open-data	PP_0067KX0	https://pathoplexus.org/seq/PP_0067KX0	OQ426707.2	https://www.ncbi.nlm.nih.gov/nuccore/OQ426707.2	https://pathoplexus.org/about/terms-of-use/open-data	
PP_0067WJF|2022-10-01	representatives	PP_0067WJF	https://pathoplexus.org/seq/PP_0067WJF	USA	USA	OPEN		https://pathoplexus.org/about/terms-of-use/open-data	PP_0067WJF	https://pathoplexus.org/seq/PP_0067WJF	OQ445884.1	https://www.ncbi.nlm.nih.gov/nuccore/OQ445884.1	https://pathoplexus.org/about/terms-of-use/open-data	
PP_0068250|2014-02-27	representatives	PP_0068250	https://pathoplexus.org/seq/PP_0068250	Paraguay	Paraguay	OPEN		https://pathoplexus.org/about/terms-of-use/open-data	PP_0068250	https://pathoplexus.org/seq/PP_0068250	OQ567774.1	https://www.ncbi.nlm.nih.gov/nuccore/OQ567774.1	https://pathoplexus.org/about/terms-of-use/open-data	
PP_00682AQ|2015-05-13	representatives	PP_00682AQ	https://pathoplexus.org/seq/PP_00682AQ	Paraguay	Paraguay	OPEN		https://pathoplexus.org/about/terms-of-use/open-data	PP_00682AQ	https://pathoplexus.org/seq/PP_00682AQ	OQ567778.1	https://www.ncbi.nlm.nih.gov/nuccore/OQ567778.1	https://pathoplexus.org/about/terms-of-use/open-data	
PP_00682DJ|2015-12-18	representatives	PP_00682DJ	https://pathoplexus.org/seq/PP_00682DJ	Paraguay	Paraguay	OPEN		https://pathoplexus.org/about/terms-of-use/open-data	PP_00682DJ	https://pathoplexus.org/seq/PP_00682DJ	OQ567781.1	https://www.ncbi.nlm.nih.gov/nuccore/OQ567781.1	https://pathoplexus.org/about/terms-of-use/open-data	
PP_00682J7|2016-01-29	representatives	PP_00682J7	https://pathoplexus.org/seq/PP_00682J7	Paraguay	Paraguay	OPEN		https://pathoplexus.org/about/terms-of-use/open-data	PP_00682J7	https://pathoplexus.org/seq/PP_00682J7	OQ567786.1	https://www.ncbi.nlm.nih.gov/nuccore/OQ567786.1	https://pathoplexus.org/about/terms-of-use/open-data	
PP_00682L3|2016-04-02	representatives	PP_00682L3	https://pathoplexus.org/seq/PP_00682L3	Paraguay	Paraguay	OPEN		https://pathoplexus.org/about/terms-of-use/open-data	PP_00682L3	https://pathoplexus.org/seq/PP_00682L3	OQ567788.1	https://www.ncbi.nlm.nih.gov/nuccore/OQ567788.1	https://pathoplexus.org/about/terms-of-use/open-data	
PP_00682NZ|2016-01-24	representatives	PP_00682NZ	https://pathoplexus.org/seq/PP_00682NZ	Paraguay	Paraguay	OPEN		https://pathoplexus.org/about/terms-of-use/open-data	PP_00682NZ	https://pathoplexus.org/seq/PP_00682NZ	OQ567790.1	https://www.ncbi.nlm.nih.gov/nuccore/OQ567790.1	https://pathoplexus.org/about/terms-of-use/open-data	
PP_00682YD|2017-03-27	representatives	PP_00682YD	https://pathoplexus.org/seq/PP_00682YD	Paraguay	Paraguay	OPEN		https://pathoplexus.org/about/terms-of-use/open-data	PP_00682YD	https://pathoplexus.org/seq/PP_00682YD	OQ567800.1	https://www.ncbi.nlm.nih.gov/nuccore/OQ567800.1	https://pathoplexus.org/about/terms-of-use/open-data	
PP_0068G9C|2017-06-24	representatives	PP_0068G9C	https://pathoplexus.org/seq/PP_0068G9C	Cameroon	Cameroon	OPEN		https://pathoplexus.org/about/terms-of-use/open-data	PP_0068G9C	https://pathoplexus.org/seq/PP_0068G9C	OQ593388.1	https://www.ncbi.nlm.nih.gov/nuccore/OQ593388.1	https://pathoplexus.org/about/terms-of-use/open-data	
PP_0068GAA|2017-06-21	representatives	PP_0068GAA	https://pathoplexus.org/seq/PP_0068GAA	Cameroon	Cameroon	OPEN		https://pathoplexus.org/about/terms-of-use/open-data	PP_0068GAA	https://pathoplexus.org/seq/PP_0068GAA	OQ593389.1	https://www.ncbi.nlm.nih.gov/nuccore/OQ593389.1	https://pathoplexus.org/about/terms-of-use/open-data	
PP_0068GD4|2017-04-13	representatives	PP_0068GD4	https://pathoplexus.org/seq/PP_0068GD4	Cameroon	Cameroon	OPEN		https://pathoplexus.org/about/terms-of-use/open-data	PP_0068GD4	https://pathoplexus.org/seq/PP_0068GD4	OQ593392.1	https://www.ncbi.nlm.nih.gov/nuccore/OQ593392.1	https://pathoplexus.org/about/terms-of-use/open-data	
PP_0068GHV|2013-06-18	representatives	PP_0068GHV	https://pathoplexus.org/seq/PP_0068GHV	Colombia	Colombia	OPEN		https://pathoplexus.org/about/terms-of-use/open-data	PP_0068GHV	https://pathoplexus.org/seq/PP_0068GHV	OQ603260.1	https://www.ncbi.nlm.nih.gov/nuccore/OQ603260.1	https://pathoplexus.org/about/terms-of-use/open-data	
PP_0068GJT|2015-10-09	representatives	PP_0068GJT	https://pathoplexus.org/seq/PP_0068GJT	Colombia	Colombia	OPEN		https://pathoplexus.org/about/terms-of-use/open-data	PP_0068GJT	https://pathoplexus.org/seq/PP_0068GJT	OQ603261.1	https://www.ncbi.nlm.nih.gov/nuccore/OQ603261.1	https://pathoplexus.org/about/terms-of-use/open-data	
PP_0068JHT|2022-03-31	representatives	PP_0068JHT	https://pathoplexus.org/seq/PP_0068JHT	Brazil	Brazil	OPEN		https://pathoplexus.org/about/terms-of-use/open-data	PP_0068JHT	https://pathoplexus.org/seq/PP_0068JHT	OQ605987.1	https://www.ncbi.nlm.nih.gov/nuccore/OQ605987.1	https://pathoplexus.org/about/terms-of-use/open-data	
PP_0068QCY|2016-07-12	representatives	PP_0068QCY	https://pathoplexus.org/seq/PP_0068QCY	Colombia	Colombia	OPEN		https://pathoplexus.org/about/terms-of-use/open-data	PP_0068QCY	https://pathoplexus.org/seq/PP_0068QCY	OQ821331.1	https://www.ncbi.nlm.nih.gov/nuccore/OQ821331.1	https://pathoplexus.org/about/terms-of-use/open-data	
PP_0068QDW|2016-03-15	representatives	PP_0068QDW	https://pathoplexus.org/seq/PP_0068QDW	Costa Rica	Costa Rica	OPEN		https://pathoplexus.org/about/terms-of-use/open-data	PP_0068QDW	https://pathoplexus.org/seq/PP_0068QDW	OQ821332.1	https://www.ncbi.nlm.nih.gov/nuccore/OQ821332.1	https://pathoplexus.org/about/terms-of-use/open-data	
PP_0068QNB|2021-11-16	representatives	PP_0068QNB	https://pathoplexus.org/seq/PP_0068QNB	Cuba	Cuba	OPEN		https://pathoplexus.org/about/terms-of-use/open-data	PP_0068QNB	https://pathoplexus.org/seq/PP_0068QNB	OQ821340.1	https://www.ncbi.nlm.nih.gov/nuccore/OQ821340.1	https://pathoplexus.org/about/terms-of-use/open-data	
PP_0068QXT|2022-08-28	representatives	PP_0068QXT	https://pathoplexus.org/seq/PP_0068QXT	Cuba	Cuba	OPEN		https://pathoplexus.org/about/terms-of-use/open-data	PP_0068QXT	https://pathoplexus.org/seq/PP_0068QXT	OQ821348.1	https://www.ncbi.nlm.nih.gov/nuccore/OQ821348.1	https://pathoplexus.org/about/terms-of-use/open-data	
PP_0068RFR|2019-08-23	representatives	PP_0068RFR	https://pathoplexus.org/seq/PP_0068RFR	Honduras	Honduras	OPEN		https://pathoplexus.org/about/terms-of-use/open-data	PP_0068RFR	https://pathoplexus.org/seq/PP_0068RFR	OQ821363.1	https://www.ncbi.nlm.nih.gov/nuccore/OQ821363.1	https://pathoplexus.org/about/terms-of-use/open-data	
PP_0068RLE|2022-12-07	representatives	PP_0068RLE	https://pathoplexus.org/seq/PP_0068RLE	Mexico	Mexico	OPEN		https://pathoplexus.org/about/terms-of-use/open-data	PP_0068RLE	https://pathoplexus.org/seq/PP_0068RLE	OQ821367.1	https://www.ncbi.nlm.nih.gov/nuccore/OQ821367.1	https://pathoplexus.org/about/terms-of-use/open-data	
PP_0068RXS|2013-08-29	representatives	PP_0068RXS	https://pathoplexus.org/seq/PP_0068RXS	USA	USA	OPEN		https://pathoplexus.org/about/terms-of-use/open-data	PP_0068RXS	https://pathoplexus.org/seq/PP_0068RXS	OQ821377.1	https://www.ncbi.nlm.nih.gov/nuccore/OQ821377.1	https://pathoplexus.org/about/terms-of-use/open-data	
PP_0068S1J|2019-10-23	representatives	PP_0068S1J	https://pathoplexus.org/seq/PP_0068S1J	Venezuela	Venezuela	OPEN		https://pathoplexus.org/about/terms-of-use/open-data	PP_0068S1J	https://pathoplexus.org/seq/PP_0068S1J	OQ821380.1	https://www.ncbi.nlm.nih.gov/nuccore/OQ821380.1	https://pathoplexus.org/about/terms-of-use/open-data	
PP_00697RL|2020-09	representatives	PP_00697RL	https://pathoplexus.org/seq/PP_00697RL	Viet Nam	Vietnam	OPEN		https://pathoplexus.org/about/terms-of-use/open-data	PP_00697RL	https://pathoplexus.org/seq/PP_00697RL	OQ832613.1	https://www.ncbi.nlm.nih.gov/nuccore/OQ832613.1	https://pathoplexus.org/about/terms-of-use/open-data	
PP_00697SJ|2020-09	representatives	PP_00697SJ	https://pathoplexus.org/seq/PP_00697SJ	Viet Nam	Vietnam	OPEN		https://pathoplexus.org/about/terms-of-use/open-data	PP_00697SJ	https://pathoplexus.org/seq/PP_00697SJ	OQ832614.1	https://www.ncbi.nlm.nih.gov/nuccore/OQ832614.1	https://pathoplexus.org/about/terms-of-use/open-data	
PP_0069SXP|2023-03-03	representatives	PP_0069SXP	https://pathoplexus.org/seq/PP_0069SXP	Brazil	Brazil	OPEN		https://pathoplexus.org/about/terms-of-use/open-data	PP_0069SXP	https://pathoplexus.org/seq/PP_0069SXP	OR167130.1	https://www.ncbi.nlm.nih.gov/nuccore/OR167130.1	https://pathoplexus.org/about/terms-of-use/open-data	
PP_0069V8Z|2023-03-23	representatives	PP_0069V8Z	https://pathoplexus.org/seq/PP_0069V8Z	Brazil	Brazil	OPEN		https://pathoplexus.org/about/terms-of-use/open-data	PP_0069V8Z	https://pathoplexus.org/seq/PP_0069V8Z	OR167255.1	https://www.ncbi.nlm.nih.gov/nuccore/OR167255.1	https://pathoplexus.org/about/terms-of-use/open-data	
PP_006ASJD|2022-03-24	representatives	PP_006ASJD	https://pathoplexus.org/seq/PP_006ASJD	Brazil	Brazil	OPEN		https://pathoplexus.org/about/terms-of-use/open-data	PP_006ASJD	https://pathoplexus.org/seq/PP_006ASJD	OR258417.1	https://www.ncbi.nlm.nih.gov/nuccore/OR258417.1	https://pathoplexus.org/about/terms-of-use/open-data	
PP_006ATTU|2022-04-06	representatives	PP_006ATTU	https://pathoplexus.org/seq/PP_006ATTU	Brazil	Brazil	OPEN		https://pathoplexus.org/about/terms-of-use/open-data	PP_006ATTU	https://pathoplexus.org/seq/PP_006ATTU	OR258460.1	https://www.ncbi.nlm.nih.gov/nuccore/OR258460.1	https://pathoplexus.org/about/terms-of-use/open-data	
PP_006AW0C|2022-04-17	representatives	PP_006AW0C	https://pathoplexus.org/seq/PP_006AW0C	Brazil	Brazil	OPEN		https://pathoplexus.org/about/terms-of-use/open-data	PP_006AW0C	https://pathoplexus.org/seq/PP_006AW0C	OR258535.1	https://www.ncbi.nlm.nih.gov/nuccore/OR258535.1	https://pathoplexus.org/about/terms-of-use/open-data	
PP_006AWXH|2022-04-15	representatives	PP_006AWXH	https://pathoplexus.org/seq/PP_006AWXH	Brazil	Brazil	OPEN		https://pathoplexus.org/about/terms-of-use/open-data	PP_006AWXH	https://pathoplexus.org/seq/PP_006AWXH	OR258566.1	https://www.ncbi.nlm.nih.gov/nuccore/OR258566.1	https://pathoplexus.org/about/terms-of-use/open-data	
PP_006AYBN|1986	representatives	PP_006AYBN	https://pathoplexus.org/seq/PP_006AYBN	Brazil	Brazil	OPEN		https://pathoplexus.org/about/terms-of-use/open-data	PP_006AYBN	https://pathoplexus.org/seq/PP_006AYBN	OR389273.1	https://www.ncbi.nlm.nih.gov/nuccore/OR389273.1	https://pathoplexus.org/about/terms-of-use/open-data	
PP_006AYDJ|1988	representatives	PP_006AYDJ	https://pathoplexus.org/seq/PP_006AYDJ	Colombia	Colombia	OPEN		https://pathoplexus.org/about/terms-of-use/open-data	PP_006AYDJ	https://pathoplexus.org/seq/PP_006AYDJ	OR389275.1	https://www.ncbi.nlm.nih.gov/nuccore/OR389275.1	https://pathoplexus.org/about/terms-of-use/open-data	
PP_006AYNZ|1970	representatives	PP_006AYNZ	https://pathoplexus.org/seq/PP_006AYNZ	India	India	OPEN		https://pathoplexus.org/about/terms-of-use/open-data	PP_006AYNZ	https://pathoplexus.org/seq/PP_006AYNZ	OR389284.1	https://www.ncbi.nlm.nih.gov/nuccore/OR389284.1	https://pathoplexus.org/about/terms-of-use/open-data	
PP_006AYQV|1985	representatives	PP_006AYQV	https://pathoplexus.org/seq/PP_006AYQV	India	India	OPEN		https://pathoplexus.org/about/terms-of-use/open-data	PP_006AYQV	https://pathoplexus.org/seq/PP_006AYQV	OR389286.1	https://www.ncbi.nlm.nih.gov/nuccore/OR389286.1	https://pathoplexus.org/about/terms-of-use/open-data	
PP_006AYUM|1985	representatives	PP_006AYUM	https://pathoplexus.org/seq/PP_006AYUM	Indonesia	Indonesia	OPEN		https://pathoplexus.org/about/terms-of-use/open-data	PP_006AYUM	https://pathoplexus.org/seq/PP_006AYUM	OR389290.1	https://www.ncbi.nlm.nih.gov/nuccore/OR389290.1	https://pathoplexus.org/about/terms-of-use/open-data	
PP_006AZ6X|1963	representatives	PP_006AZ6X	https://pathoplexus.org/seq/PP_006AZ6X	Thailand	Thailand	OPEN		https://pathoplexus.org/about/terms-of-use/open-data	PP_006AZ6X	https://pathoplexus.org/seq/PP_006AZ6X	OR389302.1	https://www.ncbi.nlm.nih.gov/nuccore/OR389302.1	https://pathoplexus.org/about/terms-of-use/open-data	
PP_006B1SL|2019-03-11	representatives	PP_006B1SL	https://pathoplexus.org/seq/PP_006B1SL	Sri Lanka	Sri Lanka	OPEN		https://pathoplexus.org/about/terms-of-use/open-data	PP_006B1SL	https://pathoplexus.org/seq/PP_006B1SL	OR393961.1	https://www.ncbi.nlm.nih.gov/nuccore/OR393961.1	https://pathoplexus.org/about/terms-of-use/open-data	
PP_006B3DB|2019-10-30	representatives	PP_006B3DB	https://pathoplexus.org/seq/PP_006B3DB	Sri Lanka	Sri Lanka	OPEN		https://pathoplexus.org/about/terms-of-use/open-data	PP_006B3DB	https://pathoplexus.org/seq/PP_006B3DB	OR394016.1	https://www.ncbi.nlm.nih.gov/nuccore/OR394016.1	https://pathoplexus.org/about/terms-of-use/open-data	
PP_006B4E8|2020-01-06	representatives	PP_006B4E8	https://pathoplexus.org/seq/PP_006B4E8	Sri Lanka	Sri Lanka	OPEN		https://pathoplexus.org/about/terms-of-use/open-data	PP_006B4E8	https://pathoplexus.org/seq/PP_006B4E8	OR394051.1	https://www.ncbi.nlm.nih.gov/nuccore/OR394051.1	https://pathoplexus.org/about/terms-of-use/open-data	
PP_006B59H|2018-11-30	representatives	PP_006B59H	https://pathoplexus.org/seq/PP_006B59H	Philippines	Philippines	OPEN		https://pathoplexus.org/about/terms-of-use/open-data	PP_006B59H	https://pathoplexus.org/seq/PP_006B59H	OR476972.1	https://www.ncbi.nlm.nih.gov/nuccore/OR476972.1	https://pathoplexus.org/about/terms-of-use/open-data	
PP_006B8Y1|2016-01-19	representatives	PP_006B8Y1	https://pathoplexus.org/seq/PP_006B8Y1	Uruguay	Uruguay	OPEN		https://pathoplexus.org/about/terms-of-use/open-data	PP_006B8Y1	https://pathoplexus.org/seq/PP_006B8Y1	OR494337.1	https://www.ncbi.nlm.nih.gov/nuccore/OR494337.1	https://pathoplexus.org/about/terms-of-use/open-data	
PP_006B93R|2016-02-02	representatives	PP_006B93R	https://pathoplexus.org/seq/PP_006B93R	Uruguay	Uruguay	OPEN		https://pathoplexus.org/about/terms-of-use/open-data	PP_006B93R	https://pathoplexus.org/seq/PP_006B93R	OR494341.1	https://www.ncbi.nlm.nih.gov/nuccore/OR494341.1	https://pathoplexus.org/about/terms-of-use/open-data	
PP_006BASB|2021-11-25	representatives	PP_006BASB	https://pathoplexus.org/seq/PP_006BASB	Brazil	Brazil	OPEN		https://pathoplexus.org/about/terms-of-use/open-data	PP_006BASB	https://pathoplexus.org/seq/PP_006BASB	OR518217.1	https://www.ncbi.nlm.nih.gov/nuccore/OR518217.1	https://pathoplexus.org/about/terms-of-use/open-data	
PP_006BAZX|2021-11-24	representatives	PP_006BAZX	https://pathoplexus.org/seq/PP_006BAZX	Brazil	Brazil	OPEN		https://pathoplexus.org/about/terms-of-use/open-data	PP_006BAZX	https://pathoplexus.org/seq/PP_006BAZX	OR518223.1	https://www.ncbi.nlm.nih.gov/nuccore/OR518223.1	https://pathoplexus.org/about/terms-of-use/open-data	
PP_006BC3N|2022-01-23	representatives	PP_006BC3N	https://pathoplexus.org/seq/PP_006BC3N	Brazil	Brazil	OPEN		https://pathoplexus.org/about/terms-of-use/open-data	PP_006BC3N	https://pathoplexus.org/seq/PP_006BC3N	OR518258.1	https://www.ncbi.nlm.nih.gov/nuccore/OR518258.1	https://pathoplexus.org/about/terms-of-use/open-data	
PP_006BC6G|2022-02-10	representatives	PP_006BC6G	https://pathoplexus.org/seq/PP_006BC6G	Brazil	Brazil	OPEN		https://pathoplexus.org/about/terms-of-use/open-data	PP_006BC6G	https://pathoplexus.org/seq/PP_006BC6G	OR518260.1	https://www.ncbi.nlm.nih.gov/nuccore/OR518260.1	https://pathoplexus.org/about/terms-of-use/open-data	
PP_006BHHN|2023-09-18	representatives	PP_006BHHN	https://pathoplexus.org/seq/PP_006BHHN	China	China	OPEN		https://pathoplexus.org/about/terms-of-use/open-data	PP_006BHHN	https://pathoplexus.org/seq/PP_006BHHN	OR690442.1	https://www.ncbi.nlm.nih.gov/nuccore/OR690442.1	https://pathoplexus.org/about/terms-of-use/open-data	
PP_006BLFQ|2023-04	representatives	PP_006BLFQ	https://pathoplexus.org/seq/PP_006BLFQ	Indonesia	Indonesia	OPEN		https://pathoplexus.org/about/terms-of-use/open-data	PP_006BLFQ	https://pathoplexus.org/seq/PP_006BLFQ	OR804008.1	https://www.ncbi.nlm.nih.gov/nuccore/OR804008.1	https://pathoplexus.org/about/terms-of-use/open-data	
PP_006BZFB|2023-09-12	representatives	PP_006BZFB	https://pathoplexus.org/seq/PP_006BZFB	Pakistan	Pakistan	OPEN		https://pathoplexus.org/about/terms-of-use/open-data	PP_006BZFB	https://pathoplexus.org/seq/PP_006BZFB	OR936762.1	https://www.ncbi.nlm.nih.gov/nuccore/OR936762.1	https://pathoplexus.org/about/terms-of-use/open-data	
PP_006BZH6|2023-09-12	representatives	PP_006BZH6	https://pathoplexus.org/seq/PP_006BZH6	Pakistan	Pakistan	OPEN		https://pathoplexus.org/about/terms-of-use/open-data	PP_006BZH6	https://pathoplexus.org/seq/PP_006BZH6	OR936764.1	https://www.ncbi.nlm.nih.gov/nuccore/OR936764.1	https://pathoplexus.org/about/terms-of-use/open-data	
PP_006BZNW|2023-09-12	representatives	PP_006BZNW	https://pathoplexus.org/seq/PP_006BZNW	Pakistan	Pakistan	OPEN		https://pathoplexus.org/about/terms-of-use/open-data	PP_006BZNW	https://pathoplexus.org/seq/PP_006BZNW	OR936768.1	https://www.ncbi.nlm.nih.gov/nuccore/OR936768.1	https://pathoplexus.org/about/terms-of-use/open-data	
PP_006C79D|2023-06	representatives	PP_006C79D	https://pathoplexus.org/seq/PP_006C79D	Taiwan	Taiwan	OPEN		https://pathoplexus.org/about/terms-of-use/open-data	PP_006C79D	https://pathoplexus.org/seq/PP_006C79D	PP087792.1	https://www.ncbi.nlm.nih.gov/nuccore/PP087792.1	https://pathoplexus.org/about/terms-of-use/open-data	
PP_006CSK7|2019	representatives	PP_006CSK7	https://pathoplexus.org/seq/PP_006CSK7	Indonesia	Indonesia	OPEN		https://pathoplexus.org/about/terms-of-use/open-data	PP_006CSK7	https://pathoplexus.org/seq/PP_006CSK7	PP151909.1	https://www.ncbi.nlm.nih.gov/nuccore/PP151909.1	https://pathoplexus.org/about/terms-of-use/open-data	
PP_006CSTR|2020	representatives	PP_006CSTR	https://pathoplexus.org/seq/PP_006CSTR	Indonesia	Indonesia	OPEN		https://pathoplexus.org/about/terms-of-use/open-data	PP_006CSTR	https://pathoplexus.org/seq/PP_006CSTR	PP151917.1	https://www.ncbi.nlm.nih.gov/nuccore/PP151917.1	https://pathoplexus.org/about/terms-of-use/open-data	
PP_006CT0B|2019	representatives	PP_006CT0B	https://pathoplexus.org/seq/PP_006CT0B	Indonesia	Indonesia	OPEN		https://pathoplexus.org/about/terms-of-use/open-data	PP_006CT0B	https://pathoplexus.org/seq/PP_006CT0B	PP151924.1	https://www.ncbi.nlm.nih.gov/nuccore/PP151924.1	https://pathoplexus.org/about/terms-of-use/open-data	
PP_006CTBP|2018	representatives	PP_006CTBP	https://pathoplexus.org/seq/PP_006CTBP	Indonesia	Indonesia	OPEN		https://pathoplexus.org/about/terms-of-use/open-data	PP_006CTBP	https://pathoplexus.org/seq/PP_006CTBP	PP151935.1	https://www.ncbi.nlm.nih.gov/nuccore/PP151935.1	https://pathoplexus.org/about/terms-of-use/open-data	
PP_006CTHA|2019	representatives	PP_006CTHA	https://pathoplexus.org/seq/PP_006CTHA	Indonesia	Indonesia	OPEN		https://pathoplexus.org/about/terms-of-use/open-data	PP_006CTHA	https://pathoplexus.org/seq/PP_006CTHA	PP151941.1	https://www.ncbi.nlm.nih.gov/nuccore/PP151941.1	https://pathoplexus.org/about/terms-of-use/open-data	
PP_006CU18|2020	representatives	PP_006CU18	https://pathoplexus.org/seq/PP_006CU18	Indonesia	Indonesia	OPEN		https://pathoplexus.org/about/terms-of-use/open-data	PP_006CU18	https://pathoplexus.org/seq/PP_006CU18	PP151959.1	https://www.ncbi.nlm.nih.gov/nuccore/PP151959.1	https://pathoplexus.org/about/terms-of-use/open-data	
PP_006D28J|2023-12-06	representatives	PP_006D28J	https://pathoplexus.org/seq/PP_006D28J	Viet Nam	Vietnam	OPEN		https://pathoplexus.org/about/terms-of-use/open-data	PP_006D28J	https://pathoplexus.org/seq/PP_006D28J	PP204095.1	https://www.ncbi.nlm.nih.gov/nuccore/PP204095.1	https://pathoplexus.org/about/terms-of-use/open-data	
PP_006D32V|2019-07-01	representatives	PP_006D32V	https://pathoplexus.org/seq/PP_006D32V	Brazil	Brazil	OPEN		https://pathoplexus.org/about/terms-of-use/open-data	PP_006D32V	https://pathoplexus.org/seq/PP_006D32V	PP234946.1	https://www.ncbi.nlm.nih.gov/nuccore/PP234946.1	https://pathoplexus.org/about/terms-of-use/open-data	
PP_006D35P|2019-07-01	representatives	PP_006D35P	https://pathoplexus.org/seq/PP_006D35P	Sri Lanka	Sri Lanka	OPEN		https://pathoplexus.org/about/terms-of-use/open-data	PP_006D35P	https://pathoplexus.org/seq/PP_006D35P	PP234949.1	https://www.ncbi.nlm.nih.gov/nuccore/PP234949.1	https://pathoplexus.org/about/terms-of-use/open-data	
PP_006D3LS|2018-07-01	representatives	PP_006D3LS	https://pathoplexus.org/seq/PP_006D3LS	Colombia	Colombia	OPEN		https://pathoplexus.org/about/terms-of-use/open-data	PP_006D3LS	https://pathoplexus.org/seq/PP_006D3LS	PP234962.1	https://www.ncbi.nlm.nih.gov/nuccore/PP234962.1	https://pathoplexus.org/about/terms-of-use/open-data	
PP_006D48G|2011-12-07	representatives	PP_006D48G	https://pathoplexus.org/seq/PP_006D48G	Viet Nam	Vietnam	OPEN		https://pathoplexus.org/about/terms-of-use/open-data	PP_006D48G	https://pathoplexus.org/seq/PP_006D48G	PP269464.1	https://www.ncbi.nlm.nih.gov/nuccore/PP269464.1	https://pathoplexus.org/about/terms-of-use/open-data	
PP_006D5Y0|2012-03-21	representatives	PP_006D5Y0	https://pathoplexus.org/seq/PP_006D5Y0	Viet Nam	Vietnam	OPEN		https://pathoplexus.org/about/terms-of-use/open-data	PP_006D5Y0	https://pathoplexus.org/seq/PP_006D5Y0	PP269522.1	https://www.ncbi.nlm.nih.gov/nuccore/PP269522.1	https://pathoplexus.org/about/terms-of-use/open-data	
PP_006D8JR|2015-05-28	representatives	PP_006D8JR	https://pathoplexus.org/seq/PP_006D8JR	Viet Nam	Vietnam	OPEN		https://pathoplexus.org/about/terms-of-use/open-data	PP_006D8JR	https://pathoplexus.org/seq/PP_006D8JR	PP269610.1	https://www.ncbi.nlm.nih.gov/nuccore/PP269610.1	https://pathoplexus.org/about/terms-of-use/open-data	
PP_006D90T|2013-09-06	representatives	PP_006D90T	https://pathoplexus.org/seq/PP_006D90T	Viet Nam	Vietnam	OPEN		https://pathoplexus.org/about/terms-of-use/open-data	PP_006D90T	https://pathoplexus.org/seq/PP_006D90T	PP269626.1	https://www.ncbi.nlm.nih.gov/nuccore/PP269626.1	https://pathoplexus.org/about/terms-of-use/open-data	
PP_006D98B|2015-10-12	representatives	PP_006D98B	https://pathoplexus.org/seq/PP_006D98B	Viet Nam	Vietnam	OPEN		https://pathoplexus.org/about/terms-of-use/open-data	PP_006D98B	https://pathoplexus.org/seq/PP_006D98B	PP269634.1	https://www.ncbi.nlm.nih.gov/nuccore/PP269634.1	https://pathoplexus.org/about/terms-of-use/open-data	
PP_006DA2N|2015-01-07	representatives	PP_006DA2N	https://pathoplexus.org/seq/PP_006DA2N	Viet Nam	Vietnam	OPEN		https://pathoplexus.org/about/terms-of-use/open-data	PP_006DA2N	https://pathoplexus.org/seq/PP_006DA2N	PP269662.1	https://www.ncbi.nlm.nih.gov/nuccore/PP269662.1	https://pathoplexus.org/about/terms-of-use/open-data	
PP_006DC7A|2015-12-22	representatives	PP_006DC7A	https://pathoplexus.org/seq/PP_006DC7A	Viet Nam	Vietnam	OPEN		https://pathoplexus.org/about/terms-of-use/open-data	PP_006DC7A	https://pathoplexus.org/seq/PP_006DC7A	PP269735.1	https://www.ncbi.nlm.nih.gov/nuccore/PP269735.1	https://pathoplexus.org/about/terms-of-use/open-data	
PP_006DCQ9|2016-12-21	representatives	PP_006DCQ9	https://pathoplexus.org/seq/PP_006DCQ9	Viet Nam	Vietnam	OPEN		https://pathoplexus.org/about/terms-of-use/open-data	PP_006DCQ9	https://pathoplexus.org/seq/PP_006DCQ9	PP269752.1	https://www.ncbi.nlm.nih.gov/nuccore/PP269752.1	https://pathoplexus.org/about/terms-of-use/open-data	
PP_006DCU1|2017-02-06	representatives	PP_006DCU1	https://pathoplexus.org/seq/PP_006DCU1	Viet Nam	Vietnam	OPEN		https://pathoplexus.org/about/terms-of-use/open-data	PP_006DCU1	https://pathoplexus.org/seq/PP_006DCU1	PP269756.1	https://www.ncbi.nlm.nih.gov/nuccore/PP269756.1	https://pathoplexus.org/about/terms-of-use/open-data	
PP_006DVCH|2017-06-28	representatives	PP_006DVCH	https://pathoplexus.org/seq/PP_006DVCH	Nigeria	Nigeria	OPEN		https://pathoplexus.org/about/terms-of-use/open-data	PP_006DVCH	https://pathoplexus.org/seq/PP_006DVCH	PP455354.1	https://www.ncbi.nlm.nih.gov/nuccore/PP455354.1	https://pathoplexus.org/about/terms-of-use/open-data	
PP_006DZ8M|2023-08-28	representatives	PP_006DZ8M	https://pathoplexus.org/seq/PP_006DZ8M	China	China	OPEN		https://pathoplexus.org/about/terms-of-use/open-data	PP_006DZ8M	https://pathoplexus.org/seq/PP_006DZ8M	PP563832.1	https://www.ncbi.nlm.nih.gov/nuccore/PP563832.1	https://pathoplexus.org/about/terms-of-use/open-data	
PP_006DZF7|2023-09-29	representatives	PP_006DZF7	https://pathoplexus.org/seq/PP_006DZF7	China	China	OPEN		https://pathoplexus.org/about/terms-of-use/open-data	PP_006DZF7	https://pathoplexus.org/seq/PP_006DZF7	PP563839.1	https://www.ncbi.nlm.nih.gov/nuccore/PP563839.1	https://pathoplexus.org/about/terms-of-use/open-data	
PP_006E0QK|2023-10-13	representatives	PP_006E0QK	https://pathoplexus.org/seq/PP_006E0QK	China	China	OPEN		https://pathoplexus.org/about/terms-of-use/open-data	PP_006E0QK	https://pathoplexus.org/seq/PP_006E0QK	PP563904.1	https://www.ncbi.nlm.nih.gov/nuccore/PP563904.1	https://pathoplexus.org/about/terms-of-use/open-data	
PP_006E1E5|2023-10-08	representatives	PP_006E1E5	https://pathoplexus.org/seq/PP_006E1E5	China	China	OPEN		https://pathoplexus.org/about/terms-of-use/open-data	PP_006E1E5	https://pathoplexus.org/seq/PP_006E1E5	PP563928.1	https://www.ncbi.nlm.nih.gov/nuccore/PP563928.1	https://pathoplexus.org/about/terms-of-use/open-data	
PP_006E2BA|2023-11-10	representatives	PP_006E2BA	https://pathoplexus.org/seq/PP_006E2BA	China	China	OPEN		https://pathoplexus.org/about/terms-of-use/open-data	PP_006E2BA	https://pathoplexus.org/seq/PP_006E2BA	PP563959.1	https://www.ncbi.nlm.nih.gov/nuccore/PP563959.1	https://pathoplexus.org/about/terms-of-use/open-data	
PP_006EK71|2012	representatives	PP_006EK71	https://pathoplexus.org/seq/PP_006EK71	Saint Vincent and the Grenadines	Saint Vincent and the Grenadines	OPEN		https://pathoplexus.org/about/terms-of-use/open-data	PP_006EK71	https://pathoplexus.org/seq/PP_006EK71	PP695350.1	https://www.ncbi.nlm.nih.gov/nuccore/PP695350.1	https://pathoplexus.org/about/terms-of-use/open-data	
PP_006F3SA|2022-04-06	representatives	PP_006F3SA	https://pathoplexus.org/seq/PP_006F3SA	Colombia	Colombia	OPEN		https://pathoplexus.org/about/terms-of-use/open-data	PP_006F3SA	https://pathoplexus.org/seq/PP_006F3SA	PP957576.1	https://www.ncbi.nlm.nih.gov/nuccore/PP957576.1	https://pathoplexus.org/about/terms-of-use/open-data	
PP_006F3V4|2021-08-24	representatives	PP_006F3V4	https://pathoplexus.org/seq/PP_006F3V4	Colombia	Colombia	OPEN		https://pathoplexus.org/about/terms-of-use/open-data	PP_006F3V4	https://pathoplexus.org/seq/PP_006F3V4	PP957579.1	https://www.ncbi.nlm.nih.gov/nuccore/PP957579.1	https://pathoplexus.org/about/terms-of-use/open-data	
PP_006F46G|2022-07-24	representatives	PP_006F46G	https://pathoplexus.org/seq/PP_006F46G	Colombia	Colombia	OPEN		https://pathoplexus.org/about/terms-of-use/open-data	PP_006F46G	https://pathoplexus.org/seq/PP_006F46G	PP957590.1	https://www.ncbi.nlm.nih.gov/nuccore/PP957590.1	https://pathoplexus.org/about/terms-of-use/open-data	
PP_006F4RB|2023-11-23	representatives	PP_006F4RB	https://pathoplexus.org/seq/PP_006F4RB	Colombia	Colombia	OPEN		https://pathoplexus.org/about/terms-of-use/open-data	PP_006F4RB	https://pathoplexus.org/seq/PP_006F4RB	PP982958.1	https://www.ncbi.nlm.nih.gov/nuccore/PP982958.1	https://pathoplexus.org/about/terms-of-use/open-data	
PP_006F4ZV|2024-02-20	representatives	PP_006F4ZV	https://pathoplexus.org/seq/PP_006F4ZV	Colombia	Colombia	OPEN		https://pathoplexus.org/about/terms-of-use/open-data	PP_006F4ZV	https://pathoplexus.org/seq/PP_006F4ZV	PP982966.1	https://www.ncbi.nlm.nih.gov/nuccore/PP982966.1	https://pathoplexus.org/about/terms-of-use/open-data	
PP_006FCGN|2023-09-25	representatives	PP_006FCGN	https://pathoplexus.org/seq/PP_006FCGN	USA	USA	OPEN		https://pathoplexus.org/about/terms-of-use/open-data	PP_006FCGN	https://pathoplexus.org/seq/PP_006FCGN	PQ154994.1	https://www.ncbi.nlm.nih.gov/nuccore/PQ154994.1	https://pathoplexus.org/about/terms-of-use/open-data	
PP_006FEAY|2019-08-07	representatives	PP_006FEAY	https://pathoplexus.org/seq/PP_006FEAY	Viet Nam	Vietnam	OPEN		https://pathoplexus.org/about/terms-of-use/open-data	PP_006FEAY	https://pathoplexus.org/seq/PP_006FEAY	PQ158471.1	https://www.ncbi.nlm.nih.gov/nuccore/PQ158471.1	https://pathoplexus.org/about/terms-of-use/open-data	
PP_006FFBV|2023-09-14	representatives	PP_006FFBV	https://pathoplexus.org/seq/PP_006FFBV	Italy	Italy	OPEN		https://pathoplexus.org/about/terms-of-use/open-data	PP_006FFBV	https://pathoplexus.org/seq/PP_006FFBV	PQ182388.1	https://www.ncbi.nlm.nih.gov/nuccore/PQ182388.1	https://pathoplexus.org/about/terms-of-use/open-data	
PP_006FFVS|2024-06-05	representatives	PP_006FFVS	https://pathoplexus.org/seq/PP_006FFVS	USA	USA	OPEN		https://pathoplexus.org/about/terms-of-use/open-data	PP_006FFVS	https://pathoplexus.org/seq/PP_006FFVS	PQ207068.1	https://www.ncbi.nlm.nih.gov/nuccore/PQ207068.1	https://pathoplexus.org/about/terms-of-use/open-data	
PP_006FGCS|2013-05	representatives	PP_006FGCS	https://pathoplexus.org/seq/PP_006FGCS	Kenya	Kenya	OPEN		https://pathoplexus.org/about/terms-of-use/open-data	PP_006FGCS	https://pathoplexus.org/seq/PP_006FGCS	PQ218486.1	https://www.ncbi.nlm.nih.gov/nuccore/PQ218486.1	https://pathoplexus.org/about/terms-of-use/open-data	
PP_006FGFL|2010-04	representatives	PP_006FGFL	https://pathoplexus.org/seq/PP_006FGFL	Eritrea	Eritrea	OPEN		https://pathoplexus.org/about/terms-of-use/open-data	PP_006FGFL	https://pathoplexus.org/seq/PP_006FGFL	PQ218489.1	https://www.ncbi.nlm.nih.gov/nuccore/PQ218489.1	https://pathoplexus.org/about/terms-of-use/open-data	
PP_006FK0D|2024-08-16	representatives	PP_006FK0D	https://pathoplexus.org/seq/PP_006FK0D	USA	USA	OPEN		https://pathoplexus.org/about/terms-of-use/open-data	PP_006FK0D	https://pathoplexus.org/seq/PP_006FK0D	PQ340844.1	https://www.ncbi.nlm.nih.gov/nuccore/PQ340844.1	https://pathoplexus.org/about/terms-of-use/open-data	
PP_006FLK7|2019-07-12	representatives	PP_006FLK7	https://pathoplexus.org/seq/PP_006FLK7	Cambodia	Cambodia	OPEN		https://pathoplexus.org/about/terms-of-use/open-data	PP_006FLK7	https://pathoplexus.org/seq/PP_006FLK7	PQ357558.1	https://www.ncbi.nlm.nih.gov/nuccore/PQ357558.1	https://pathoplexus.org/about/terms-of-use/open-data	
PP_006FP6X|2024-04-14	representatives	PP_006FP6X	https://pathoplexus.org/seq/PP_006FP6X	Peru	Peru	OPEN		https://pathoplexus.org/about/terms-of-use/open-data	PP_006FP6X	https://pathoplexus.org/seq/PP_006FP6X	PQ467837.1	https://www.ncbi.nlm.nih.gov/nuccore/PQ467837.1	https://pathoplexus.org/about/terms-of-use/open-data	
PP_006FPDH|2024-04-17	representatives	PP_006FPDH	https://pathoplexus.org/seq/PP_006FPDH	Peru	Peru	OPEN		https://pathoplexus.org/about/terms-of-use/open-data	PP_006FPDH	https://pathoplexus.org/seq/PP_006FPDH	PQ467844.1	https://www.ncbi.nlm.nih.gov/nuccore/PQ467844.1	https://pathoplexus.org/about/terms-of-use/open-data	
PP_006FPEF|2024-04-13	representatives	PP_006FPEF	https://pathoplexus.org/seq/PP_006FPEF	Peru	Peru	OPEN		https://pathoplexus.org/about/terms-of-use/open-data	PP_006FPEF	https://pathoplexus.org/seq/PP_006FPEF	PQ467845.1	https://www.ncbi.nlm.nih.gov/nuccore/PQ467845.1	https://pathoplexus.org/about/terms-of-use/open-data	
PP_006FRYA|2024-07-09	representatives	PP_006FRYA	https://pathoplexus.org/seq/PP_006FRYA	Pakistan	Pakistan	OPEN		https://pathoplexus.org/about/terms-of-use/open-data	PP_006FRYA	https://pathoplexus.org/seq/PP_006FRYA	PQ533824.1	https://www.ncbi.nlm.nih.gov/nuccore/PQ533824.1	https://pathoplexus.org/about/terms-of-use/open-data	
PP_006FY3U|2024-08-24	representatives	PP_006FY3U	https://pathoplexus.org/seq/PP_006FY3U	USA	USA	OPEN		https://pathoplexus.org/about/terms-of-use/open-data	PP_006FY3U	https://pathoplexus.org/seq/PP_006FY3U	PQ617130.1	https://www.ncbi.nlm.nih.gov/nuccore/PQ617130.1	https://pathoplexus.org/about/terms-of-use/open-data	
PP_006G7U0|2008	representatives	PP_006G7U0	https://pathoplexus.org/seq/PP_006G7U0	Viet Nam	Vietnam	OPEN		https://pathoplexus.org/about/terms-of-use/open-data	PP_006G7U0	https://pathoplexus.org/seq/PP_006G7U0	PQ844893.1	https://www.ncbi.nlm.nih.gov/nuccore/PQ844893.1	https://pathoplexus.org/about/terms-of-use/open-data	
PP_006G7XU|2008	representatives	PP_006G7XU	https://pathoplexus.org/seq/PP_006G7XU	Viet Nam	Vietnam	OPEN		https://pathoplexus.org/about/terms-of-use/open-data	PP_006G7XU	https://pathoplexus.org/seq/PP_006G7XU	PQ844896.1	https://www.ncbi.nlm.nih.gov/nuccore/PQ844896.1	https://pathoplexus.org/about/terms-of-use/open-data	
PP_006G7YS|2008	representatives	PP_006G7YS	https://pathoplexus.org/seq/PP_006G7YS	Viet Nam	Vietnam	OPEN		https://pathoplexus.org/about/terms-of-use/open-data	PP_006G7YS	https://pathoplexus.org/seq/PP_006G7YS	PQ844897.1	https://www.ncbi.nlm.nih.gov/nuccore/PQ844897.1	https://pathoplexus.org/about/terms-of-use/open-data	
PP_006G94D|2009	representatives	PP_006G94D	https://pathoplexus.org/seq/PP_006G94D	Viet Nam	Vietnam	OPEN		https://pathoplexus.org/about/terms-of-use/open-data	PP_006G94D	https://pathoplexus.org/seq/PP_006G94D	PQ844937.1	https://www.ncbi.nlm.nih.gov/nuccore/PQ844937.1	https://pathoplexus.org/about/terms-of-use/open-data	
PP_006G9DV|2008	representatives	PP_006G9DV	https://pathoplexus.org/seq/PP_006G9DV	Viet Nam	Vietnam	OPEN		https://pathoplexus.org/about/terms-of-use/open-data	PP_006G9DV	https://pathoplexus.org/seq/PP_006G9DV	PQ844946.1	https://www.ncbi.nlm.nih.gov/nuccore/PQ844946.1	https://pathoplexus.org/about/terms-of-use/open-data	
PP_006GA0L|2008	representatives	PP_006GA0L	https://pathoplexus.org/seq/PP_006GA0L	Viet Nam	Vietnam	OPEN		https://pathoplexus.org/about/terms-of-use/open-data	PP_006GA0L	https://pathoplexus.org/seq/PP_006GA0L	PQ844967.1	https://www.ncbi.nlm.nih.gov/nuccore/PQ844967.1	https://pathoplexus.org/about/terms-of-use/open-data	
PP_006GA68|2008	representatives	PP_006GA68	https://pathoplexus.org/seq/PP_006GA68	Viet Nam	Vietnam	OPEN		https://pathoplexus.org/about/terms-of-use/open-data	PP_006GA68	https://pathoplexus.org/seq/PP_006GA68	PQ844973.1	https://www.ncbi.nlm.nih.gov/nuccore/PQ844973.1	https://pathoplexus.org/about/terms-of-use/open-data	
PP_006GAES|2007	representatives	PP_006GAES	https://pathoplexus.org/seq/PP_006GAES	Viet Nam	Vietnam	OPEN		https://pathoplexus.org/about/terms-of-use/open-data	PP_006GAES	https://pathoplexus.org/seq/PP_006GAES	PQ844981.1	https://www.ncbi.nlm.nih.gov/nuccore/PQ844981.1	https://pathoplexus.org/about/terms-of-use/open-data	
PP_006GAGN|2008	representatives	PP_006GAGN	https://pathoplexus.org/seq/PP_006GAGN	Viet Nam	Vietnam	OPEN		https://pathoplexus.org/about/terms-of-use/open-data	PP_006GAGN	https://pathoplexus.org/seq/PP_006GAGN	PQ844983.1	https://www.ncbi.nlm.nih.gov/nuccore/PQ844983.1	https://pathoplexus.org/about/terms-of-use/open-data	
PP_006GB4B|2008	representatives	PP_006GB4B	https://pathoplexus.org/seq/PP_006GB4B	Viet Nam	Vietnam	OPEN		https://pathoplexus.org/about/terms-of-use/open-data	PP_006GB4B	https://pathoplexus.org/seq/PP_006GB4B	PQ845005.1	https://www.ncbi.nlm.nih.gov/nuccore/PQ845005.1	https://pathoplexus.org/about/terms-of-use/open-data	
PP_006GB67|2024-04-11	representatives	PP_006GB67	https://pathoplexus.org/seq/PP_006GB67	Colombia	Colombia	OPEN		https://pathoplexus.org/about/terms-of-use/open-data	PP_006GB67	https://pathoplexus.org/seq/PP_006GB67	PQ851422.1	https://www.ncbi.nlm.nih.gov/nuccore/PQ851422.1	https://pathoplexus.org/about/terms-of-use/open-data	
PP_006GB75|2024-04-14	representatives	PP_006GB75	https://pathoplexus.org/seq/PP_006GB75	Colombia	Colombia	OPEN		https://pathoplexus.org/about/terms-of-use/open-data	PP_006GB75	https://pathoplexus.org/seq/PP_006GB75	PQ851423.1	https://www.ncbi.nlm.nih.gov/nuccore/PQ851423.1	https://pathoplexus.org/about/terms-of-use/open-data	
PP_006GB83|2024-06-24	representatives	PP_006GB83	https://pathoplexus.org/seq/PP_006GB83	Colombia	Colombia	OPEN		https://pathoplexus.org/about/terms-of-use/open-data	PP_006GB83	https://pathoplexus.org/seq/PP_006GB83	PQ851424.1	https://www.ncbi.nlm.nih.gov/nuccore/PQ851424.1	https://pathoplexus.org/about/terms-of-use/open-data	
PP_006GE1E|2024-11-12	representatives	PP_006GE1E	https://pathoplexus.org/seq/PP_006GE1E	USA	USA	OPEN		https://pathoplexus.org/about/terms-of-use/open-data	PP_006GE1E	https://pathoplexus.org/seq/PP_006GE1E	PQ868290.1	https://www.ncbi.nlm.nih.gov/nuccore/PQ868290.1	https://pathoplexus.org/about/terms-of-use/open-data	
PP_006GFYJ|2011-03-01	representatives	PP_006GFYJ	https://pathoplexus.org/seq/PP_006GFYJ	Colombia	Colombia	OPEN		https://pathoplexus.org/about/terms-of-use/open-data	PP_006GFYJ	https://pathoplexus.org/seq/PP_006GFYJ	PV088275.1	https://www.ncbi.nlm.nih.gov/nuccore/PV088275.1	https://pathoplexus.org/about/terms-of-use/open-data	
PP_006GK51|2023-12-27	representatives	PP_006GK51	https://pathoplexus.org/seq/PP_006GK51	China	China	OPEN		https://pathoplexus.org/about/terms-of-use/open-data	PP_006GK51	https://pathoplexus.org/seq/PP_006GK51	PV162554.1	https://www.ncbi.nlm.nih.gov/nuccore/PV162554.1	https://pathoplexus.org/about/terms-of-use/open-data	
PP_006GKQW|2024-03	representatives	PP_006GKQW	https://pathoplexus.org/seq/PP_006GKQW	Cambodia	Cambodia	OPEN		https://pathoplexus.org/about/terms-of-use/open-data	PP_006GKQW	https://pathoplexus.org/seq/PP_006GKQW	PV290914.1	https://www.ncbi.nlm.nih.gov/nuccore/PV290914.1	https://pathoplexus.org/about/terms-of-use/open-data	
PP_006GM6X|2015-11-12	representatives	PP_006GM6X	https://pathoplexus.org/seq/PP_006GM6X	Thailand	Thailand	OPEN		https://pathoplexus.org/about/terms-of-use/open-data	PP_006GM6X	https://pathoplexus.org/seq/PP_006GM6X	PV344257.1	https://www.ncbi.nlm.nih.gov/nuccore/PV344257.1	https://pathoplexus.org/about/terms-of-use/open-data	
PP_006GM9R|2017-06-12	representatives	PP_006GM9R	https://pathoplexus.org/seq/PP_006GM9R	Thailand	Thailand	OPEN		https://pathoplexus.org/about/terms-of-use/open-data	PP_006GM9R	https://pathoplexus.org/seq/PP_006GM9R	PV344260.1	https://www.ncbi.nlm.nih.gov/nuccore/PV344260.1	https://pathoplexus.org/about/terms-of-use/open-data	
PP_006GMH8|2015-11-12	representatives	PP_006GMH8	https://pathoplexus.org/seq/PP_006GMH8	Thailand	Thailand	OPEN		https://pathoplexus.org/about/terms-of-use/open-data	PP_006GMH8	https://pathoplexus.org/seq/PP_006GMH8	PV344268.1	https://www.ncbi.nlm.nih.gov/nuccore/PV344268.1	https://pathoplexus.org/about/terms-of-use/open-data	
PP_006GMK4|2018-09-11	representatives	PP_006GMK4	https://pathoplexus.org/seq/PP_006GMK4	Thailand	Thailand	OPEN		https://pathoplexus.org/about/terms-of-use/open-data	PP_006GMK4	https://pathoplexus.org/seq/PP_006GMK4	PV344270.1	https://www.ncbi.nlm.nih.gov/nuccore/PV344270.1	https://pathoplexus.org/about/terms-of-use/open-data	
PP_006GMSQ|2019-08-20	representatives	PP_006GMSQ	https://pathoplexus.org/seq/PP_006GMSQ	Thailand	Thailand	OPEN		https://pathoplexus.org/about/terms-of-use/open-data	PP_006GMSQ	https://pathoplexus.org/seq/PP_006GMSQ	PV344277.1	https://www.ncbi.nlm.nih.gov/nuccore/PV344277.1	https://pathoplexus.org/about/terms-of-use/open-data	
PP_006GMTN|2019-08-20	representatives	PP_006GMTN	https://pathoplexus.org/seq/PP_006GMTN	Thailand	Thailand	OPEN		https://pathoplexus.org/about/terms-of-use/open-data	PP_006GMTN	https://pathoplexus.org/seq/PP_006GMTN	PV344278.1	https://www.ncbi.nlm.nih.gov/nuccore/PV344278.1	https://pathoplexus.org/about/terms-of-use/open-data	
PP_006GSCE|2024-10	representatives	PP_006GSCE	https://pathoplexus.org/seq/PP_006GSCE	Indonesia	Indonesia	OPEN		https://pathoplexus.org/about/terms-of-use/open-data	PP_006GSCE	https://pathoplexus.org/seq/PP_006GSCE	PV390957.1	https://www.ncbi.nlm.nih.gov/nuccore/PV390957.1	https://pathoplexus.org/about/terms-of-use/open-data	
PP_006GWPM|2023-10-24	representatives	PP_006GWPM	https://pathoplexus.org/seq/PP_006GWPM	Mali	Mali	OPEN		https://pathoplexus.org/about/terms-of-use/open-data	PP_006GWPM	https://pathoplexus.org/seq/PP_006GWPM	PV476196.1	https://www.ncbi.nlm.nih.gov/nuccore/PV476196.1	https://pathoplexus.org/about/terms-of-use/open-data	
PP_006GWQK|2023-10-10	representatives	PP_006GWQK	https://pathoplexus.org/seq/PP_006GWQK	Mali	Mali	OPEN		https://pathoplexus.org/about/terms-of-use/open-data	PP_006GWQK	https://pathoplexus.org/seq/PP_006GWQK	PV476197.1	https://www.ncbi.nlm.nih.gov/nuccore/PV476197.1	https://pathoplexus.org/about/terms-of-use/open-data	
PP_006GWSF|2024-08-13	representatives	PP_006GWSF	https://pathoplexus.org/seq/PP_006GWSF	Mexico	Mexico	OPEN		https://pathoplexus.org/about/terms-of-use/open-data	PP_006GWSF	https://pathoplexus.org/seq/PP_006GWSF	PV490568.1	https://www.ncbi.nlm.nih.gov/nuccore/PV490568.1	https://pathoplexus.org/about/terms-of-use/open-data	
PP_006H34G|2024-10-20	representatives	PP_006H34G	https://pathoplexus.org/seq/PP_006H34G	China	China	OPEN		https://pathoplexus.org/about/terms-of-use/open-data	PP_006H34G	https://pathoplexus.org/seq/PP_006H34G	PV571636.1	https://www.ncbi.nlm.nih.gov/nuccore/PV571636.1	https://pathoplexus.org/about/terms-of-use/open-data	
PP_006H3U1|2024-09-07	representatives	PP_006H3U1	https://pathoplexus.org/seq/PP_006H3U1	China	China	OPEN		https://pathoplexus.org/about/terms-of-use/open-data	PP_006H3U1	https://pathoplexus.org/seq/PP_006H3U1	PV571660.1	https://www.ncbi.nlm.nih.gov/nuccore/PV571660.1	https://pathoplexus.org/about/terms-of-use/open-data	
PP_006H3WX|2024-10-23	representatives	PP_006H3WX	https://pathoplexus.org/seq/PP_006H3WX	China	China	OPEN		https://pathoplexus.org/about/terms-of-use/open-data	PP_006H3WX	https://pathoplexus.org/seq/PP_006H3WX	PV571662.1	https://www.ncbi.nlm.nih.gov/nuccore/PV571662.1	https://pathoplexus.org/about/terms-of-use/open-data	
PP_006H3XV|2024-12-13	representatives	PP_006H3XV	https://pathoplexus.org/seq/PP_006H3XV	China	China	OPEN		https://pathoplexus.org/about/terms-of-use/open-data	PP_006H3XV	https://pathoplexus.org/seq/PP_006H3XV	PV571663.1	https://www.ncbi.nlm.nih.gov/nuccore/PV571663.1	https://pathoplexus.org/about/terms-of-use/open-data	
PP_006HCWN|2021-04-20	representatives	PP_006HCWN	https://pathoplexus.org/seq/PP_006HCWN	Reunion	Réunion	OPEN		https://pathoplexus.org/about/terms-of-use/open-data	PP_006HCWN	https://pathoplexus.org/seq/PP_006HCWN	PV687481.1	https://www.ncbi.nlm.nih.gov/nuccore/PV687481.1	https://pathoplexus.org/about/terms-of-use/open-data	
PP_006HD9W|2025-01-16	representatives	PP_006HD9W	https://pathoplexus.org/seq/PP_006HD9W	Kenya	Kenya	OPEN		https://pathoplexus.org/about/terms-of-use/open-data	PP_006HD9W	https://pathoplexus.org/seq/PP_006HD9W	PV717358.1	https://www.ncbi.nlm.nih.gov/nuccore/PV717358.1	https://pathoplexus.org/about/terms-of-use/open-data	
PP_006HGPY|2025-04-05	representatives	PP_006HGPY	https://pathoplexus.org/seq/PP_006HGPY	USA	USA	OPEN		https://pathoplexus.org/about/terms-of-use/open-data	PP_006HGPY	https://pathoplexus.org/seq/PP_006HGPY	PV833223.1	https://www.ncbi.nlm.nih.gov/nuccore/PV833223.1	https://pathoplexus.org/about/terms-of-use/open-data	
PP_006LGY8|2022-04-20	representatives	PP_006LGY8	https://pathoplexus.org/seq/PP_006LGY8	Brazil	Brazil	RESTRICTED	2027-03-17	https://pathoplexus.org/about/terms-of-use/restricted-data	PP_006LGY8	https://pathoplexus.org/seq/PP_006LGY8			https://pathoplexus.org/about/terms-of-use/restricted-data	2027-03-17
PP_006NXVV|2023-03-29	representatives	PP_006NXVV	https://pathoplexus.org/seq/PP_006NXVV	Brazil	Brazil	RESTRICTED	2027-03-17	https://pathoplexus.org/about/terms-of-use/restricted-data	PP_006NXVV	https://pathoplexus.org/seq/PP_006NXVV			https://pathoplexus.org/about/terms-of-use/restricted-data	2027-03-17
PP_006NZHH|2023-02-03	representatives	PP_006NZHH	https://pathoplexus.org/seq/PP_006NZHH	Brazil	Brazil	RESTRICTED	2027-03-17	https://pathoplexus.org/about/terms-of-use/restricted-data	PP_006NZHH	https://pathoplexus.org/seq/PP_006NZHH			https://pathoplexus.org/about/terms-of-use/restricted-data	2027-03-17
PP_006RZHB|2019-03-25	representatives	PP_006RZHB	https://pathoplexus.org/seq/PP_006RZHB	Brazil	Brazil	OPEN		https://pathoplexus.org/about/terms-of-use/open-data	PP_006RZHB	https://pathoplexus.org/seq/PP_006RZHB	PV205222.1	https://www.ncbi.nlm.nih.gov/nuccore/PV205222.1	https://pathoplexus.org/about/terms-of-use/open-data	
PP_006S08T|2021-05-26	representatives	PP_006S08T	https://pathoplexus.org/seq/PP_006S08T	Brazil	Brazil	OPEN		https://pathoplexus.org/about/terms-of-use/open-data	PP_006S08T	https://pathoplexus.org/seq/PP_006S08T	PV205247.1	https://www.ncbi.nlm.nih.gov/nuccore/PV205247.1	https://pathoplexus.org/about/terms-of-use/open-data	
PP_006S1BL|2019-08-19	representatives	PP_006S1BL	https://pathoplexus.org/seq/PP_006S1BL	Brazil	Brazil	OPEN		https://pathoplexus.org/about/terms-of-use/open-data	PP_006S1BL	https://pathoplexus.org/seq/PP_006S1BL	PV205284.1	https://www.ncbi.nlm.nih.gov/nuccore/PV205284.1	https://pathoplexus.org/about/terms-of-use/open-data	
PP_006S5MV|2022-03-23	representatives	PP_006S5MV	https://pathoplexus.org/seq/PP_006S5MV	Brazil	Brazil	OPEN		https://pathoplexus.org/about/terms-of-use/open-data	PP_006S5MV	https://pathoplexus.org/seq/PP_006S5MV	PV205430.1	https://www.ncbi.nlm.nih.gov/nuccore/PV205430.1	https://pathoplexus.org/about/terms-of-use/open-data	
PP_006SEQE|2021-04-06	representatives	PP_006SEQE	https://pathoplexus.org/seq/PP_006SEQE	Brazil	Brazil	OPEN		https://pathoplexus.org/about/terms-of-use/open-data	PP_006SEQE	https://pathoplexus.org/seq/PP_006SEQE	PV205739.1	https://www.ncbi.nlm.nih.gov/nuccore/PV205739.1	https://pathoplexus.org/about/terms-of-use/open-data	
PP_00745M5|2022-03-10	representatives	PP_00745M5	https://pathoplexus.org/seq/PP_00745M5	Brazil	Brazil	RESTRICTED	2027-06-16	https://pathoplexus.org/about/terms-of-use/restricted-data	PP_00745M5	https://pathoplexus.org/seq/PP_00745M5			https://pathoplexus.org/about/terms-of-use/restricted-data	2027-06-16
PP_00746P0|2021-03-29	representatives	PP_00746P0	https://pathoplexus.org/seq/PP_00746P0	Brazil	Brazil	RESTRICTED	2027-06-16	https://pathoplexus.org/about/terms-of-use/restricted-data	PP_00746P0	https://pathoplexus.org/seq/PP_00746P0			https://pathoplexus.org/about/terms-of-use/restricted-data	2027-06-16
PP_00747CN|2022-04-22	representatives	PP_00747CN	https://pathoplexus.org/seq/PP_00747CN	Brazil	Brazil	RESTRICTED	2027-06-16	https://pathoplexus.org/about/terms-of-use/restricted-data	PP_00747CN	https://pathoplexus.org/seq/PP_00747CN			https://pathoplexus.org/about/terms-of-use/restricted-data	2027-06-16
PP_0074851|2021-04-01	representatives	PP_0074851	https://pathoplexus.org/seq/PP_0074851	Brazil	Brazil	RESTRICTED	2027-06-16	https://pathoplexus.org/about/terms-of-use/restricted-data	PP_0074851	https://pathoplexus.org/seq/PP_0074851			https://pathoplexus.org/about/terms-of-use/restricted-data	2027-06-16
PP_0074CSN|2021-04-13	representatives	PP_0074CSN	https://pathoplexus.org/seq/PP_0074CSN	Brazil	Brazil	RESTRICTED	2027-06-16	https://pathoplexus.org/about/terms-of-use/restricted-data	PP_0074CSN	https://pathoplexus.org/seq/PP_0074CSN			https://pathoplexus.org/about/terms-of-use/restricted-data	2027-06-16
PP_0074CUJ|2021-04-13	representatives	PP_0074CUJ	https://pathoplexus.org/seq/PP_0074CUJ	Brazil	Brazil	RESTRICTED	2027-06-16	https://pathoplexus.org/about/terms-of-use/restricted-data	PP_0074CUJ	https://pathoplexus.org/seq/PP_0074CUJ			https://pathoplexus.org/about/terms-of-use/restricted-data	2027-06-16
PP_0074D30|2022-03-21	representatives	PP_0074D30	https://pathoplexus.org/seq/PP_0074D30	Brazil	Brazil	RESTRICTED	2027-06-16	https://pathoplexus.org/about/terms-of-use/restricted-data	PP_0074D30	https://pathoplexus.org/seq/PP_0074D30			https://pathoplexus.org/about/terms-of-use/restricted-data	2027-06-16
PP_0074E7R|2022-03-23	representatives	PP_0074E7R	https://pathoplexus.org/seq/PP_0074E7R	Brazil	Brazil	RESTRICTED	2027-06-16	https://pathoplexus.org/about/terms-of-use/restricted-data	PP_0074E7R	https://pathoplexus.org/seq/PP_0074E7R			https://pathoplexus.org/about/terms-of-use/restricted-data	2027-06-16
PP_0074F5U|2021-05-08	representatives	PP_0074F5U	https://pathoplexus.org/seq/PP_0074F5U	Brazil	Brazil	RESTRICTED	2027-06-16	https://pathoplexus.org/about/terms-of-use/restricted-data	PP_0074F5U	https://pathoplexus.org/seq/PP_0074F5U			https://pathoplexus.org/about/terms-of-use/restricted-data	2027-06-16
PP_0074FBG|2021-05-03	representatives	PP_0074FBG	https://pathoplexus.org/seq/PP_0074FBG	Brazil	Brazil	RESTRICTED	2027-06-16	https://pathoplexus.org/about/terms-of-use/restricted-data	PP_0074FBG	https://pathoplexus.org/seq/PP_0074FBG			https://pathoplexus.org/about/terms-of-use/restricted-data	2027-06-16
PP_006HJ5Z|2023	examples	PP_006HJ5Z	https://pathoplexus.org/seq/PP_006HJ5Z	China	China	OPEN		https://pathoplexus.org/about/terms-of-use/open-data	PP_006HJ5Z	https://pathoplexus.org/seq/PP_006HJ5Z	PV879518.1	https://www.ncbi.nlm.nih.gov/nuccore/PV879518.1	https://pathoplexus.org/about/terms-of-use/open-data	
PP_006F49A|2022-12-11	examples	PP_006F49A	https://pathoplexus.org/seq/PP_006F49A	Colombia	Colombia	OPEN		https://pathoplexus.org/about/terms-of-use/open-data	PP_006F49A	https://pathoplexus.org/seq/PP_006F49A	PP957593.1	https://www.ncbi.nlm.nih.gov/nuccore/PP957593.1	https://pathoplexus.org/about/terms-of-use/open-data	
PP_006GTKY|2024-08-01	examples	PP_006GTKY	https://pathoplexus.org/seq/PP_006GTKY	Brazil	Brazil	OPEN		https://pathoplexus.org/about/terms-of-use/open-data	PP_006GTKY	https://pathoplexus.org/seq/PP_006GTKY	PV436981.1	https://www.ncbi.nlm.nih.gov/nuccore/PV436981.1	https://pathoplexus.org/about/terms-of-use/open-data	
PP_006G9VW|2008	examples	PP_006G9VW	https://pathoplexus.org/seq/PP_006G9VW	Viet Nam	Vietnam	OPEN		https://pathoplexus.org/about/terms-of-use/open-data	PP_006G9VW	https://pathoplexus.org/seq/PP_006G9VW	PQ844962.1	https://www.ncbi.nlm.nih.gov/nuccore/PQ844962.1	https://pathoplexus.org/about/terms-of-use/open-data	
PP_006FGEN|2010-04	examples	PP_006FGEN	https://pathoplexus.org/seq/PP_006FGEN	Eritrea	Eritrea	OPEN		https://pathoplexus.org/about/terms-of-use/open-data	PP_006FGEN	https://pathoplexus.org/seq/PP_006FGEN	PQ218488.1	https://www.ncbi.nlm.nih.gov/nuccore/PQ218488.1	https://pathoplexus.org/about/terms-of-use/open-data	
PP_006F4XZ|2023-11-12	examples	PP_006F4XZ	https://pathoplexus.org/seq/PP_006F4XZ	Colombia	Colombia	OPEN		https://pathoplexus.org/about/terms-of-use/open-data	PP_006F4XZ	https://pathoplexus.org/seq/PP_006F4XZ	PP982964.1	https://www.ncbi.nlm.nih.gov/nuccore/PP982964.1	https://pathoplexus.org/about/terms-of-use/open-data	
PP_0068RMC|2013-08-05	examples	PP_0068RMC	https://pathoplexus.org/seq/PP_0068RMC	Puerto Rico	Puerto Rico	OPEN		https://pathoplexus.org/about/terms-of-use/open-data	PP_0068RMC	https://pathoplexus.org/seq/PP_0068RMC	OQ821368.1	https://www.ncbi.nlm.nih.gov/nuccore/OQ821368.1	https://pathoplexus.org/about/terms-of-use/open-data	
PP_0068QS3|2022-06-17	examples	PP_0068QS3	https://pathoplexus.org/seq/PP_0068QS3	Cuba	Cuba	OPEN		https://pathoplexus.org/about/terms-of-use/open-data	PP_0068QS3	https://pathoplexus.org/seq/PP_0068QS3	OQ821343.1	https://www.ncbi.nlm.nih.gov/nuccore/OQ821343.1	https://pathoplexus.org/about/terms-of-use/open-data	
PP_00609GM|2017-03-11	examples	PP_00609GM	https://pathoplexus.org/seq/PP_00609GM	New Caledonia	New Caledonia	OPEN		https://pathoplexus.org/about/terms-of-use/open-data	PP_00609GM	https://pathoplexus.org/seq/PP_00609GM	MW315193.1	https://www.ncbi.nlm.nih.gov/nuccore/MW315193.1	https://pathoplexus.org/about/terms-of-use/open-data	
PP_006401J|2013	examples	PP_006401J	https://pathoplexus.org/seq/PP_006401J	Nicaragua	Nicaragua	OPEN		https://pathoplexus.org/about/terms-of-use/open-data	PP_006401J	https://pathoplexus.org/seq/PP_006401J	MZ008443.1	https://www.ncbi.nlm.nih.gov/nuccore/MZ008443.1	https://pathoplexus.org/about/terms-of-use/open-data	
PP_0062Y1Q|1996	examples	PP_0062Y1Q	https://pathoplexus.org/seq/PP_0062Y1Q	Thailand	Thailand	OPEN		https://pathoplexus.org/about/terms-of-use/open-data	PP_0062Y1Q	https://pathoplexus.org/seq/PP_0062Y1Q	MW945777.1	https://www.ncbi.nlm.nih.gov/nuccore/MW945777.1	https://pathoplexus.org/about/terms-of-use/open-data	
PP_0062ZDZ|2006	examples	PP_0062ZDZ	https://pathoplexus.org/seq/PP_0062ZDZ	Thailand	Thailand	OPEN		https://pathoplexus.org/about/terms-of-use/open-data	PP_0062ZDZ	https://pathoplexus.org/seq/PP_0062ZDZ	MW945823.1	https://www.ncbi.nlm.nih.gov/nuccore/MW945823.1	https://pathoplexus.org/about/terms-of-use/open-data	
PP_0062ZJN|2006	examples	PP_0062ZJN	https://pathoplexus.org/seq/PP_0062ZJN	Thailand	Thailand	OPEN		https://pathoplexus.org/about/terms-of-use/open-data	PP_0062ZJN	https://pathoplexus.org/seq/PP_0062ZJN	MW945828.1	https://www.ncbi.nlm.nih.gov/nuccore/MW945828.1	https://pathoplexus.org/about/terms-of-use/open-data	
PP_00634WR|1983	examples	PP_00634WR	https://pathoplexus.org/seq/PP_00634WR	Thailand	Thailand	OPEN		https://pathoplexus.org/about/terms-of-use/open-data	PP_00634WR	https://pathoplexus.org/seq/PP_00634WR	MW946010.1	https://www.ncbi.nlm.nih.gov/nuccore/MW946010.1	https://pathoplexus.org/about/terms-of-use/open-data	
PP_00636P3|1996	examples	PP_00636P3	https://pathoplexus.org/seq/PP_00636P3	Thailand	Thailand	OPEN		https://pathoplexus.org/about/terms-of-use/open-data	PP_00636P3	https://pathoplexus.org/seq/PP_00636P3	MW946071.1	https://www.ncbi.nlm.nih.gov/nuccore/MW946071.1	https://pathoplexus.org/about/terms-of-use/open-data	
PP_00637KA|1995	examples	PP_00637KA	https://pathoplexus.org/seq/PP_00637KA	Thailand	Thailand	OPEN		https://pathoplexus.org/about/terms-of-use/open-data	PP_00637KA	https://pathoplexus.org/seq/PP_00637KA	MW946101.1	https://www.ncbi.nlm.nih.gov/nuccore/MW946101.1	https://pathoplexus.org/about/terms-of-use/open-data	
PP_0063846|1982	examples	PP_0063846	https://pathoplexus.org/seq/PP_0063846	Thailand	Thailand	OPEN		https://pathoplexus.org/about/terms-of-use/open-data	PP_0063846	https://pathoplexus.org/seq/PP_0063846	MW946120.1	https://www.ncbi.nlm.nih.gov/nuccore/MW946120.1	https://pathoplexus.org/about/terms-of-use/open-data	
PP_005ZMAP|2019-01-18	examples	PP_005ZMAP	https://pathoplexus.org/seq/PP_005ZMAP	Brazil	Brazil	OPEN		https://pathoplexus.org/about/terms-of-use/open-data	PP_005ZMAP	https://pathoplexus.org/seq/PP_005ZMAP	MT929536.1	https://www.ncbi.nlm.nih.gov/nuccore/MT929536.1	https://pathoplexus.org/about/terms-of-use/open-data	
PP_005ZF2B|2015	examples	PP_005ZF2B	https://pathoplexus.org/seq/PP_005ZF2B	Philippines	Philippines	OPEN		https://pathoplexus.org/about/terms-of-use/open-data	PP_005ZF2B	https://pathoplexus.org/seq/PP_005ZF2B	MT832034.1	https://www.ncbi.nlm.nih.gov/nuccore/MT832034.1	https://pathoplexus.org/about/terms-of-use/open-data	
PP_005XS9Q|2013-12-30	examples	PP_005XS9Q	https://pathoplexus.org/seq/PP_005XS9Q	China	China	OPEN		https://pathoplexus.org/about/terms-of-use/open-data	PP_005XS9Q	https://pathoplexus.org/seq/PP_005XS9Q	MN886904.1	https://www.ncbi.nlm.nih.gov/nuccore/MN886904.1	https://pathoplexus.org/about/terms-of-use/open-data	
PP_005X49C|2011-07-20	examples	PP_005X49C	https://pathoplexus.org/seq/PP_005X49C	Thailand	Thailand	OPEN		https://pathoplexus.org/about/terms-of-use/open-data	PP_005X49C	https://pathoplexus.org/seq/PP_005X49C	MN448662.1	https://www.ncbi.nlm.nih.gov/nuccore/MN448662.1	https://pathoplexus.org/about/terms-of-use/open-data	
PP_005X4X1|2012-06-25	examples	PP_005X4X1	https://pathoplexus.org/seq/PP_005X4X1	Thailand	Thailand	OPEN		https://pathoplexus.org/about/terms-of-use/open-data	PP_005X4X1	https://pathoplexus.org/seq/PP_005X4X1	MN448684.1	https://www.ncbi.nlm.nih.gov/nuccore/MN448684.1	https://pathoplexus.org/about/terms-of-use/open-data	
PP_005WJR1|2016-08-09	examples	PP_005WJR1	https://pathoplexus.org/seq/PP_005WJR1	India	India	OPEN		https://pathoplexus.org/about/terms-of-use/open-data	PP_005WJR1	https://pathoplexus.org/seq/PP_005WJR1	MK858126.2	https://www.ncbi.nlm.nih.gov/nuccore/MK858126.2	https://pathoplexus.org/about/terms-of-use/open-data	
PP_005XG66|2017-04	examples	PP_005XG66	https://pathoplexus.org/seq/PP_005XG66	Ecuador	Ecuador	OPEN		https://pathoplexus.org/about/terms-of-use/open-data	PP_005XG66	https://pathoplexus.org/seq/PP_005XG66	MN556095.1	https://www.ncbi.nlm.nih.gov/nuccore/MN556095.1	https://pathoplexus.org/about/terms-of-use/open-data	
PP_005XWY7|2017-07-18	examples	PP_005XWY7	https://pathoplexus.org/seq/PP_005XWY7	Viet Nam	Vietnam	OPEN		https://pathoplexus.org/about/terms-of-use/open-data	PP_005XWY7	https://pathoplexus.org/seq/PP_005XWY7	MN912164.1	https://www.ncbi.nlm.nih.gov/nuccore/MN912164.1	https://pathoplexus.org/about/terms-of-use/open-data	
PP_005XXE9|2017-07-31	examples	PP_005XXE9	https://pathoplexus.org/seq/PP_005XXE9	Viet Nam	Vietnam	OPEN		https://pathoplexus.org/about/terms-of-use/open-data	PP_005XXE9	https://pathoplexus.org/seq/PP_005XXE9	MN912180.1	https://www.ncbi.nlm.nih.gov/nuccore/MN912180.1	https://pathoplexus.org/about/terms-of-use/open-data	
PP_005T1QS|2016	examples	PP_005T1QS	https://pathoplexus.org/seq/PP_005T1QS	China	China	OPEN		https://pathoplexus.org/about/terms-of-use/open-data	PP_005T1QS	https://pathoplexus.org/seq/PP_005T1QS	MG840574.1	https://www.ncbi.nlm.nih.gov/nuccore/MG840574.1	https://pathoplexus.org/about/terms-of-use/open-data	
PP_005JKRQ|2007	examples	PP_005JKRQ	https://pathoplexus.org/seq/PP_005JKRQ	China	China	OPEN		https://pathoplexus.org/about/terms-of-use/open-data	PP_005JKRQ	https://pathoplexus.org/seq/PP_005JKRQ	KT827366.1	https://www.ncbi.nlm.nih.gov/nuccore/KT827366.1	https://pathoplexus.org/about/terms-of-use/open-data	
PP_005GJ61|2013	examples	PP_005GJ61	https://pathoplexus.org/seq/PP_005GJ61	Singapore	Singapore	OPEN		https://pathoplexus.org/about/terms-of-use/open-data	PP_005GJ61	https://pathoplexus.org/seq/PP_005GJ61	KM403586.1	https://www.ncbi.nlm.nih.gov/nuccore/KM403586.1	https://pathoplexus.org/about/terms-of-use/open-data	
PP_005EKFL|2008-02-19	examples	PP_005EKFL	https://pathoplexus.org/seq/PP_005EKFL	Indonesia	Indonesia	OPEN		https://pathoplexus.org/about/terms-of-use/open-data	PP_005EKFL	https://pathoplexus.org/seq/PP_005EKFL	KC762628.1	https://www.ncbi.nlm.nih.gov/nuccore/KC762628.1	https://pathoplexus.org/about/terms-of-use/open-data	
PP_005EKVR|2010-07-08	examples	PP_005EKVR	https://pathoplexus.org/seq/PP_005EKVR	Indonesia	Indonesia	OPEN		https://pathoplexus.org/about/terms-of-use/open-data	PP_005EKVR	https://pathoplexus.org/seq/PP_005EKVR	KC762642.1	https://www.ncbi.nlm.nih.gov/nuccore/KC762642.1	https://pathoplexus.org/about/terms-of-use/open-data	
PP_005EL1D|2008-04-07	examples	PP_005EL1D	https://pathoplexus.org/seq/PP_005EL1D	Indonesia	Indonesia	OPEN		https://pathoplexus.org/about/terms-of-use/open-data	PP_005EL1D	https://pathoplexus.org/seq/PP_005EL1D	KC762648.1	https://www.ncbi.nlm.nih.gov/nuccore/KC762648.1	https://pathoplexus.org/about/terms-of-use/open-data	
PP_005QDD9|2014-09	examples	PP_005QDD9	https://pathoplexus.org/seq/PP_005QDD9	Japan	Japan	OPEN		https://pathoplexus.org/about/terms-of-use/open-data	PP_005QDD9	https://pathoplexus.org/seq/PP_005QDD9	LC011947.1	https://www.ncbi.nlm.nih.gov/nuccore/LC011947.1	https://pathoplexus.org/about/terms-of-use/open-data	
PP_005EJ57|2009-04-16	examples	PP_005EJ57	https://pathoplexus.org/seq/PP_005EJ57	Argentina	Argentina	OPEN		https://pathoplexus.org/about/terms-of-use/open-data	PP_005EJ57	https://pathoplexus.org/seq/PP_005EJ57	KC692505.1	https://www.ncbi.nlm.nih.gov/nuccore/KC692505.1	https://pathoplexus.org/about/terms-of-use/open-data	
PP_005EC87|1998	examples	PP_005EC87	https://pathoplexus.org/seq/PP_005EC87	Brazil	Brazil	OPEN		https://pathoplexus.org/about/terms-of-use/open-data	PP_005EC87	https://pathoplexus.org/seq/PP_005EC87	JX669470.1	https://www.ncbi.nlm.nih.gov/nuccore/JX669470.1	https://pathoplexus.org/about/terms-of-use/open-data	
PP_005DSPY|2002-06-03	examples	PP_005DSPY	https://pathoplexus.org/seq/PP_005DSPY	New Caledonia	New Caledonia	OPEN		https://pathoplexus.org/about/terms-of-use/open-data	PP_005DSPY	https://pathoplexus.org/seq/PP_005DSPY	JQ915077.1	https://www.ncbi.nlm.nih.gov/nuccore/JQ915077.1	https://pathoplexus.org/about/terms-of-use/open-data	
PP_005A6QN|2008	examples	PP_005A6QN	https://pathoplexus.org/seq/PP_005A6QN	Viet Nam	Vietnam	OPEN		https://pathoplexus.org/about/terms-of-use/open-data	PP_005A6QN	https://pathoplexus.org/seq/PP_005A6QN	GU131816.1	https://www.ncbi.nlm.nih.gov/nuccore/GU131816.1	https://pathoplexus.org/about/terms-of-use/open-data	
PP_0059ZZD|2007	examples	PP_0059ZZD	https://pathoplexus.org/seq/PP_0059ZZD	Colombia	Colombia	OPEN		https://pathoplexus.org/about/terms-of-use/open-data	PP_0059ZZD	https://pathoplexus.org/seq/PP_0059ZZD	GQ868566.1	https://www.ncbi.nlm.nih.gov/nuccore/GQ868566.1	https://pathoplexus.org/about/terms-of-use/open-data	
PP_0059JZU|2007	examples	PP_0059JZU	https://pathoplexus.org/seq/PP_0059JZU	Viet Nam	Vietnam	OPEN		https://pathoplexus.org/about/terms-of-use/open-data	PP_0059JZU	https://pathoplexus.org/seq/PP_0059JZU	GQ199802.1	https://www.ncbi.nlm.nih.gov/nuccore/GQ199802.1	https://pathoplexus.org/about/terms-of-use/open-data	
PP_005992Y|2005	examples	PP_005992Y	https://pathoplexus.org/seq/PP_005992Y	Viet Nam	Vietnam	OPEN		https://pathoplexus.org/about/terms-of-use/open-data	PP_005992Y	https://pathoplexus.org/seq/PP_005992Y	FJ898394.1	https://www.ncbi.nlm.nih.gov/nuccore/FJ898394.1	https://pathoplexus.org/about/terms-of-use/open-data	
PP_005949P|2007	examples	PP_005949P	https://pathoplexus.org/seq/PP_005949P	Venezuela	Venezuela	OPEN		https://pathoplexus.org/about/terms-of-use/open-data	PP_005949P	https://pathoplexus.org/seq/PP_005949P	FJ850099.1	https://www.ncbi.nlm.nih.gov/nuccore/FJ850099.1	https://pathoplexus.org/about/terms-of-use/open-data	
PP_0058V3C|2003	examples	PP_0058V3C	https://pathoplexus.org/seq/PP_0058V3C	Cambodia	Cambodia	OPEN		https://pathoplexus.org/about/terms-of-use/open-data	PP_0058V3C	https://pathoplexus.org/seq/PP_0058V3C	FJ639676.1	https://www.ncbi.nlm.nih.gov/nuccore/FJ639676.1	https://pathoplexus.org/about/terms-of-use/open-data	
PP_0058C8K|1994	examples	PP_0058C8K	https://pathoplexus.org/seq/PP_0058C8K	USA	USA	OPEN		https://pathoplexus.org/about/terms-of-use/open-data	PP_0058C8K	https://pathoplexus.org/seq/PP_0058C8K	FJ410175.1	https://www.ncbi.nlm.nih.gov/nuccore/FJ410175.1	https://pathoplexus.org/about/terms-of-use/open-data	
PP_0058FG0|2008	examples	PP_0058FG0	https://pathoplexus.org/seq/PP_0058FG0	Viet Nam	Vietnam	OPEN		https://pathoplexus.org/about/terms-of-use/open-data	PP_0058FG0	https://pathoplexus.org/seq/PP_0058FG0	FJ410286.1	https://www.ncbi.nlm.nih.gov/nuccore/FJ410286.1	https://pathoplexus.org/about/terms-of-use/open-data	
PP_0057D2Y|2005	examples	PP_0057D2Y	https://pathoplexus.org/seq/PP_0057D2Y	Nicaragua	Nicaragua	OPEN		https://pathoplexus.org/about/terms-of-use/open-data	PP_0057D2Y	https://pathoplexus.org/seq/PP_0057D2Y	EU482617.1	https://www.ncbi.nlm.nih.gov/nuccore/EU482617.1	https://pathoplexus.org/about/terms-of-use/open-data	
PP_005P1BT|2001	examples	PP_005P1BT	https://pathoplexus.org/seq/PP_005P1BT	Thailand	Thailand	OPEN		https://pathoplexus.org/about/terms-of-use/open-data	PP_005P1BT	https://pathoplexus.org/seq/PP_005P1BT	KY586307.1	https://www.ncbi.nlm.nih.gov/nuccore/KY586307.1	https://pathoplexus.org/about/terms-of-use/open-data	
PP_0062MVC|2018-10	examples	PP_0062MVC	https://pathoplexus.org/seq/PP_0062MVC	Myanmar	Myanmar	OPEN		https://pathoplexus.org/about/terms-of-use/open-data	PP_0062MVC	https://pathoplexus.org/seq/PP_0062MVC	MW793702.1	https://www.ncbi.nlm.nih.gov/nuccore/MW793702.1	https://pathoplexus.org/about/terms-of-use/open-data	
PP_0068GC6|2017-04-11	examples	PP_0068GC6	https://pathoplexus.org/seq/PP_0068GC6	Cameroon	Cameroon	OPEN		https://pathoplexus.org/about/terms-of-use/open-data	PP_0068GC6	https://pathoplexus.org/seq/PP_0068GC6	OQ593391.1	https://www.ncbi.nlm.nih.gov/nuccore/OQ593391.1	https://pathoplexus.org/about/terms-of-use/open-data	
PP_0067L2Q|2017-07-31	examples	PP_0067L2Q	https://pathoplexus.org/seq/PP_0067L2Q	Viet Nam	Vietnam	OPEN		https://pathoplexus.org/about/terms-of-use/open-data	PP_0067L2Q	https://pathoplexus.org/seq/PP_0067L2Q	OQ426712.2	https://www.ncbi.nlm.nih.gov/nuccore/OQ426712.2	https://pathoplexus.org/about/terms-of-use/open-data	
PP_00675PW|2022-10	examples	PP_00675PW	https://pathoplexus.org/seq/PP_00675PW	Pakistan	Pakistan	OPEN		https://pathoplexus.org/about/terms-of-use/open-data	PP_00675PW	https://pathoplexus.org/seq/PP_00675PW	OP898558.1	https://www.ncbi.nlm.nih.gov/nuccore/OP898558.1	https://pathoplexus.org/about/terms-of-use/open-data	
PP_00667FD|2021-03-20	examples	PP_00667FD	https://pathoplexus.org/seq/PP_00667FD	Brazil	Brazil	OPEN		https://pathoplexus.org/about/terms-of-use/open-data	PP_00667FD	https://pathoplexus.org/seq/PP_00667FD	ON426299.1	https://www.ncbi.nlm.nih.gov/nuccore/ON426299.1	https://pathoplexus.org/about/terms-of-use/open-data	
PP_0066JV7|2019-06-21	examples	PP_0066JV7	https://pathoplexus.org/seq/PP_0066JV7	China	China	OPEN		https://pathoplexus.org/about/terms-of-use/open-data	PP_0066JV7	https://pathoplexus.org/seq/PP_0066JV7	ON908213.1	https://www.ncbi.nlm.nih.gov/nuccore/ON908213.1	https://pathoplexus.org/about/terms-of-use/open-data	
PP_00663VN|2019	examples	PP_00663VN	https://pathoplexus.org/seq/PP_00663VN	India	India	OPEN		https://pathoplexus.org/about/terms-of-use/open-data	PP_00663VN	https://pathoplexus.org/seq/PP_00663VN	ON123656.1	https://www.ncbi.nlm.nih.gov/nuccore/ON123656.1	https://pathoplexus.org/about/terms-of-use/open-data	
PP_0069JKM|2019-08-06	examples	PP_0069JKM	https://pathoplexus.org/seq/PP_0069JKM	China	China	OPEN		https://pathoplexus.org/about/terms-of-use/open-data	PP_0069JKM	https://pathoplexus.org/seq/PP_0069JKM	OR029870.1	https://www.ncbi.nlm.nih.gov/nuccore/OR029870.1	https://pathoplexus.org/about/terms-of-use/open-data	
PP_005VYRP|2017-11-02	examples	PP_005VYRP	https://pathoplexus.org/seq/PP_005VYRP	China	China	OPEN		https://pathoplexus.org/about/terms-of-use/open-data	PP_005VYRP	https://pathoplexus.org/seq/PP_005VYRP	MK167012.1	https://www.ncbi.nlm.nih.gov/nuccore/MK167012.1	https://pathoplexus.org/about/terms-of-use/open-data	
PP_00641S0|2016-02-26	examples	PP_00641S0	https://pathoplexus.org/seq/PP_00641S0	Democratic Republic of the Congo	Democratic Republic of the Congo	OPEN		https://pathoplexus.org/about/terms-of-use/open-data	PP_00641S0	https://pathoplexus.org/seq/PP_00641S0	MZ130541.1	https://www.ncbi.nlm.nih.gov/nuccore/MZ130541.1	https://pathoplexus.org/about/terms-of-use/open-data	
PP_005YT6T|2018-06-08	examples	PP_005YT6T	https://pathoplexus.org/seq/PP_005YT6T	Paraguay	Paraguay	OPEN		https://pathoplexus.org/about/terms-of-use/open-data	PP_005YT6T	https://pathoplexus.org/seq/PP_005YT6T	MT040687.1	https://www.ncbi.nlm.nih.gov/nuccore/MT040687.1	https://pathoplexus.org/about/terms-of-use/open-data	
PP_006E29E|2023-11-10	examples	PP_006E29E	https://pathoplexus.org/seq/PP_006E29E	China	China	OPEN		https://pathoplexus.org/about/terms-of-use/open-data	PP_006E29E	https://pathoplexus.org/seq/PP_006E29E	PP563957.1	https://www.ncbi.nlm.nih.gov/nuccore/PP563957.1	https://pathoplexus.org/about/terms-of-use/open-data	
PP_006A26U|2021-02	examples	PP_006A26U	https://pathoplexus.org/seq/PP_006A26U	Reunion	Réunion	OPEN		https://pathoplexus.org/about/terms-of-use/open-data	PP_006A26U	https://pathoplexus.org/seq/PP_006A26U	OR235305.1	https://www.ncbi.nlm.nih.gov/nuccore/OR235305.1	https://pathoplexus.org/about/terms-of-use/open-data	
PP_006AFB5|2019-07	examples	PP_006AFB5	https://pathoplexus.org/seq/PP_006AFB5	Mayotte	Mayotte	OPEN		https://pathoplexus.org/about/terms-of-use/open-data	PP_006AFB5	https://pathoplexus.org/seq/PP_006AFB5	OR235752.1	https://www.ncbi.nlm.nih.gov/nuccore/OR235752.1	https://pathoplexus.org/about/terms-of-use/open-data	
PP_006D84L|2012-10-29	examples	PP_006D84L	https://pathoplexus.org/seq/PP_006D84L	Viet Nam	Vietnam	OPEN		https://pathoplexus.org/about/terms-of-use/open-data	PP_006D84L	https://pathoplexus.org/seq/PP_006D84L	PP269596.1	https://www.ncbi.nlm.nih.gov/nuccore/PP269596.1	https://pathoplexus.org/about/terms-of-use/open-data	
PP_006B1Z6|2019-06-03	examples	PP_006B1Z6	https://pathoplexus.org/seq/PP_006B1Z6	Sri Lanka	Sri Lanka	OPEN		https://pathoplexus.org/about/terms-of-use/open-data	PP_006B1Z6	https://pathoplexus.org/seq/PP_006B1Z6	OR393968.1	https://www.ncbi.nlm.nih.gov/nuccore/OR393968.1	https://pathoplexus.org/about/terms-of-use/open-data	
PP_0069YXH|2020-11	examples	PP_0069YXH	https://pathoplexus.org/seq/PP_0069YXH	Guadeloupe	Guadeloupe	OPEN		https://pathoplexus.org/about/terms-of-use/open-data	PP_0069YXH	https://pathoplexus.org/seq/PP_0069YXH	OR229956.1	https://www.ncbi.nlm.nih.gov/nuccore/OR229956.1	https://pathoplexus.org/about/terms-of-use/open-data	
PP_006AU1C|2022-04-12	examples	PP_006AU1C	https://pathoplexus.org/seq/PP_006AU1C	Brazil	Brazil	OPEN		https://pathoplexus.org/about/terms-of-use/open-data	PP_006AU1C	https://pathoplexus.org/seq/PP_006AU1C	OR258468.1	https://www.ncbi.nlm.nih.gov/nuccore/OR258468.1	https://pathoplexus.org/about/terms-of-use/open-data	
PP_006826Y|2015-03-23	examples	PP_006826Y	https://pathoplexus.org/seq/PP_006826Y	Paraguay	Paraguay	OPEN		https://pathoplexus.org/about/terms-of-use/open-data	PP_006826Y	https://pathoplexus.org/seq/PP_006826Y	OQ567775.1	https://www.ncbi.nlm.nih.gov/nuccore/OQ567775.1	https://pathoplexus.org/about/terms-of-use/open-data	
PP_006AY9S|1983	examples	PP_006AY9S	https://pathoplexus.org/seq/PP_006AY9S	Australia	Australia	OPEN		https://pathoplexus.org/about/terms-of-use/open-data	PP_006AY9S	https://pathoplexus.org/seq/PP_006AY9S	OR389271.1	https://www.ncbi.nlm.nih.gov/nuccore/OR389271.1	https://pathoplexus.org/about/terms-of-use/open-data	
PP_006AYGC|1988	examples	PP_006AYGC	https://pathoplexus.org/seq/PP_006AYGC	French Polynesia	French Polynesia	OPEN		https://pathoplexus.org/about/terms-of-use/open-data	PP_006AYGC	https://pathoplexus.org/seq/PP_006AYGC	OR389278.1	https://www.ncbi.nlm.nih.gov/nuccore/OR389278.1	https://pathoplexus.org/about/terms-of-use/open-data	
