strain	set	accession	url	geoLocCountry	country	dataUseTerms	dataUseTermsRestrictedUntil	dataUseTermsUrl	PPX_accession	PPX_accession__url	INSDC_accession	INSDC_accession__url	dataUseTerms__url	restrictedUntil
EPI_ISL_17689850|2022-09-10	representatives													
EPI_ISL_17689858|2022-10-17	representatives													
EPI_ISL_17689875|2022-12-12	representatives													
EPI_ISL_17983090|2023-05-02	representatives													
PP_0055Q7F|1999	representatives	PP_0055Q7F	https://pathoplexus.org/seq/PP_0055Q7F	Thailand	Thailand	OPEN		https://pathoplexus.org/about/terms-of-use/open-data	PP_0055Q7F	https://pathoplexus.org/seq/PP_0055Q7F	DQ181798.1	https://www.ncbi.nlm.nih.gov/nuccore/DQ181798.1	https://pathoplexus.org/about/terms-of-use/open-data	
PP_0055QA9|1990	representatives	PP_0055QA9	https://pathoplexus.org/seq/PP_0055QA9	Thailand	Thailand	OPEN		https://pathoplexus.org/about/terms-of-use/open-data	PP_0055QA9	https://pathoplexus.org/seq/PP_0055QA9	DQ181801.1	https://www.ncbi.nlm.nih.gov/nuccore/DQ181801.1	https://pathoplexus.org/about/terms-of-use/open-data	
PP_0055QC5|1985	representatives	PP_0055QC5	https://pathoplexus.org/seq/PP_0055QC5	Thailand	Thailand	OPEN		https://pathoplexus.org/about/terms-of-use/open-data	PP_0055QC5	https://pathoplexus.org/seq/PP_0055QC5	DQ181803.1	https://www.ncbi.nlm.nih.gov/nuccore/DQ181803.1	https://pathoplexus.org/about/terms-of-use/open-data	
PP_00566HA|2001	representatives	PP_00566HA	https://pathoplexus.org/seq/PP_00566HA	India	India	OPEN		https://pathoplexus.org/about/terms-of-use/open-data	PP_00566HA	https://pathoplexus.org/seq/PP_00566HA	DQ448231.2	https://www.ncbi.nlm.nih.gov/nuccore/DQ448231.2	https://pathoplexus.org/about/terms-of-use/open-data	
PP_0056JMQ|1970	representatives	PP_0056JMQ	https://pathoplexus.org/seq/PP_0056JMQ	Malaysia	Malaysia	OPEN		https://pathoplexus.org/about/terms-of-use/open-data	PP_0056JMQ	https://pathoplexus.org/seq/PP_0056JMQ	EF105379.1	https://www.ncbi.nlm.nih.gov/nuccore/EF105379.1	https://pathoplexus.org/about/terms-of-use/open-data	
PP_0056JTC|1974	representatives	PP_0056JTC	https://pathoplexus.org/seq/PP_0056JTC	Senegal	Senegal	OPEN		https://pathoplexus.org/about/terms-of-use/open-data	PP_0056JTC	https://pathoplexus.org/seq/PP_0056JTC	EF105385.1	https://www.ncbi.nlm.nih.gov/nuccore/EF105385.1	https://pathoplexus.org/about/terms-of-use/open-data	
PP_0056JW6|1966	representatives	PP_0056JW6	https://pathoplexus.org/seq/PP_0056JW6	Nigeria	Nigeria	OPEN		https://pathoplexus.org/about/terms-of-use/open-data	PP_0056JW6	https://pathoplexus.org/seq/PP_0056JW6	EF105388.1	https://www.ncbi.nlm.nih.gov/nuccore/EF105388.1	https://pathoplexus.org/about/terms-of-use/open-data	
PP_0056PHT|2006	representatives	PP_0056PHT	https://pathoplexus.org/seq/PP_0056PHT	Brunei	Brunei	OPEN		https://pathoplexus.org/about/terms-of-use/open-data	PP_0056PHT	https://pathoplexus.org/seq/PP_0056PHT	EU179859.1	https://www.ncbi.nlm.nih.gov/nuccore/EU179859.1	https://pathoplexus.org/about/terms-of-use/open-data	
PP_005784Z|2006	representatives	PP_005784Z	https://pathoplexus.org/seq/PP_005784Z	Viet Nam	Vietnam	OPEN		https://pathoplexus.org/about/terms-of-use/open-data	PP_005784Z	https://pathoplexus.org/seq/PP_005784Z	EU482449.1	https://www.ncbi.nlm.nih.gov/nuccore/EU482449.1	https://pathoplexus.org/about/terms-of-use/open-data	
PP_0057AY8|1998	representatives	PP_0057AY8	https://pathoplexus.org/seq/PP_0057AY8	USA	USA	OPEN		https://pathoplexus.org/about/terms-of-use/open-data	PP_0057AY8	https://pathoplexus.org/seq/PP_0057AY8	EU482545.1	https://www.ncbi.nlm.nih.gov/nuccore/EU482545.1	https://pathoplexus.org/about/terms-of-use/open-data	
PP_0057CSJ|2007	representatives	PP_0057CSJ	https://pathoplexus.org/seq/PP_0057CSJ	Venezuela	Venezuela	OPEN		https://pathoplexus.org/about/terms-of-use/open-data	PP_0057CSJ	https://pathoplexus.org/seq/PP_0057CSJ	EU482607.1	https://www.ncbi.nlm.nih.gov/nuccore/EU482607.1	https://pathoplexus.org/about/terms-of-use/open-data	
PP_0057DLV|2005	representatives	PP_0057DLV	https://pathoplexus.org/seq/PP_0057DLV	Nicaragua	Nicaragua	OPEN		https://pathoplexus.org/about/terms-of-use/open-data	PP_0057DLV	https://pathoplexus.org/seq/PP_0057DLV	EU482635.1	https://www.ncbi.nlm.nih.gov/nuccore/EU482635.1	https://pathoplexus.org/about/terms-of-use/open-data	
PP_0057DQM|2006	representatives	PP_0057DQM	https://pathoplexus.org/seq/PP_0057DQM	Nicaragua	Nicaragua	OPEN		https://pathoplexus.org/about/terms-of-use/open-data	PP_0057DQM	https://pathoplexus.org/seq/PP_0057DQM	EU482639.1	https://www.ncbi.nlm.nih.gov/nuccore/EU482639.1	https://pathoplexus.org/about/terms-of-use/open-data	
PP_0057G4R|2006	representatives	PP_0057G4R	https://pathoplexus.org/seq/PP_0057G4R	USA	USA	OPEN		https://pathoplexus.org/about/terms-of-use/open-data	PP_0057G4R	https://pathoplexus.org/seq/PP_0057G4R	EU482721.1	https://www.ncbi.nlm.nih.gov/nuccore/EU482721.1	https://pathoplexus.org/about/terms-of-use/open-data	
PP_0057H0Y|2005	representatives	PP_0057H0Y	https://pathoplexus.org/seq/PP_0057H0Y	Nicaragua	Nicaragua	OPEN		https://pathoplexus.org/about/terms-of-use/open-data	PP_0057H0Y	https://pathoplexus.org/seq/PP_0057H0Y	EU482751.1	https://www.ncbi.nlm.nih.gov/nuccore/EU482751.1	https://pathoplexus.org/about/terms-of-use/open-data	
PP_0057HAC|2005	representatives	PP_0057HAC	https://pathoplexus.org/seq/PP_0057HAC	Nicaragua	Nicaragua	OPEN		https://pathoplexus.org/about/terms-of-use/open-data	PP_0057HAC	https://pathoplexus.org/seq/PP_0057HAC	EU482761.1	https://www.ncbi.nlm.nih.gov/nuccore/EU482761.1	https://pathoplexus.org/about/terms-of-use/open-data	
PP_0057L9B|2006	representatives	PP_0057L9B	https://pathoplexus.org/seq/PP_0057L9B	USA	USA	OPEN		https://pathoplexus.org/about/terms-of-use/open-data	PP_0057L9B	https://pathoplexus.org/seq/PP_0057L9B	EU529706.1	https://www.ncbi.nlm.nih.gov/nuccore/EU529706.1	https://pathoplexus.org/about/terms-of-use/open-data	
PP_0057NEZ|2007	representatives	PP_0057NEZ	https://pathoplexus.org/seq/PP_0057NEZ	Nicaragua	Nicaragua	OPEN		https://pathoplexus.org/about/terms-of-use/open-data	PP_0057NEZ	https://pathoplexus.org/seq/PP_0057NEZ	EU596500.1	https://www.ncbi.nlm.nih.gov/nuccore/EU596500.1	https://pathoplexus.org/about/terms-of-use/open-data	
PP_0057RWX|1998	representatives	PP_0057RWX	https://pathoplexus.org/seq/PP_0057RWX	USA	USA	OPEN		https://pathoplexus.org/about/terms-of-use/open-data	PP_0057RWX	https://pathoplexus.org/seq/PP_0057RWX	EU687212.1	https://www.ncbi.nlm.nih.gov/nuccore/EU687212.1	https://pathoplexus.org/about/terms-of-use/open-data	
PP_0057VLD|1996	representatives	PP_0057VLD	https://pathoplexus.org/seq/PP_0057VLD	Venezuela	Venezuela	OPEN		https://pathoplexus.org/about/terms-of-use/open-data	PP_0057VLD	https://pathoplexus.org/seq/PP_0057VLD	EU726775.1	https://www.ncbi.nlm.nih.gov/nuccore/EU726775.1	https://pathoplexus.org/about/terms-of-use/open-data	
PP_0057WQ4|1993-02	representatives	PP_0057WQ4	https://pathoplexus.org/seq/PP_0057WQ4	French Guiana	French Guiana	OPEN		https://pathoplexus.org/about/terms-of-use/open-data	PP_0057WQ4	https://pathoplexus.org/seq/PP_0057WQ4	EU920828.1	https://www.ncbi.nlm.nih.gov/nuccore/EU920828.1	https://pathoplexus.org/about/terms-of-use/open-data	
PP_0057WR2|1997-06	representatives	PP_0057WR2	https://pathoplexus.org/seq/PP_0057WR2	French Guiana	French Guiana	OPEN		https://pathoplexus.org/about/terms-of-use/open-data	PP_0057WR2	https://pathoplexus.org/seq/PP_0057WR2	EU920829.1	https://www.ncbi.nlm.nih.gov/nuccore/EU920829.1	https://pathoplexus.org/about/terms-of-use/open-data	
PP_0057WYN|2002-04	representatives	PP_0057WYN	https://pathoplexus.org/seq/PP_0057WYN	French Guiana	French Guiana	OPEN		https://pathoplexus.org/about/terms-of-use/open-data	PP_0057WYN	https://pathoplexus.org/seq/PP_0057WYN	EU920835.1	https://www.ncbi.nlm.nih.gov/nuccore/EU920835.1	https://pathoplexus.org/about/terms-of-use/open-data	
PP_0057X2E|2005-09	representatives	PP_0057X2E	https://pathoplexus.org/seq/PP_0057X2E	Martinique	Martinique	OPEN		https://pathoplexus.org/about/terms-of-use/open-data	PP_0057X2E	https://pathoplexus.org/seq/PP_0057X2E	EU920839.1	https://www.ncbi.nlm.nih.gov/nuccore/EU920839.1	https://pathoplexus.org/about/terms-of-use/open-data	
PP_0057X3C|2005-10	representatives	PP_0057X3C	https://pathoplexus.org/seq/PP_0057X3C	French Guiana	French Guiana	OPEN		https://pathoplexus.org/about/terms-of-use/open-data	PP_0057X3C	https://pathoplexus.org/seq/PP_0057X3C	EU920840.1	https://www.ncbi.nlm.nih.gov/nuccore/EU920840.1	https://pathoplexus.org/about/terms-of-use/open-data	
PP_0057Z48|2004	representatives	PP_0057Z48	https://pathoplexus.org/seq/PP_0057Z48	Colombia	Colombia	OPEN		https://pathoplexus.org/about/terms-of-use/open-data	PP_0057Z48	https://pathoplexus.org/seq/PP_0057Z48	FJ024477.1	https://www.ncbi.nlm.nih.gov/nuccore/FJ024477.1	https://pathoplexus.org/about/terms-of-use/open-data	
PP_005826Z|2003	representatives	PP_005826Z	https://pathoplexus.org/seq/PP_005826Z	China	China	OPEN		https://pathoplexus.org/about/terms-of-use/open-data	PP_005826Z	https://pathoplexus.org/seq/PP_005826Z	FJ196853.1	https://www.ncbi.nlm.nih.gov/nuccore/FJ196853.1	https://pathoplexus.org/about/terms-of-use/open-data	
PP_0058VUV|2002	representatives	PP_0058VUV	https://pathoplexus.org/seq/PP_0058VUV	Cambodia	Cambodia	OPEN		https://pathoplexus.org/about/terms-of-use/open-data	PP_0058VUV	https://pathoplexus.org/seq/PP_0058VUV	FJ639701.1	https://www.ncbi.nlm.nih.gov/nuccore/FJ639701.1	https://pathoplexus.org/about/terms-of-use/open-data	
PP_0058WTW|2003	representatives	PP_0058WTW	https://pathoplexus.org/seq/PP_0058WTW	Venezuela	Venezuela	OPEN		https://pathoplexus.org/about/terms-of-use/open-data	PP_0058WTW	https://pathoplexus.org/seq/PP_0058WTW	FJ639734.1	https://www.ncbi.nlm.nih.gov/nuccore/FJ639734.1	https://pathoplexus.org/about/terms-of-use/open-data	
PP_0058ZK9|2001	representatives	PP_0058ZK9	https://pathoplexus.org/seq/PP_0058ZK9	Thailand	Thailand	OPEN		https://pathoplexus.org/about/terms-of-use/open-data	PP_0058ZK9	https://pathoplexus.org/seq/PP_0058ZK9	FJ639828.1	https://www.ncbi.nlm.nih.gov/nuccore/FJ639828.1	https://pathoplexus.org/about/terms-of-use/open-data	
PP_0059051|2001	representatives	PP_0059051	https://pathoplexus.org/seq/PP_0059051	Thailand	Thailand	OPEN		https://pathoplexus.org/about/terms-of-use/open-data	PP_0059051	https://pathoplexus.org/seq/PP_0059051	FJ687434.1	https://www.ncbi.nlm.nih.gov/nuccore/FJ687434.1	https://pathoplexus.org/about/terms-of-use/open-data	
PP_00590GD|2001	representatives	PP_00590GD	https://pathoplexus.org/seq/PP_00590GD	Thailand	Thailand	OPEN		https://pathoplexus.org/about/terms-of-use/open-data	PP_00590GD	https://pathoplexus.org/seq/PP_00590GD	FJ687445.1	https://www.ncbi.nlm.nih.gov/nuccore/FJ687445.1	https://pathoplexus.org/about/terms-of-use/open-data	
PP_00591EG|2001	representatives	PP_00591EG	https://pathoplexus.org/seq/PP_00591EG	Thailand	Thailand	OPEN		https://pathoplexus.org/about/terms-of-use/open-data	PP_00591EG	https://pathoplexus.org/seq/PP_00591EG	FJ744722.1	https://www.ncbi.nlm.nih.gov/nuccore/FJ744722.1	https://pathoplexus.org/about/terms-of-use/open-data	
PP_00593VH|2005	representatives	PP_00593VH	https://pathoplexus.org/seq/PP_00593VH	Brazil	Brazil	OPEN		https://pathoplexus.org/about/terms-of-use/open-data	PP_00593VH	https://pathoplexus.org/seq/PP_00593VH	FJ850085.1	https://www.ncbi.nlm.nih.gov/nuccore/FJ850085.1	https://pathoplexus.org/about/terms-of-use/open-data	
PP_00593YB|2006	representatives	PP_00593YB	https://pathoplexus.org/seq/PP_00593YB	Brazil	Brazil	OPEN		https://pathoplexus.org/about/terms-of-use/open-data	PP_00593YB	https://pathoplexus.org/seq/PP_00593YB	FJ850088.1	https://www.ncbi.nlm.nih.gov/nuccore/FJ850088.1	https://pathoplexus.org/about/terms-of-use/open-data	
PP_00594UJ|2000	representatives	PP_00594UJ	https://pathoplexus.org/seq/PP_00594UJ	Nicaragua	Nicaragua	OPEN		https://pathoplexus.org/about/terms-of-use/open-data	PP_00594UJ	https://pathoplexus.org/seq/PP_00594UJ	FJ850118.1	https://www.ncbi.nlm.nih.gov/nuccore/FJ850118.1	https://pathoplexus.org/about/terms-of-use/open-data	
PP_00594VG|2000	representatives	PP_00594VG	https://pathoplexus.org/seq/PP_00594VG	Nicaragua	Nicaragua	OPEN		https://pathoplexus.org/about/terms-of-use/open-data	PP_00594VG	https://pathoplexus.org/seq/PP_00594VG	FJ850119.1	https://www.ncbi.nlm.nih.gov/nuccore/FJ850119.1	https://pathoplexus.org/about/terms-of-use/open-data	
PP_00597Y7|2007	representatives	PP_00597Y7	https://pathoplexus.org/seq/PP_00597Y7	Nicaragua	Nicaragua	OPEN		https://pathoplexus.org/about/terms-of-use/open-data	PP_00597Y7	https://pathoplexus.org/seq/PP_00597Y7	FJ882594.1	https://www.ncbi.nlm.nih.gov/nuccore/FJ882594.1	https://pathoplexus.org/about/terms-of-use/open-data	
PP_0059AZ2|1990	representatives	PP_0059AZ2	https://pathoplexus.org/seq/PP_0059AZ2	Virgin Islands	Virgin Islands	OPEN		https://pathoplexus.org/about/terms-of-use/open-data	PP_0059AZ2	https://pathoplexus.org/seq/PP_0059AZ2	FJ898450.1	https://www.ncbi.nlm.nih.gov/nuccore/FJ898450.1	https://pathoplexus.org/about/terms-of-use/open-data	
PP_0059BAE|2002	representatives	PP_0059BAE	https://pathoplexus.org/seq/PP_0059BAE	Belize	Belize	OPEN		https://pathoplexus.org/about/terms-of-use/open-data	PP_0059BAE	https://pathoplexus.org/seq/PP_0059BAE	FJ898461.1	https://www.ncbi.nlm.nih.gov/nuccore/FJ898461.1	https://pathoplexus.org/about/terms-of-use/open-data	
PP_0059BTD|2000	representatives	PP_0059BTD	https://pathoplexus.org/seq/PP_0059BTD	Nicaragua	Nicaragua	OPEN		https://pathoplexus.org/about/terms-of-use/open-data	PP_0059BTD	https://pathoplexus.org/seq/PP_0059BTD	FJ898478.1	https://www.ncbi.nlm.nih.gov/nuccore/FJ898478.1	https://pathoplexus.org/about/terms-of-use/open-data	
PP_0059BW7|2005	representatives	PP_0059BW7	https://pathoplexus.org/seq/PP_0059BW7	Nicaragua	Nicaragua	OPEN		https://pathoplexus.org/about/terms-of-use/open-data	PP_0059BW7	https://pathoplexus.org/seq/PP_0059BW7	FJ906956.1	https://www.ncbi.nlm.nih.gov/nuccore/FJ906956.1	https://pathoplexus.org/about/terms-of-use/open-data	
PP_0059CHY|2004	representatives	PP_0059CHY	https://pathoplexus.org/seq/PP_0059CHY	Viet Nam	Vietnam	OPEN		https://pathoplexus.org/about/terms-of-use/open-data	PP_0059CHY	https://pathoplexus.org/seq/PP_0059CHY	FM210202.1	https://www.ncbi.nlm.nih.gov/nuccore/FM210202.1	https://pathoplexus.org/about/terms-of-use/open-data	
PP_0059CKU|2003	representatives	PP_0059CKU	https://pathoplexus.org/seq/PP_0059CKU	Viet Nam	Vietnam	OPEN		https://pathoplexus.org/about/terms-of-use/open-data	PP_0059CKU	https://pathoplexus.org/seq/PP_0059CKU	FM210204.1	https://www.ncbi.nlm.nih.gov/nuccore/FM210204.1	https://pathoplexus.org/about/terms-of-use/open-data	
PP_0059CUA|2005	representatives	PP_0059CUA	https://pathoplexus.org/seq/PP_0059CUA	Viet Nam	Vietnam	OPEN		https://pathoplexus.org/about/terms-of-use/open-data	PP_0059CUA	https://pathoplexus.org/seq/PP_0059CUA	FM210213.1	https://www.ncbi.nlm.nih.gov/nuccore/FM210213.1	https://pathoplexus.org/about/terms-of-use/open-data	
PP_0059CZ0|1999	representatives	PP_0059CZ0	https://pathoplexus.org/seq/PP_0059CZ0	Viet Nam	Vietnam	OPEN		https://pathoplexus.org/about/terms-of-use/open-data	PP_0059CZ0	https://pathoplexus.org/seq/PP_0059CZ0	FM210217.1	https://www.ncbi.nlm.nih.gov/nuccore/FM210217.1	https://pathoplexus.org/about/terms-of-use/open-data	
PP_0059D5N|2004	representatives	PP_0059D5N	https://pathoplexus.org/seq/PP_0059D5N	Viet Nam	Vietnam	OPEN		https://pathoplexus.org/about/terms-of-use/open-data	PP_0059D5N	https://pathoplexus.org/seq/PP_0059D5N	FM210222.1	https://www.ncbi.nlm.nih.gov/nuccore/FM210222.1	https://pathoplexus.org/about/terms-of-use/open-data	
PP_0059DBA|2002	representatives	PP_0059DBA	https://pathoplexus.org/seq/PP_0059DBA	Viet Nam	Vietnam	OPEN		https://pathoplexus.org/about/terms-of-use/open-data	PP_0059DBA	https://pathoplexus.org/seq/PP_0059DBA	FM210227.1	https://www.ncbi.nlm.nih.gov/nuccore/FM210227.1	https://pathoplexus.org/about/terms-of-use/open-data	
PP_0059DLR|2005	representatives	PP_0059DLR	https://pathoplexus.org/seq/PP_0059DLR	Viet Nam	Vietnam	OPEN		https://pathoplexus.org/about/terms-of-use/open-data	PP_0059DLR	https://pathoplexus.org/seq/PP_0059DLR	FM210235.2	https://www.ncbi.nlm.nih.gov/nuccore/FM210235.2	https://pathoplexus.org/about/terms-of-use/open-data	
PP_0059DNM|2003	representatives	PP_0059DNM	https://pathoplexus.org/seq/PP_0059DNM	Viet Nam	Vietnam	OPEN		https://pathoplexus.org/about/terms-of-use/open-data	PP_0059DNM	https://pathoplexus.org/seq/PP_0059DNM	FM210237.2	https://www.ncbi.nlm.nih.gov/nuccore/FM210237.2	https://pathoplexus.org/about/terms-of-use/open-data	
PP_0059DTB|2004	representatives	PP_0059DTB	https://pathoplexus.org/seq/PP_0059DTB	Viet Nam	Vietnam	OPEN		https://pathoplexus.org/about/terms-of-use/open-data	PP_0059DTB	https://pathoplexus.org/seq/PP_0059DTB	FM210241.2	https://www.ncbi.nlm.nih.gov/nuccore/FM210241.2	https://pathoplexus.org/about/terms-of-use/open-data	
PP_0059DV7|2004	representatives	PP_0059DV7	https://pathoplexus.org/seq/PP_0059DV7	Viet Nam	Vietnam	OPEN		https://pathoplexus.org/about/terms-of-use/open-data	PP_0059DV7	https://pathoplexus.org/seq/PP_0059DV7	FM210243.2	https://www.ncbi.nlm.nih.gov/nuccore/FM210243.2	https://pathoplexus.org/about/terms-of-use/open-data	
PP_0059MZR|2003	representatives	PP_0059MZR	https://pathoplexus.org/seq/PP_0059MZR	Sri Lanka	Sri Lanka	OPEN		https://pathoplexus.org/about/terms-of-use/open-data	PP_0059MZR	https://pathoplexus.org/seq/PP_0059MZR	GQ252676.1	https://www.ncbi.nlm.nih.gov/nuccore/GQ252676.1	https://pathoplexus.org/about/terms-of-use/open-data	
PP_0059N0P|2004	representatives	PP_0059N0P	https://pathoplexus.org/seq/PP_0059N0P	Sri Lanka	Sri Lanka	OPEN		https://pathoplexus.org/about/terms-of-use/open-data	PP_0059N0P	https://pathoplexus.org/seq/PP_0059N0P	GQ252677.1	https://www.ncbi.nlm.nih.gov/nuccore/GQ252677.1	https://pathoplexus.org/about/terms-of-use/open-data	
PP_0059W71|1977	representatives	PP_0059W71	https://pathoplexus.org/seq/PP_0059W71	Indonesia	Indonesia	OPEN		https://pathoplexus.org/about/terms-of-use/open-data	PP_0059W71	https://pathoplexus.org/seq/PP_0059W71	GQ398257.1	https://www.ncbi.nlm.nih.gov/nuccore/GQ398257.1	https://pathoplexus.org/about/terms-of-use/open-data	
PP_0059W8Z|1975	representatives	PP_0059W8Z	https://pathoplexus.org/seq/PP_0059W8Z	Indonesia	Indonesia	OPEN		https://pathoplexus.org/about/terms-of-use/open-data	PP_0059W8Z	https://pathoplexus.org/seq/PP_0059W8Z	GQ398258.1	https://www.ncbi.nlm.nih.gov/nuccore/GQ398258.1	https://pathoplexus.org/about/terms-of-use/open-data	
PP_0059WDP|1975	representatives	PP_0059WDP	https://pathoplexus.org/seq/PP_0059WDP	Indonesia	Indonesia	OPEN		https://pathoplexus.org/about/terms-of-use/open-data	PP_0059WDP	https://pathoplexus.org/seq/PP_0059WDP	GQ398263.1	https://www.ncbi.nlm.nih.gov/nuccore/GQ398263.1	https://pathoplexus.org/about/terms-of-use/open-data	
PP_0059WKA|1994	representatives	PP_0059WKA	https://pathoplexus.org/seq/PP_0059WKA	Puerto Rico	Puerto Rico	OPEN		https://pathoplexus.org/about/terms-of-use/open-data	PP_0059WKA	https://pathoplexus.org/seq/PP_0059WKA	GQ398269.1	https://www.ncbi.nlm.nih.gov/nuccore/GQ398269.1	https://pathoplexus.org/about/terms-of-use/open-data	
PP_0059XEL|1995	representatives	PP_0059XEL	https://pathoplexus.org/seq/PP_0059XEL	Puerto Rico	Puerto Rico	OPEN		https://pathoplexus.org/about/terms-of-use/open-data	PP_0059XEL	https://pathoplexus.org/seq/PP_0059XEL	GQ398298.1	https://www.ncbi.nlm.nih.gov/nuccore/GQ398298.1	https://pathoplexus.org/about/terms-of-use/open-data	
PP_0059ZL5|1999	representatives	PP_0059ZL5	https://pathoplexus.org/seq/PP_0059ZL5	Colombia	Colombia	OPEN		https://pathoplexus.org/about/terms-of-use/open-data	PP_0059ZL5	https://pathoplexus.org/seq/PP_0059ZL5	GQ868553.1	https://www.ncbi.nlm.nih.gov/nuccore/GQ868553.1	https://pathoplexus.org/about/terms-of-use/open-data	
PP_005A0QU|1964	representatives	PP_005A0QU	https://pathoplexus.org/seq/PP_005A0QU	Thailand	Thailand	OPEN		https://pathoplexus.org/about/terms-of-use/open-data	PP_005A0QU	https://pathoplexus.org/seq/PP_005A0QU	GQ868591.1	https://www.ncbi.nlm.nih.gov/nuccore/GQ868591.1	https://pathoplexus.org/about/terms-of-use/open-data	
PP_005A132|2005	representatives	PP_005A132	https://pathoplexus.org/seq/PP_005A132	Nicaragua	Nicaragua	OPEN		https://pathoplexus.org/about/terms-of-use/open-data	PP_005A132	https://pathoplexus.org/seq/PP_005A132	GQ868604.1	https://www.ncbi.nlm.nih.gov/nuccore/GQ868604.1	https://pathoplexus.org/about/terms-of-use/open-data	
PP_005A9W7|2008	representatives	PP_005A9W7	https://pathoplexus.org/seq/PP_005A9W7	Cambodia	Cambodia	OPEN		https://pathoplexus.org/about/terms-of-use/open-data	PP_005A9W7	https://pathoplexus.org/seq/PP_005A9W7	GU131924.1	https://www.ncbi.nlm.nih.gov/nuccore/GU131924.1	https://pathoplexus.org/about/terms-of-use/open-data	
PP_005BA8F|2006	representatives	PP_005BA8F	https://pathoplexus.org/seq/PP_005BA8F	Venezuela	Venezuela	OPEN		https://pathoplexus.org/about/terms-of-use/open-data	PP_005BA8F	https://pathoplexus.org/seq/PP_005BA8F	HQ332184.1	https://www.ncbi.nlm.nih.gov/nuccore/HQ332184.1	https://pathoplexus.org/about/terms-of-use/open-data	
PP_005BE2P|2009	representatives	PP_005BE2P	https://pathoplexus.org/seq/PP_005BE2P	Nicaragua	Nicaragua	OPEN		https://pathoplexus.org/about/terms-of-use/open-data	PP_005BE2P	https://pathoplexus.org/seq/PP_005BE2P	HQ705624.1	https://www.ncbi.nlm.nih.gov/nuccore/HQ705624.1	https://pathoplexus.org/about/terms-of-use/open-data	
PP_005BEJQ|2009	representatives	PP_005BEJQ	https://pathoplexus.org/seq/PP_005BEJQ	Guatemala	Guatemala	OPEN		https://pathoplexus.org/about/terms-of-use/open-data	PP_005BEJQ	https://pathoplexus.org/seq/PP_005BEJQ	HQ999999.1	https://www.ncbi.nlm.nih.gov/nuccore/HQ999999.1	https://pathoplexus.org/about/terms-of-use/open-data	
PP_005BN4B|2009	representatives	PP_005BN4B	https://pathoplexus.org/seq/PP_005BN4B	Singapore	Singapore	OPEN		https://pathoplexus.org/about/terms-of-use/open-data	PP_005BN4B	https://pathoplexus.org/seq/PP_005BN4B	JF327392.1	https://www.ncbi.nlm.nih.gov/nuccore/JF327392.1	https://pathoplexus.org/about/terms-of-use/open-data	
PP_005CLER|2007	representatives	PP_005CLER	https://pathoplexus.org/seq/PP_005CLER	Cambodia	Cambodia	OPEN		https://pathoplexus.org/about/terms-of-use/open-data	PP_005CLER	https://pathoplexus.org/seq/PP_005CLER	JN368476.1	https://www.ncbi.nlm.nih.gov/nuccore/JN368476.1	https://pathoplexus.org/about/terms-of-use/open-data	
PP_005D12Y|2006	representatives	PP_005D12Y	https://pathoplexus.org/seq/PP_005D12Y	Singapore	Singapore	OPEN		https://pathoplexus.org/about/terms-of-use/open-data	PP_005D12Y	https://pathoplexus.org/seq/PP_005D12Y	JN851113.1	https://www.ncbi.nlm.nih.gov/nuccore/JN851113.1	https://pathoplexus.org/about/terms-of-use/open-data	
PP_005D1LV|2005	representatives	PP_005D1LV	https://pathoplexus.org/seq/PP_005D1LV	Singapore	Singapore	OPEN		https://pathoplexus.org/about/terms-of-use/open-data	PP_005D1LV	https://pathoplexus.org/seq/PP_005D1LV	JN851130.1	https://www.ncbi.nlm.nih.gov/nuccore/JN851130.1	https://pathoplexus.org/about/terms-of-use/open-data	
PP_005D1MT|2005	representatives	PP_005D1MT	https://pathoplexus.org/seq/PP_005D1MT	Singapore	Singapore	OPEN		https://pathoplexus.org/about/terms-of-use/open-data	PP_005D1MT	https://pathoplexus.org/seq/PP_005D1MT	JN851131.1	https://www.ncbi.nlm.nih.gov/nuccore/JN851131.1	https://pathoplexus.org/about/terms-of-use/open-data	
PP_005DTWH|2005	representatives	PP_005DTWH	https://pathoplexus.org/seq/PP_005DTWH	India	India	OPEN		https://pathoplexus.org/about/terms-of-use/open-data	PP_005DTWH	https://pathoplexus.org/seq/PP_005DTWH	JQ922551.1	https://www.ncbi.nlm.nih.gov/nuccore/JQ922551.1	https://pathoplexus.org/about/terms-of-use/open-data	
PP_005E9U3|2010	representatives	PP_005E9U3	https://pathoplexus.org/seq/PP_005E9U3	China	China	OPEN		https://pathoplexus.org/about/terms-of-use/open-data	PP_005E9U3	https://pathoplexus.org/seq/PP_005E9U3	JX470186.1	https://www.ncbi.nlm.nih.gov/nuccore/JX470186.1	https://pathoplexus.org/about/terms-of-use/open-data	
PP_005EDUZ|1994	representatives	PP_005EDUZ	https://pathoplexus.org/seq/PP_005EDUZ	Mexico	Mexico	OPEN		https://pathoplexus.org/about/terms-of-use/open-data	PP_005EDUZ	https://pathoplexus.org/seq/PP_005EDUZ	JX966379.1	https://www.ncbi.nlm.nih.gov/nuccore/JX966379.1	https://pathoplexus.org/about/terms-of-use/open-data	
PP_005EFWT|2009-02-13	representatives	PP_005EFWT	https://pathoplexus.org/seq/PP_005EFWT	Peru	Peru	OPEN		https://pathoplexus.org/about/terms-of-use/open-data	PP_005EFWT	https://pathoplexus.org/seq/PP_005EFWT	KC294201.1	https://www.ncbi.nlm.nih.gov/nuccore/KC294201.1	https://pathoplexus.org/about/terms-of-use/open-data	
PP_005EL8Z|2007-09-27	representatives	PP_005EL8Z	https://pathoplexus.org/seq/PP_005EL8Z	Indonesia	Indonesia	OPEN		https://pathoplexus.org/about/terms-of-use/open-data	PP_005EL8Z	https://pathoplexus.org/seq/PP_005EL8Z	KC762655.1	https://www.ncbi.nlm.nih.gov/nuccore/KC762655.1	https://pathoplexus.org/about/terms-of-use/open-data	
PP_005ELQ0|2008-02-19	representatives	PP_005ELQ0	https://pathoplexus.org/seq/PP_005ELQ0	Indonesia	Indonesia	OPEN		https://pathoplexus.org/about/terms-of-use/open-data	PP_005ELQ0	https://pathoplexus.org/seq/PP_005ELQ0	KC762671.1	https://www.ncbi.nlm.nih.gov/nuccore/KC762671.1	https://pathoplexus.org/about/terms-of-use/open-data	
PP_005ELSW|2008-03-11	representatives	PP_005ELSW	https://pathoplexus.org/seq/PP_005ELSW	Indonesia	Indonesia	OPEN		https://pathoplexus.org/about/terms-of-use/open-data	PP_005ELSW	https://pathoplexus.org/seq/PP_005ELSW	KC762673.1	https://www.ncbi.nlm.nih.gov/nuccore/KC762673.1	https://pathoplexus.org/about/terms-of-use/open-data	
PP_005ELUS|2008-03-08	representatives	PP_005ELUS	https://pathoplexus.org/seq/PP_005ELUS	Indonesia	Indonesia	OPEN		https://pathoplexus.org/about/terms-of-use/open-data	PP_005ELUS	https://pathoplexus.org/seq/PP_005ELUS	KC762675.1	https://www.ncbi.nlm.nih.gov/nuccore/KC762675.1	https://pathoplexus.org/about/terms-of-use/open-data	
PP_005ELZG|2010-04-05	representatives	PP_005ELZG	https://pathoplexus.org/seq/PP_005ELZG	Indonesia	Indonesia	OPEN		https://pathoplexus.org/about/terms-of-use/open-data	PP_005ELZG	https://pathoplexus.org/seq/PP_005ELZG	KC762680.1	https://www.ncbi.nlm.nih.gov/nuccore/KC762680.1	https://pathoplexus.org/about/terms-of-use/open-data	
PP_005EUDF|2008	representatives	PP_005EUDF	https://pathoplexus.org/seq/PP_005EUDF	Pakistan	Pakistan	OPEN		https://pathoplexus.org/about/terms-of-use/open-data	PP_005EUDF	https://pathoplexus.org/seq/PP_005EUDF	KF041236.1	https://www.ncbi.nlm.nih.gov/nuccore/KF041236.1	https://pathoplexus.org/about/terms-of-use/open-data	
PP_005EZ2Y|2010-11-01	representatives	PP_005EZ2Y	https://pathoplexus.org/seq/PP_005EZ2Y	Pakistan	Pakistan	OPEN		https://pathoplexus.org/about/terms-of-use/open-data	PP_005EZ2Y	https://pathoplexus.org/seq/PP_005EZ2Y	KF360005.1	https://www.ncbi.nlm.nih.gov/nuccore/KF360005.1	https://pathoplexus.org/about/terms-of-use/open-data	
PP_005F5NH|2001	representatives	PP_005F5NH	https://pathoplexus.org/seq/PP_005F5NH	Philippines	Philippines	OPEN		https://pathoplexus.org/about/terms-of-use/open-data	PP_005F5NH	https://pathoplexus.org/seq/PP_005F5NH	KF744397.1	https://www.ncbi.nlm.nih.gov/nuccore/KF744397.1	https://pathoplexus.org/about/terms-of-use/open-data	
PP_005F5PF|2005	representatives	PP_005F5PF	https://pathoplexus.org/seq/PP_005F5PF	Philippines	Philippines	OPEN		https://pathoplexus.org/about/terms-of-use/open-data	PP_005F5PF	https://pathoplexus.org/seq/PP_005F5PF	KF744398.1	https://www.ncbi.nlm.nih.gov/nuccore/KF744398.1	https://pathoplexus.org/about/terms-of-use/open-data	
PP_005F5QD|1998	representatives	PP_005F5QD	https://pathoplexus.org/seq/PP_005F5QD	Philippines	Philippines	OPEN		https://pathoplexus.org/about/terms-of-use/open-data	PP_005F5QD	https://pathoplexus.org/seq/PP_005F5QD	KF744399.1	https://www.ncbi.nlm.nih.gov/nuccore/KF744399.1	https://pathoplexus.org/about/terms-of-use/open-data	
PP_005F5RB|2000	representatives	PP_005F5RB	https://pathoplexus.org/seq/PP_005F5RB	Philippines	Philippines	OPEN		https://pathoplexus.org/about/terms-of-use/open-data	PP_005F5RB	https://pathoplexus.org/seq/PP_005F5RB	KF744400.1	https://www.ncbi.nlm.nih.gov/nuccore/KF744400.1	https://pathoplexus.org/about/terms-of-use/open-data	
PP_005F5T7|2000	representatives	PP_005F5T7	https://pathoplexus.org/seq/PP_005F5T7	Philippines	Philippines	OPEN		https://pathoplexus.org/about/terms-of-use/open-data	PP_005F5T7	https://pathoplexus.org/seq/PP_005F5T7	KF744402.1	https://www.ncbi.nlm.nih.gov/nuccore/KF744402.1	https://pathoplexus.org/about/terms-of-use/open-data	
PP_005F5YX|1996	representatives	PP_005F5YX	https://pathoplexus.org/seq/PP_005F5YX	Philippines	Philippines	OPEN		https://pathoplexus.org/about/terms-of-use/open-data	PP_005F5YX	https://pathoplexus.org/seq/PP_005F5YX	KF744407.1	https://www.ncbi.nlm.nih.gov/nuccore/KF744407.1	https://pathoplexus.org/about/terms-of-use/open-data	
PP_005F8B3|2003	representatives	PP_005F8B3	https://pathoplexus.org/seq/PP_005F8B3	Cambodia	Cambodia	OPEN		https://pathoplexus.org/about/terms-of-use/open-data	PP_005F8B3	https://pathoplexus.org/seq/PP_005F8B3	KF921931.1	https://www.ncbi.nlm.nih.gov/nuccore/KF921931.1	https://pathoplexus.org/about/terms-of-use/open-data	
PP_005FA4F|1986	representatives	PP_005FA4F	https://pathoplexus.org/seq/PP_005FA4F	Puerto Rico	Puerto Rico	OPEN		https://pathoplexus.org/about/terms-of-use/open-data	PP_005FA4F	https://pathoplexus.org/seq/PP_005FA4F	KF955363.1	https://www.ncbi.nlm.nih.gov/nuccore/KF955363.1	https://pathoplexus.org/about/terms-of-use/open-data	
PP_005FGVS|2013-10-02	representatives	PP_005FGVS	https://pathoplexus.org/seq/PP_005FGVS	Pakistan	Pakistan	OPEN		https://pathoplexus.org/about/terms-of-use/open-data	PP_005FGVS	https://pathoplexus.org/seq/PP_005FGVS	KJ010186.1	https://www.ncbi.nlm.nih.gov/nuccore/KJ010186.1	https://pathoplexus.org/about/terms-of-use/open-data	
PP_005FJSW|2000	representatives	PP_005FJSW	https://pathoplexus.org/seq/PP_005FJSW	Colombia	Colombia	OPEN		https://pathoplexus.org/about/terms-of-use/open-data	PP_005FJSW	https://pathoplexus.org/seq/PP_005FJSW	KJ189305.1	https://www.ncbi.nlm.nih.gov/nuccore/KJ189305.1	https://pathoplexus.org/about/terms-of-use/open-data	
PP_005G12S|2014-01-13	representatives	PP_005G12S	https://pathoplexus.org/seq/PP_005G12S	Saudi Arabia	Saudi Arabia	OPEN		https://pathoplexus.org/about/terms-of-use/open-data	PP_005G12S	https://pathoplexus.org/seq/PP_005G12S	KJ830750.1	https://www.ncbi.nlm.nih.gov/nuccore/KJ830750.1	https://pathoplexus.org/about/terms-of-use/open-data	
PP_005GCDT|2011-08	representatives	PP_005GCDT	https://pathoplexus.org/seq/PP_005GCDT	Pakistan	Pakistan	OPEN		https://pathoplexus.org/about/terms-of-use/open-data	PP_005GCDT	https://pathoplexus.org/seq/PP_005GCDT	KM217157.1	https://www.ncbi.nlm.nih.gov/nuccore/KM217157.1	https://pathoplexus.org/about/terms-of-use/open-data	
PP_005GHGG|2010	representatives	PP_005GHGG	https://pathoplexus.org/seq/PP_005GHGG	Singapore	Singapore	OPEN		https://pathoplexus.org/about/terms-of-use/open-data	PP_005GHGG	https://pathoplexus.org/seq/PP_005GHGG	KM279608.1	https://www.ncbi.nlm.nih.gov/nuccore/KM279608.1	https://pathoplexus.org/about/terms-of-use/open-data	
PP_005GS9M|2014-04-03	representatives	PP_005GS9M	https://pathoplexus.org/seq/PP_005GS9M	Brazil	Brazil	OPEN		https://pathoplexus.org/about/terms-of-use/open-data	PP_005GS9M	https://pathoplexus.org/seq/PP_005GS9M	KP188569.1	https://www.ncbi.nlm.nih.gov/nuccore/KP188569.1	https://pathoplexus.org/about/terms-of-use/open-data	
PP_005HSMT|2013	representatives	PP_005HSMT	https://pathoplexus.org/seq/PP_005HSMT	Singapore	Singapore	OPEN		https://pathoplexus.org/about/terms-of-use/open-data	PP_005HSMT	https://pathoplexus.org/seq/PP_005HSMT	KR779786.2	https://www.ncbi.nlm.nih.gov/nuccore/KR779786.2	https://pathoplexus.org/about/terms-of-use/open-data	
PP_005HZKQ|2014	representatives	PP_005HZKQ	https://pathoplexus.org/seq/PP_005HZKQ	China	China	OPEN		https://pathoplexus.org/about/terms-of-use/open-data	PP_005HZKQ	https://pathoplexus.org/seq/PP_005HZKQ	KT187553.1	https://www.ncbi.nlm.nih.gov/nuccore/KT187553.1	https://pathoplexus.org/about/terms-of-use/open-data	
PP_005HZLN|2014	representatives	PP_005HZLN	https://pathoplexus.org/seq/PP_005HZLN	China	China	OPEN		https://pathoplexus.org/about/terms-of-use/open-data	PP_005HZLN	https://pathoplexus.org/seq/PP_005HZLN	KT187554.1	https://www.ncbi.nlm.nih.gov/nuccore/KT187554.1	https://pathoplexus.org/about/terms-of-use/open-data	
PP_005HZPG|2014	representatives	PP_005HZPG	https://pathoplexus.org/seq/PP_005HZPG	China	China	OPEN		https://pathoplexus.org/about/terms-of-use/open-data	PP_005HZPG	https://pathoplexus.org/seq/PP_005HZPG	KT187557.1	https://www.ncbi.nlm.nih.gov/nuccore/KT187557.1	https://pathoplexus.org/about/terms-of-use/open-data	
PP_005HZQE|2014	representatives	PP_005HZQE	https://pathoplexus.org/seq/PP_005HZQE	China	China	OPEN		https://pathoplexus.org/about/terms-of-use/open-data	PP_005HZQE	https://pathoplexus.org/seq/PP_005HZQE	KT187558.1	https://www.ncbi.nlm.nih.gov/nuccore/KT187558.1	https://pathoplexus.org/about/terms-of-use/open-data	
PP_005K0B2|2009	representatives	PP_005K0B2	https://pathoplexus.org/seq/PP_005K0B2	Philippines	Philippines	OPEN		https://pathoplexus.org/about/terms-of-use/open-data	PP_005K0B2	https://pathoplexus.org/seq/PP_005K0B2	KU509269.1	https://www.ncbi.nlm.nih.gov/nuccore/KU509269.1	https://pathoplexus.org/about/terms-of-use/open-data	
PP_005K0DY|2006	representatives	PP_005K0DY	https://pathoplexus.org/seq/PP_005K0DY	India	India	OPEN		https://pathoplexus.org/about/terms-of-use/open-data	PP_005K0DY	https://pathoplexus.org/seq/PP_005K0DY	KU509271.1	https://www.ncbi.nlm.nih.gov/nuccore/KU509271.1	https://pathoplexus.org/about/terms-of-use/open-data	
PP_005K0KK|2010	representatives	PP_005K0KK	https://pathoplexus.org/seq/PP_005K0KK	Philippines	Philippines	OPEN		https://pathoplexus.org/about/terms-of-use/open-data	PP_005K0KK	https://pathoplexus.org/seq/PP_005K0KK	KU509277.1	https://www.ncbi.nlm.nih.gov/nuccore/KU509277.1	https://pathoplexus.org/about/terms-of-use/open-data	
PP_005K1T2|2013-04-23	representatives	PP_005K1T2	https://pathoplexus.org/seq/PP_005K1T2	Papua New Guinea	Papua New Guinea	OPEN		https://pathoplexus.org/about/terms-of-use/open-data	PP_005K1T2	https://pathoplexus.org/seq/PP_005K1T2	KU517845.1	https://www.ncbi.nlm.nih.gov/nuccore/KU517845.1	https://pathoplexus.org/about/terms-of-use/open-data	
PP_005K1U0|2014-05-07	representatives	PP_005K1U0	https://pathoplexus.org/seq/PP_005K1U0	Indonesia	Indonesia	OPEN		https://pathoplexus.org/about/terms-of-use/open-data	PP_005K1U0	https://pathoplexus.org/seq/PP_005K1U0	KU517846.1	https://www.ncbi.nlm.nih.gov/nuccore/KU517846.1	https://pathoplexus.org/about/terms-of-use/open-data	
PP_005K765|2014-02	representatives	PP_005K765	https://pathoplexus.org/seq/PP_005K765	Malaysia	Malaysia	OPEN		https://pathoplexus.org/about/terms-of-use/open-data	PP_005K765	https://pathoplexus.org/seq/PP_005K765	KU666947.1	https://www.ncbi.nlm.nih.gov/nuccore/KU666947.1	https://pathoplexus.org/about/terms-of-use/open-data	
PP_005KJEC|2015	representatives	PP_005KJEC	https://pathoplexus.org/seq/PP_005KJEC	Australia	Australia	OPEN		https://pathoplexus.org/about/terms-of-use/open-data	PP_005KJEC	https://pathoplexus.org/seq/PP_005KJEC	KX274130.1	https://www.ncbi.nlm.nih.gov/nuccore/KX274130.1	https://pathoplexus.org/about/terms-of-use/open-data	
PP_005KN3W|2012	representatives	PP_005KN3W	https://pathoplexus.org/seq/PP_005KN3W	Singapore	Singapore	OPEN		https://pathoplexus.org/about/terms-of-use/open-data	PP_005KN3W	https://pathoplexus.org/seq/PP_005KN3W	KX380808.1	https://www.ncbi.nlm.nih.gov/nuccore/KX380808.1	https://pathoplexus.org/about/terms-of-use/open-data	
PP_005KN5S|2012	representatives	PP_005KN5S	https://pathoplexus.org/seq/PP_005KN5S	Singapore	Singapore	OPEN		https://pathoplexus.org/about/terms-of-use/open-data	PP_005KN5S	https://pathoplexus.org/seq/PP_005KN5S	KX380810.1	https://www.ncbi.nlm.nih.gov/nuccore/KX380810.1	https://pathoplexus.org/about/terms-of-use/open-data	
PP_005KNE8|2012	representatives	PP_005KNE8	https://pathoplexus.org/seq/PP_005KNE8	Singapore	Singapore	OPEN		https://pathoplexus.org/about/terms-of-use/open-data	PP_005KNE8	https://pathoplexus.org/seq/PP_005KNE8	KX380819.1	https://www.ncbi.nlm.nih.gov/nuccore/KX380819.1	https://pathoplexus.org/about/terms-of-use/open-data	
PP_005KNG4|2012	representatives	PP_005KNG4	https://pathoplexus.org/seq/PP_005KNG4	Singapore	Singapore	OPEN		https://pathoplexus.org/about/terms-of-use/open-data	PP_005KNG4	https://pathoplexus.org/seq/PP_005KNG4	KX380821.1	https://www.ncbi.nlm.nih.gov/nuccore/KX380821.1	https://pathoplexus.org/about/terms-of-use/open-data	
PP_005KNH1|2012	representatives	PP_005KNH1	https://pathoplexus.org/seq/PP_005KNH1	Singapore	Singapore	OPEN		https://pathoplexus.org/about/terms-of-use/open-data	PP_005KNH1	https://pathoplexus.org/seq/PP_005KNH1	KX380822.1	https://www.ncbi.nlm.nih.gov/nuccore/KX380822.1	https://pathoplexus.org/about/terms-of-use/open-data	
PP_005KNX7|2013	representatives	PP_005KNX7	https://pathoplexus.org/seq/PP_005KNX7	Singapore	Singapore	OPEN		https://pathoplexus.org/about/terms-of-use/open-data	PP_005KNX7	https://pathoplexus.org/seq/PP_005KNX7	KX380836.1	https://www.ncbi.nlm.nih.gov/nuccore/KX380836.1	https://pathoplexus.org/about/terms-of-use/open-data	
PP_005KPQL|2014-01	representatives	PP_005KPQL	https://pathoplexus.org/seq/PP_005KPQL	Malaysia	Malaysia	OPEN		https://pathoplexus.org/about/terms-of-use/open-data	PP_005KPQL	https://pathoplexus.org/seq/PP_005KPQL	KX452015.1	https://www.ncbi.nlm.nih.gov/nuccore/KX452015.1	https://pathoplexus.org/about/terms-of-use/open-data	
PP_005KVLN|2015	representatives	PP_005KVLN	https://pathoplexus.org/seq/PP_005KVLN	China	China	OPEN		https://pathoplexus.org/about/terms-of-use/open-data	PP_005KVLN	https://pathoplexus.org/seq/PP_005KVLN	KX655788.1	https://www.ncbi.nlm.nih.gov/nuccore/KX655788.1	https://pathoplexus.org/about/terms-of-use/open-data	
PP_005KVSA|2016-05-22	representatives	PP_005KVSA	https://pathoplexus.org/seq/PP_005KVSA	USA	USA	OPEN		https://pathoplexus.org/about/terms-of-use/open-data	PP_005KVSA	https://pathoplexus.org/seq/PP_005KVSA	KX702404.1	https://www.ncbi.nlm.nih.gov/nuccore/KX702404.1	https://pathoplexus.org/about/terms-of-use/open-data	
PP_005N7TQ|2014-12	representatives	PP_005N7TQ	https://pathoplexus.org/seq/PP_005N7TQ	Malaysia	Malaysia	OPEN		https://pathoplexus.org/about/terms-of-use/open-data	PP_005N7TQ	https://pathoplexus.org/seq/PP_005N7TQ	MH048673.1	https://www.ncbi.nlm.nih.gov/nuccore/MH048673.1	https://pathoplexus.org/about/terms-of-use/open-data	
PP_005NC9N|1995-09	representatives	PP_005NC9N	https://pathoplexus.org/seq/PP_005NC9N	Taiwan	Taiwan	OPEN		https://pathoplexus.org/about/terms-of-use/open-data	PP_005NC9N	https://pathoplexus.org/seq/PP_005NC9N	KY670633.1	https://www.ncbi.nlm.nih.gov/nuccore/KY670633.1	https://pathoplexus.org/about/terms-of-use/open-data	
PP_005NG3W|2010-05-11	representatives	PP_005NG3W	https://pathoplexus.org/seq/PP_005NG3W	Papua New Guinea	Papua New Guinea	OPEN		https://pathoplexus.org/about/terms-of-use/open-data	PP_005NG3W	https://pathoplexus.org/seq/PP_005NG3W	KY794785.1	https://www.ncbi.nlm.nih.gov/nuccore/KY794785.1	https://pathoplexus.org/about/terms-of-use/open-data	
PP_005NVFT|2010-09-01	representatives	PP_005NVFT	https://pathoplexus.org/seq/PP_005NVFT	India	India	OPEN		https://pathoplexus.org/about/terms-of-use/open-data	PP_005NVFT	https://pathoplexus.org/seq/PP_005NVFT	KY427084.1	https://www.ncbi.nlm.nih.gov/nuccore/KY427084.1	https://pathoplexus.org/about/terms-of-use/open-data	
PP_005NVGR|2011-01-03	representatives	PP_005NVGR	https://pathoplexus.org/seq/PP_005NVGR	India	India	OPEN		https://pathoplexus.org/about/terms-of-use/open-data	PP_005NVGR	https://pathoplexus.org/seq/PP_005NVGR	KY427085.1	https://www.ncbi.nlm.nih.gov/nuccore/KY427085.1	https://pathoplexus.org/about/terms-of-use/open-data	
PP_005NX5B|2014	representatives	PP_005NX5B	https://pathoplexus.org/seq/PP_005NX5B	Ecuador	Ecuador	OPEN		https://pathoplexus.org/about/terms-of-use/open-data	PP_005NX5B	https://pathoplexus.org/seq/PP_005NX5B	KY474316.1	https://www.ncbi.nlm.nih.gov/nuccore/KY474316.1	https://pathoplexus.org/about/terms-of-use/open-data	
PP_005NX77|2014	representatives	PP_005NX77	https://pathoplexus.org/seq/PP_005NX77	Ecuador	Ecuador	OPEN		https://pathoplexus.org/about/terms-of-use/open-data	PP_005NX77	https://pathoplexus.org/seq/PP_005NX77	KY474318.1	https://www.ncbi.nlm.nih.gov/nuccore/KY474318.1	https://pathoplexus.org/about/terms-of-use/open-data	
PP_005P9J4|2006	representatives	PP_005P9J4	https://pathoplexus.org/seq/PP_005P9J4	Thailand	Thailand	OPEN		https://pathoplexus.org/about/terms-of-use/open-data	PP_005P9J4	https://pathoplexus.org/seq/PP_005P9J4	KY586586.1	https://www.ncbi.nlm.nih.gov/nuccore/KY586586.1	https://pathoplexus.org/about/terms-of-use/open-data	
PP_005P9TL|2004	representatives	PP_005P9TL	https://pathoplexus.org/seq/PP_005P9TL	Thailand	Thailand	OPEN		https://pathoplexus.org/about/terms-of-use/open-data	PP_005P9TL	https://pathoplexus.org/seq/PP_005P9TL	KY586595.1	https://www.ncbi.nlm.nih.gov/nuccore/KY586595.1	https://pathoplexus.org/about/terms-of-use/open-data	
PP_005PA14|2002	representatives	PP_005PA14	https://pathoplexus.org/seq/PP_005PA14	Thailand	Thailand	OPEN		https://pathoplexus.org/about/terms-of-use/open-data	PP_005PA14	https://pathoplexus.org/seq/PP_005PA14	KY586603.1	https://www.ncbi.nlm.nih.gov/nuccore/KY586603.1	https://pathoplexus.org/about/terms-of-use/open-data	
PP_005PBXA|2001	representatives	PP_005PBXA	https://pathoplexus.org/seq/PP_005PBXA	Thailand	Thailand	OPEN		https://pathoplexus.org/about/terms-of-use/open-data	PP_005PBXA	https://pathoplexus.org/seq/PP_005PBXA	KY586667.1	https://www.ncbi.nlm.nih.gov/nuccore/KY586667.1	https://pathoplexus.org/about/terms-of-use/open-data	
PP_005PC5U|1995	representatives	PP_005PC5U	https://pathoplexus.org/seq/PP_005PC5U	Thailand	Thailand	OPEN		https://pathoplexus.org/about/terms-of-use/open-data	PP_005PC5U	https://pathoplexus.org/seq/PP_005PC5U	KY586675.1	https://www.ncbi.nlm.nih.gov/nuccore/KY586675.1	https://pathoplexus.org/about/terms-of-use/open-data	
PP_005PC8N|2002	representatives	PP_005PC8N	https://pathoplexus.org/seq/PP_005PC8N	Thailand	Thailand	OPEN		https://pathoplexus.org/about/terms-of-use/open-data	PP_005PC8N	https://pathoplexus.org/seq/PP_005PC8N	KY586678.1	https://www.ncbi.nlm.nih.gov/nuccore/KY586678.1	https://pathoplexus.org/about/terms-of-use/open-data	
PP_005PCG6|2000	representatives	PP_005PCG6	https://pathoplexus.org/seq/PP_005PCG6	Thailand	Thailand	OPEN		https://pathoplexus.org/about/terms-of-use/open-data	PP_005PCG6	https://pathoplexus.org/seq/PP_005PCG6	KY586686.1	https://www.ncbi.nlm.nih.gov/nuccore/KY586686.1	https://pathoplexus.org/about/terms-of-use/open-data	
PP_005PCJ1|1998	representatives	PP_005PCJ1	https://pathoplexus.org/seq/PP_005PCJ1	Thailand	Thailand	OPEN		https://pathoplexus.org/about/terms-of-use/open-data	PP_005PCJ1	https://pathoplexus.org/seq/PP_005PCJ1	KY586688.1	https://www.ncbi.nlm.nih.gov/nuccore/KY586688.1	https://pathoplexus.org/about/terms-of-use/open-data	
PP_005PCLX|1999	representatives	PP_005PCLX	https://pathoplexus.org/seq/PP_005PCLX	Thailand	Thailand	OPEN		https://pathoplexus.org/about/terms-of-use/open-data	PP_005PCLX	https://pathoplexus.org/seq/PP_005PCLX	KY586690.1	https://www.ncbi.nlm.nih.gov/nuccore/KY586690.1	https://pathoplexus.org/about/terms-of-use/open-data	
PP_005PCNT|2001	representatives	PP_005PCNT	https://pathoplexus.org/seq/PP_005PCNT	Thailand	Thailand	OPEN		https://pathoplexus.org/about/terms-of-use/open-data	PP_005PCNT	https://pathoplexus.org/seq/PP_005PCNT	KY586692.1	https://www.ncbi.nlm.nih.gov/nuccore/KY586692.1	https://pathoplexus.org/about/terms-of-use/open-data	
PP_005PCWB|2009	representatives	PP_005PCWB	https://pathoplexus.org/seq/PP_005PCWB	Thailand	Thailand	OPEN		https://pathoplexus.org/about/terms-of-use/open-data	PP_005PCWB	https://pathoplexus.org/seq/PP_005PCWB	KY586700.1	https://www.ncbi.nlm.nih.gov/nuccore/KY586700.1	https://pathoplexus.org/about/terms-of-use/open-data	
PP_005PU5C|2009-11-06	representatives	PP_005PU5C	https://pathoplexus.org/seq/PP_005PU5C	Laos	Laos	OPEN		https://pathoplexus.org/about/terms-of-use/open-data	PP_005PU5C	https://pathoplexus.org/seq/PP_005PU5C	KY849765.1	https://www.ncbi.nlm.nih.gov/nuccore/KY849765.1	https://pathoplexus.org/about/terms-of-use/open-data	
PP_005PU86|2010-08-13	representatives	PP_005PU86	https://pathoplexus.org/seq/PP_005PU86	Laos	Laos	OPEN		https://pathoplexus.org/about/terms-of-use/open-data	PP_005PU86	https://pathoplexus.org/seq/PP_005PU86	KY849768.1	https://www.ncbi.nlm.nih.gov/nuccore/KY849768.1	https://pathoplexus.org/about/terms-of-use/open-data	
PP_005Q8RP|2014-03	representatives	PP_005Q8RP	https://pathoplexus.org/seq/PP_005Q8RP	Singapore	Singapore	OPEN		https://pathoplexus.org/about/terms-of-use/open-data	PP_005Q8RP	https://pathoplexus.org/seq/PP_005Q8RP	KY921904.1	https://www.ncbi.nlm.nih.gov/nuccore/KY921904.1	https://pathoplexus.org/about/terms-of-use/open-data	
PP_005Q96T|2015	representatives	PP_005Q96T	https://pathoplexus.org/seq/PP_005Q96T	China	China	OPEN		https://pathoplexus.org/about/terms-of-use/open-data	PP_005Q96T	https://pathoplexus.org/seq/PP_005Q96T	KY937188.1	https://www.ncbi.nlm.nih.gov/nuccore/KY937188.1	https://pathoplexus.org/about/terms-of-use/open-data	
PP_005QKQE|2009-10-08	representatives	PP_005QKQE	https://pathoplexus.org/seq/PP_005QKQE			OPEN		https://pathoplexus.org/about/terms-of-use/open-data	PP_005QKQE	https://pathoplexus.org/seq/PP_005QKQE	LC367234.1	https://www.ncbi.nlm.nih.gov/nuccore/LC367234.1	https://pathoplexus.org/about/terms-of-use/open-data	
PP_005QL9A|2016-11	representatives	PP_005QL9A	https://pathoplexus.org/seq/PP_005QL9A	Thailand	Thailand	OPEN		https://pathoplexus.org/about/terms-of-use/open-data	PP_005QL9A	https://pathoplexus.org/seq/PP_005QL9A	LC410185.1	https://www.ncbi.nlm.nih.gov/nuccore/LC410185.1	https://pathoplexus.org/about/terms-of-use/open-data	
PP_005QPHQ|2017-10	representatives	PP_005QPHQ	https://pathoplexus.org/seq/PP_005QPHQ	Bangladesh	Bangladesh	OPEN		https://pathoplexus.org/about/terms-of-use/open-data	PP_005QPHQ	https://pathoplexus.org/seq/PP_005QPHQ	LC436669.1	https://www.ncbi.nlm.nih.gov/nuccore/LC436669.1	https://pathoplexus.org/about/terms-of-use/open-data	
PP_005RM89|2016	representatives	PP_005RM89	https://pathoplexus.org/seq/PP_005RM89	China	China	OPEN		https://pathoplexus.org/about/terms-of-use/open-data	PP_005RM89	https://pathoplexus.org/seq/PP_005RM89	MF043956.1	https://www.ncbi.nlm.nih.gov/nuccore/MF043956.1	https://pathoplexus.org/about/terms-of-use/open-data	
PP_005RT0K|2015-09-26	representatives	PP_005RT0K	https://pathoplexus.org/seq/PP_005RT0K	China	China	OPEN		https://pathoplexus.org/about/terms-of-use/open-data	PP_005RT0K	https://pathoplexus.org/seq/PP_005RT0K	MF156235.1	https://www.ncbi.nlm.nih.gov/nuccore/MF156235.1	https://pathoplexus.org/about/terms-of-use/open-data	
PP_005RW2C|2013-09-09	representatives	PP_005RW2C	https://pathoplexus.org/seq/PP_005RW2C	China	China	OPEN		https://pathoplexus.org/about/terms-of-use/open-data	PP_005RW2C	https://pathoplexus.org/seq/PP_005RW2C	MF459663.3	https://www.ncbi.nlm.nih.gov/nuccore/MF459663.3	https://pathoplexus.org/about/terms-of-use/open-data	
PP_005SE7G|2014	representatives	PP_005SE7G	https://pathoplexus.org/seq/PP_005SE7G	India	India	OPEN		https://pathoplexus.org/about/terms-of-use/open-data	PP_005SE7G	https://pathoplexus.org/seq/PP_005SE7G	MG560143.1	https://www.ncbi.nlm.nih.gov/nuccore/MG560143.1	https://pathoplexus.org/about/terms-of-use/open-data	
PP_005SE8E|2014	representatives	PP_005SE8E	https://pathoplexus.org/seq/PP_005SE8E	India	India	OPEN		https://pathoplexus.org/about/terms-of-use/open-data	PP_005SE8E	https://pathoplexus.org/seq/PP_005SE8E	MG560144.1	https://www.ncbi.nlm.nih.gov/nuccore/MG560144.1	https://pathoplexus.org/about/terms-of-use/open-data	
PP_005SLXV|2001	representatives	PP_005SLXV	https://pathoplexus.org/seq/PP_005SLXV	Taiwan	Taiwan	OPEN		https://pathoplexus.org/about/terms-of-use/open-data	PP_005SLXV	https://pathoplexus.org/seq/PP_005SLXV	MG599592.1	https://www.ncbi.nlm.nih.gov/nuccore/MG599592.1	https://pathoplexus.org/about/terms-of-use/open-data	
PP_005SM2K|2001	representatives	PP_005SM2K	https://pathoplexus.org/seq/PP_005SM2K	Taiwan	Taiwan	OPEN		https://pathoplexus.org/about/terms-of-use/open-data	PP_005SM2K	https://pathoplexus.org/seq/PP_005SM2K	MG599597.1	https://www.ncbi.nlm.nih.gov/nuccore/MG599597.1	https://pathoplexus.org/about/terms-of-use/open-data	
PP_005SMS4|2002	representatives	PP_005SMS4	https://pathoplexus.org/seq/PP_005SMS4	Taiwan	Taiwan	OPEN		https://pathoplexus.org/about/terms-of-use/open-data	PP_005SMS4	https://pathoplexus.org/seq/PP_005SMS4	MG599621.1	https://www.ncbi.nlm.nih.gov/nuccore/MG599621.1	https://pathoplexus.org/about/terms-of-use/open-data	
PP_005SMZQ|2002	representatives	PP_005SMZQ	https://pathoplexus.org/seq/PP_005SMZQ	Taiwan	Taiwan	OPEN		https://pathoplexus.org/about/terms-of-use/open-data	PP_005SMZQ	https://pathoplexus.org/seq/PP_005SMZQ	MG599628.1	https://www.ncbi.nlm.nih.gov/nuccore/MG599628.1	https://pathoplexus.org/about/terms-of-use/open-data	
PP_005SN2J|2002	representatives	PP_005SN2J	https://pathoplexus.org/seq/PP_005SN2J	Taiwan	Taiwan	OPEN		https://pathoplexus.org/about/terms-of-use/open-data	PP_005SN2J	https://pathoplexus.org/seq/PP_005SN2J	MG599631.1	https://www.ncbi.nlm.nih.gov/nuccore/MG599631.1	https://pathoplexus.org/about/terms-of-use/open-data	
PP_005TQ58|2015-10-26	representatives	PP_005TQ58	https://pathoplexus.org/seq/PP_005TQ58	Venezuela	Venezuela	OPEN		https://pathoplexus.org/about/terms-of-use/open-data	PP_005TQ58	https://pathoplexus.org/seq/PP_005TQ58	MH069496.1	https://www.ncbi.nlm.nih.gov/nuccore/MH069496.1	https://pathoplexus.org/about/terms-of-use/open-data	
PP_005U4JZ|2015-10-15	representatives	PP_005U4JZ	https://pathoplexus.org/seq/PP_005U4JZ	Venezuela	Venezuela	OPEN		https://pathoplexus.org/about/terms-of-use/open-data	PP_005U4JZ	https://pathoplexus.org/seq/PP_005U4JZ	MH450300.1	https://www.ncbi.nlm.nih.gov/nuccore/MH450300.1	https://pathoplexus.org/about/terms-of-use/open-data	
PP_005U4UD|2010-08-31	representatives	PP_005U4UD	https://pathoplexus.org/seq/PP_005U4UD	Venezuela	Venezuela	OPEN		https://pathoplexus.org/about/terms-of-use/open-data	PP_005U4UD	https://pathoplexus.org/seq/PP_005U4UD	MH450310.1	https://www.ncbi.nlm.nih.gov/nuccore/MH450310.1	https://pathoplexus.org/about/terms-of-use/open-data	
PP_005VM3B|2012	representatives	PP_005VM3B	https://pathoplexus.org/seq/PP_005VM3B	Mexico	Mexico	OPEN		https://pathoplexus.org/about/terms-of-use/open-data	PP_005VM3B	https://pathoplexus.org/seq/PP_005VM3B	MH781013.1	https://www.ncbi.nlm.nih.gov/nuccore/MH781013.1	https://pathoplexus.org/about/terms-of-use/open-data	
PP_005VMM8|2014	representatives	PP_005VMM8	https://pathoplexus.org/seq/PP_005VMM8	India	India	OPEN		https://pathoplexus.org/about/terms-of-use/open-data	PP_005VMM8	https://pathoplexus.org/seq/PP_005VMM8	MH822940.2	https://www.ncbi.nlm.nih.gov/nuccore/MH822940.2	https://pathoplexus.org/about/terms-of-use/open-data	
PP_005VMN6|2013-08-30	representatives	PP_005VMN6	https://pathoplexus.org/seq/PP_005VMN6	India	India	OPEN		https://pathoplexus.org/about/terms-of-use/open-data	PP_005VMN6	https://pathoplexus.org/seq/PP_005VMN6	MH822941.2	https://www.ncbi.nlm.nih.gov/nuccore/MH822941.2	https://pathoplexus.org/about/terms-of-use/open-data	
PP_005VQ0E|2017	representatives	PP_005VQ0E	https://pathoplexus.org/seq/PP_005VQ0E	China	China	OPEN		https://pathoplexus.org/about/terms-of-use/open-data	PP_005VQ0E	https://pathoplexus.org/seq/PP_005VQ0E	MH827526.1	https://www.ncbi.nlm.nih.gov/nuccore/MH827526.1	https://pathoplexus.org/about/terms-of-use/open-data	
PP_005VQ62|2017	representatives	PP_005VQ62	https://pathoplexus.org/seq/PP_005VQ62	China	China	OPEN		https://pathoplexus.org/about/terms-of-use/open-data	PP_005VQ62	https://pathoplexus.org/seq/PP_005VQ62	MH827534.1	https://www.ncbi.nlm.nih.gov/nuccore/MH827534.1	https://pathoplexus.org/about/terms-of-use/open-data	
PP_005VTUN|2016-10-26	representatives	PP_005VTUN	https://pathoplexus.org/seq/PP_005VTUN	India	India	OPEN		https://pathoplexus.org/about/terms-of-use/open-data	PP_005VTUN	https://pathoplexus.org/seq/PP_005VTUN	MH891768.1	https://www.ncbi.nlm.nih.gov/nuccore/MH891768.1	https://pathoplexus.org/about/terms-of-use/open-data	
PP_005W45N|2017-03-28	representatives	PP_005W45N	https://pathoplexus.org/seq/PP_005W45N	Brazil	Brazil	OPEN		https://pathoplexus.org/about/terms-of-use/open-data	PP_005W45N	https://pathoplexus.org/seq/PP_005W45N	MK517773.1	https://www.ncbi.nlm.nih.gov/nuccore/MK517773.1	https://pathoplexus.org/about/terms-of-use/open-data	
PP_005W7V4|2017-08-08	representatives	PP_005W7V4	https://pathoplexus.org/seq/PP_005W7V4	China	China	OPEN		https://pathoplexus.org/about/terms-of-use/open-data	PP_005W7V4	https://pathoplexus.org/seq/PP_005W7V4	MK564476.1	https://www.ncbi.nlm.nih.gov/nuccore/MK564476.1	https://pathoplexus.org/about/terms-of-use/open-data	
PP_005W7X0|2016-04-22	representatives	PP_005W7X0	https://pathoplexus.org/seq/PP_005W7X0	China	China	OPEN		https://pathoplexus.org/about/terms-of-use/open-data	PP_005W7X0	https://pathoplexus.org/seq/PP_005W7X0	MK564478.1	https://www.ncbi.nlm.nih.gov/nuccore/MK564478.1	https://pathoplexus.org/about/terms-of-use/open-data	
PP_005W80U|2017-08-07	representatives	PP_005W80U	https://pathoplexus.org/seq/PP_005W80U	China	China	OPEN		https://pathoplexus.org/about/terms-of-use/open-data	PP_005W80U	https://pathoplexus.org/seq/PP_005W80U	MK564482.1	https://www.ncbi.nlm.nih.gov/nuccore/MK564482.1	https://pathoplexus.org/about/terms-of-use/open-data	
PP_005WG76|2018	representatives	PP_005WG76	https://pathoplexus.org/seq/PP_005WG76	China	China	OPEN		https://pathoplexus.org/about/terms-of-use/open-data	PP_005WG76	https://pathoplexus.org/seq/PP_005WG76	MK783204.1	https://www.ncbi.nlm.nih.gov/nuccore/MK783204.1	https://pathoplexus.org/about/terms-of-use/open-data	
PP_005WG84|2018	representatives	PP_005WG84	https://pathoplexus.org/seq/PP_005WG84	China	China	OPEN		https://pathoplexus.org/about/terms-of-use/open-data	PP_005WG84	https://pathoplexus.org/seq/PP_005WG84	MK783205.1	https://www.ncbi.nlm.nih.gov/nuccore/MK783205.1	https://pathoplexus.org/about/terms-of-use/open-data	
PP_005WGCW|2018	representatives	PP_005WGCW	https://pathoplexus.org/seq/PP_005WGCW	China	China	OPEN		https://pathoplexus.org/about/terms-of-use/open-data	PP_005WGCW	https://pathoplexus.org/seq/PP_005WGCW	MK783209.1	https://www.ncbi.nlm.nih.gov/nuccore/MK783209.1	https://pathoplexus.org/about/terms-of-use/open-data	
PP_005WQ7Y|2015-05-09	representatives	PP_005WQ7Y	https://pathoplexus.org/seq/PP_005WQ7Y	China	China	OPEN		https://pathoplexus.org/about/terms-of-use/open-data	PP_005WQ7Y	https://pathoplexus.org/seq/PP_005WQ7Y	MN018349.1	https://www.ncbi.nlm.nih.gov/nuccore/MN018349.1	https://pathoplexus.org/about/terms-of-use/open-data	
PP_005WQ9U|2015-05-17	representatives	PP_005WQ9U	https://pathoplexus.org/seq/PP_005WQ9U	China	China	OPEN		https://pathoplexus.org/about/terms-of-use/open-data	PP_005WQ9U	https://pathoplexus.org/seq/PP_005WQ9U	MN018351.1	https://www.ncbi.nlm.nih.gov/nuccore/MN018351.1	https://pathoplexus.org/about/terms-of-use/open-data	
PP_005WQEJ|2014-09-23	representatives	PP_005WQEJ	https://pathoplexus.org/seq/PP_005WQEJ	China	China	OPEN		https://pathoplexus.org/about/terms-of-use/open-data	PP_005WQEJ	https://pathoplexus.org/seq/PP_005WQEJ	MN018356.1	https://www.ncbi.nlm.nih.gov/nuccore/MN018356.1	https://pathoplexus.org/about/terms-of-use/open-data	
PP_005WQQX|2015-12-30	representatives	PP_005WQQX	https://pathoplexus.org/seq/PP_005WQQX	China	China	OPEN		https://pathoplexus.org/about/terms-of-use/open-data	PP_005WQQX	https://pathoplexus.org/seq/PP_005WQQX	MN018366.1	https://www.ncbi.nlm.nih.gov/nuccore/MN018366.1	https://pathoplexus.org/about/terms-of-use/open-data	
PP_005X5C5|2012-11-13	representatives	PP_005X5C5	https://pathoplexus.org/seq/PP_005X5C5	Thailand	Thailand	OPEN		https://pathoplexus.org/about/terms-of-use/open-data	PP_005X5C5	https://pathoplexus.org/seq/PP_005X5C5	MN448699.1	https://www.ncbi.nlm.nih.gov/nuccore/MN448699.1	https://pathoplexus.org/about/terms-of-use/open-data	
PP_005X5FZ|2012-09-24	representatives	PP_005X5FZ	https://pathoplexus.org/seq/PP_005X5FZ	Thailand	Thailand	OPEN		https://pathoplexus.org/about/terms-of-use/open-data	PP_005X5FZ	https://pathoplexus.org/seq/PP_005X5FZ	MN448702.1	https://www.ncbi.nlm.nih.gov/nuccore/MN448702.1	https://pathoplexus.org/about/terms-of-use/open-data	
PP_005X64L|2011-09-26	representatives	PP_005X64L	https://pathoplexus.org/seq/PP_005X64L	Thailand	Thailand	OPEN		https://pathoplexus.org/about/terms-of-use/open-data	PP_005X64L	https://pathoplexus.org/seq/PP_005X64L	MN448725.1	https://www.ncbi.nlm.nih.gov/nuccore/MN448725.1	https://pathoplexus.org/about/terms-of-use/open-data	
PP_005X66G|2012-10-11	representatives	PP_005X66G	https://pathoplexus.org/seq/PP_005X66G	Thailand	Thailand	OPEN		https://pathoplexus.org/about/terms-of-use/open-data	PP_005X66G	https://pathoplexus.org/seq/PP_005X66G	MN448727.1	https://www.ncbi.nlm.nih.gov/nuccore/MN448727.1	https://pathoplexus.org/about/terms-of-use/open-data	
PP_005X6MK|2012-10-02	representatives	PP_005X6MK	https://pathoplexus.org/seq/PP_005X6MK	Thailand	Thailand	OPEN		https://pathoplexus.org/about/terms-of-use/open-data	PP_005X6MK	https://pathoplexus.org/seq/PP_005X6MK	MN448742.1	https://www.ncbi.nlm.nih.gov/nuccore/MN448742.1	https://pathoplexus.org/about/terms-of-use/open-data	
PP_005X7LL|2012-08-06	representatives	PP_005X7LL	https://pathoplexus.org/seq/PP_005X7LL	Thailand	Thailand	OPEN		https://pathoplexus.org/about/terms-of-use/open-data	PP_005X7LL	https://pathoplexus.org/seq/PP_005X7LL	MN448775.1	https://www.ncbi.nlm.nih.gov/nuccore/MN448775.1	https://pathoplexus.org/about/terms-of-use/open-data	
PP_005X7MJ|2012-09-10	representatives	PP_005X7MJ	https://pathoplexus.org/seq/PP_005X7MJ	Thailand	Thailand	OPEN		https://pathoplexus.org/about/terms-of-use/open-data	PP_005X7MJ	https://pathoplexus.org/seq/PP_005X7MJ	MN448776.1	https://www.ncbi.nlm.nih.gov/nuccore/MN448776.1	https://pathoplexus.org/about/terms-of-use/open-data	
PP_005X7YW|2011-07-21	representatives	PP_005X7YW	https://pathoplexus.org/seq/PP_005X7YW	Thailand	Thailand	OPEN		https://pathoplexus.org/about/terms-of-use/open-data	PP_005X7YW	https://pathoplexus.org/seq/PP_005X7YW	MN448787.1	https://www.ncbi.nlm.nih.gov/nuccore/MN448787.1	https://pathoplexus.org/about/terms-of-use/open-data	
PP_005X8YV|2012-06-07	representatives	PP_005X8YV	https://pathoplexus.org/seq/PP_005X8YV	Thailand	Thailand	OPEN		https://pathoplexus.org/about/terms-of-use/open-data	PP_005X8YV	https://pathoplexus.org/seq/PP_005X8YV	MN448821.1	https://www.ncbi.nlm.nih.gov/nuccore/MN448821.1	https://pathoplexus.org/about/terms-of-use/open-data	
PP_005X9GT|2012-09-11	representatives	PP_005X9GT	https://pathoplexus.org/seq/PP_005X9GT	Thailand	Thailand	OPEN		https://pathoplexus.org/about/terms-of-use/open-data	PP_005X9GT	https://pathoplexus.org/seq/PP_005X9GT	MN448839.1	https://www.ncbi.nlm.nih.gov/nuccore/MN448839.1	https://pathoplexus.org/about/terms-of-use/open-data	
PP_005XAHP|2011-09-20	representatives	PP_005XAHP	https://pathoplexus.org/seq/PP_005XAHP	Thailand	Thailand	OPEN		https://pathoplexus.org/about/terms-of-use/open-data	PP_005XAHP	https://pathoplexus.org/seq/PP_005XAHP	MN448874.1	https://www.ncbi.nlm.nih.gov/nuccore/MN448874.1	https://pathoplexus.org/about/terms-of-use/open-data	
PP_005XAQ9|2011-06-23	representatives	PP_005XAQ9	https://pathoplexus.org/seq/PP_005XAQ9	Thailand	Thailand	OPEN		https://pathoplexus.org/about/terms-of-use/open-data	PP_005XAQ9	https://pathoplexus.org/seq/PP_005XAQ9	MN448881.1	https://www.ncbi.nlm.nih.gov/nuccore/MN448881.1	https://pathoplexus.org/about/terms-of-use/open-data	
PP_005XAS5|2011-09-23	representatives	PP_005XAS5	https://pathoplexus.org/seq/PP_005XAS5	Thailand	Thailand	OPEN		https://pathoplexus.org/about/terms-of-use/open-data	PP_005XAS5	https://pathoplexus.org/seq/PP_005XAS5	MN448883.1	https://www.ncbi.nlm.nih.gov/nuccore/MN448883.1	https://pathoplexus.org/about/terms-of-use/open-data	
PP_005XBDX|2010-09-15	representatives	PP_005XBDX	https://pathoplexus.org/seq/PP_005XBDX	Thailand	Thailand	OPEN		https://pathoplexus.org/about/terms-of-use/open-data	PP_005XBDX	https://pathoplexus.org/seq/PP_005XBDX	MN448904.1	https://www.ncbi.nlm.nih.gov/nuccore/MN448904.1	https://pathoplexus.org/about/terms-of-use/open-data	
PP_005XBVY|2011	representatives	PP_005XBVY	https://pathoplexus.org/seq/PP_005XBVY	Thailand	Thailand	OPEN		https://pathoplexus.org/about/terms-of-use/open-data	PP_005XBVY	https://pathoplexus.org/seq/PP_005XBVY	MN448920.1	https://www.ncbi.nlm.nih.gov/nuccore/MN448920.1	https://pathoplexus.org/about/terms-of-use/open-data	
PP_005XETZ|2015-10-04	representatives	PP_005XETZ	https://pathoplexus.org/seq/PP_005XETZ	Ecuador	Ecuador	OPEN		https://pathoplexus.org/about/terms-of-use/open-data	PP_005XETZ	https://pathoplexus.org/seq/PP_005XETZ	MN462632.1	https://www.ncbi.nlm.nih.gov/nuccore/MN462632.1	https://pathoplexus.org/about/terms-of-use/open-data	
PP_005XEUX|2015-04-28	representatives	PP_005XEUX	https://pathoplexus.org/seq/PP_005XEUX	Ecuador	Ecuador	OPEN		https://pathoplexus.org/about/terms-of-use/open-data	PP_005XEUX	https://pathoplexus.org/seq/PP_005XEUX	MN462633.1	https://www.ncbi.nlm.nih.gov/nuccore/MN462633.1	https://pathoplexus.org/about/terms-of-use/open-data	
PP_005XEXR|2015-05-27	representatives	PP_005XEXR	https://pathoplexus.org/seq/PP_005XEXR	Ecuador	Ecuador	OPEN		https://pathoplexus.org/about/terms-of-use/open-data	PP_005XEXR	https://pathoplexus.org/seq/PP_005XEXR	MN462636.1	https://www.ncbi.nlm.nih.gov/nuccore/MN462636.1	https://pathoplexus.org/about/terms-of-use/open-data	
PP_005XH2D|2013-04	representatives	PP_005XH2D	https://pathoplexus.org/seq/PP_005XH2D	Kenya	Kenya	OPEN		https://pathoplexus.org/about/terms-of-use/open-data	PP_005XH2D	https://pathoplexus.org/seq/PP_005XH2D	MN577551.1	https://www.ncbi.nlm.nih.gov/nuccore/MN577551.1	https://pathoplexus.org/about/terms-of-use/open-data	
PP_005XH81|2017-07	representatives	PP_005XH81	https://pathoplexus.org/seq/PP_005XH81	Kenya	Kenya	OPEN		https://pathoplexus.org/about/terms-of-use/open-data	PP_005XH81	https://pathoplexus.org/seq/PP_005XH81	MN577557.1	https://www.ncbi.nlm.nih.gov/nuccore/MN577557.1	https://pathoplexus.org/about/terms-of-use/open-data	
PP_005XHDR|2013-05	representatives	PP_005XHDR	https://pathoplexus.org/seq/PP_005XHDR	Kenya	Kenya	OPEN		https://pathoplexus.org/about/terms-of-use/open-data	PP_005XHDR	https://pathoplexus.org/seq/PP_005XHDR	MN577562.1	https://www.ncbi.nlm.nih.gov/nuccore/MN577562.1	https://pathoplexus.org/about/terms-of-use/open-data	
PP_005XHFM|2014-06	representatives	PP_005XHFM	https://pathoplexus.org/seq/PP_005XHFM	Kenya	Kenya	OPEN		https://pathoplexus.org/about/terms-of-use/open-data	PP_005XHFM	https://pathoplexus.org/seq/PP_005XHFM	MN577564.1	https://www.ncbi.nlm.nih.gov/nuccore/MN577564.1	https://pathoplexus.org/about/terms-of-use/open-data	
PP_005XJ56|1999-04-09	representatives	PP_005XJ56	https://pathoplexus.org/seq/PP_005XJ56	Brazil	Brazil	OPEN		https://pathoplexus.org/about/terms-of-use/open-data	PP_005XJ56	https://pathoplexus.org/seq/PP_005XJ56	MN589880.1	https://www.ncbi.nlm.nih.gov/nuccore/MN589880.1	https://pathoplexus.org/about/terms-of-use/open-data	
PP_005YEVT|2019-07-08	representatives	PP_005YEVT	https://pathoplexus.org/seq/PP_005YEVT	China	China	OPEN		https://pathoplexus.org/about/terms-of-use/open-data	PP_005YEVT	https://pathoplexus.org/seq/PP_005YEVT	MN923109.1	https://www.ncbi.nlm.nih.gov/nuccore/MN923109.1	https://pathoplexus.org/about/terms-of-use/open-data	
PP_005YEXP|2019-08-24	representatives	PP_005YEXP	https://pathoplexus.org/seq/PP_005YEXP	China	China	OPEN		https://pathoplexus.org/about/terms-of-use/open-data	PP_005YEXP	https://pathoplexus.org/seq/PP_005YEXP	MN923111.1	https://www.ncbi.nlm.nih.gov/nuccore/MN923111.1	https://pathoplexus.org/about/terms-of-use/open-data	
PP_005YEZK|2019-10-14	representatives	PP_005YEZK	https://pathoplexus.org/seq/PP_005YEZK	China	China	OPEN		https://pathoplexus.org/about/terms-of-use/open-data	PP_005YEZK	https://pathoplexus.org/seq/PP_005YEZK	MN923113.1	https://www.ncbi.nlm.nih.gov/nuccore/MN923113.1	https://pathoplexus.org/about/terms-of-use/open-data	
PP_005YF1F|2019-05-31	representatives	PP_005YF1F	https://pathoplexus.org/seq/PP_005YF1F	China	China	OPEN		https://pathoplexus.org/about/terms-of-use/open-data	PP_005YF1F	https://pathoplexus.org/seq/PP_005YF1F	MN923115.1	https://www.ncbi.nlm.nih.gov/nuccore/MN923115.1	https://pathoplexus.org/about/terms-of-use/open-data	
PP_005YF65|2019-10-02	representatives	PP_005YF65	https://pathoplexus.org/seq/PP_005YF65	China	China	OPEN		https://pathoplexus.org/about/terms-of-use/open-data	PP_005YF65	https://pathoplexus.org/seq/PP_005YF65	MN923120.1	https://www.ncbi.nlm.nih.gov/nuccore/MN923120.1	https://pathoplexus.org/about/terms-of-use/open-data	
PP_005YF81|2019-09-01	representatives	PP_005YF81	https://pathoplexus.org/seq/PP_005YF81	China	China	OPEN		https://pathoplexus.org/about/terms-of-use/open-data	PP_005YF81	https://pathoplexus.org/seq/PP_005YF81	MN923122.1	https://www.ncbi.nlm.nih.gov/nuccore/MN923122.1	https://pathoplexus.org/about/terms-of-use/open-data	
PP_005YNAQ|2019-01-17	representatives	PP_005YNAQ	https://pathoplexus.org/seq/PP_005YNAQ	Brazil	Brazil	OPEN		https://pathoplexus.org/about/terms-of-use/open-data	PP_005YNAQ	https://pathoplexus.org/seq/PP_005YNAQ	MN959467.1	https://www.ncbi.nlm.nih.gov/nuccore/MN959467.1	https://pathoplexus.org/about/terms-of-use/open-data	
PP_005ZFRY|2015	representatives	PP_005ZFRY	https://pathoplexus.org/seq/PP_005ZFRY	Philippines	Philippines	OPEN		https://pathoplexus.org/about/terms-of-use/open-data	PP_005ZFRY	https://pathoplexus.org/seq/PP_005ZFRY	MT832057.1	https://www.ncbi.nlm.nih.gov/nuccore/MT832057.1	https://pathoplexus.org/about/terms-of-use/open-data	
PP_005ZLSR|2019-09-13	representatives	PP_005ZLSR	https://pathoplexus.org/seq/PP_005ZLSR	Mexico	Mexico	OPEN		https://pathoplexus.org/about/terms-of-use/open-data	PP_005ZLSR	https://pathoplexus.org/seq/PP_005ZLSR	MT899085.1	https://www.ncbi.nlm.nih.gov/nuccore/MT899085.1	https://pathoplexus.org/about/terms-of-use/open-data	
PP_005ZLWH|2000	representatives	PP_005ZLWH	https://pathoplexus.org/seq/PP_005ZLWH	Australia	Australia	OPEN		https://pathoplexus.org/about/terms-of-use/open-data	PP_005ZLWH	https://pathoplexus.org/seq/PP_005ZLWH	MT921572.1	https://www.ncbi.nlm.nih.gov/nuccore/MT921572.1	https://pathoplexus.org/about/terms-of-use/open-data	
PP_005ZLXF|2004	representatives	PP_005ZLXF	https://pathoplexus.org/seq/PP_005ZLXF	Australia	Australia	OPEN		https://pathoplexus.org/about/terms-of-use/open-data	PP_005ZLXF	https://pathoplexus.org/seq/PP_005ZLXF	MT921573.1	https://www.ncbi.nlm.nih.gov/nuccore/MT921573.1	https://pathoplexus.org/about/terms-of-use/open-data	
PP_005ZTMU|2016-01-25	representatives	PP_005ZTMU	https://pathoplexus.org/seq/PP_005ZTMU	Brazil	Brazil	OPEN		https://pathoplexus.org/about/terms-of-use/open-data	PP_005ZTMU	https://pathoplexus.org/seq/PP_005ZTMU	MT929751.1	https://www.ncbi.nlm.nih.gov/nuccore/MT929751.1	https://pathoplexus.org/about/terms-of-use/open-data	
PP_005ZUBE|2019-09-08	representatives	PP_005ZUBE	https://pathoplexus.org/seq/PP_005ZUBE	Burkina Faso	Burkina Faso	OPEN		https://pathoplexus.org/about/terms-of-use/open-data	PP_005ZUBE	https://pathoplexus.org/seq/PP_005ZUBE	MT982148.1	https://www.ncbi.nlm.nih.gov/nuccore/MT982148.1	https://pathoplexus.org/about/terms-of-use/open-data	
PP_00623UY|2009	representatives	PP_00623UY	https://pathoplexus.org/seq/PP_00623UY	Singapore	Singapore	OPEN		https://pathoplexus.org/about/terms-of-use/open-data	PP_00623UY	https://pathoplexus.org/seq/PP_00623UY	MW512356.1	https://www.ncbi.nlm.nih.gov/nuccore/MW512356.1	https://pathoplexus.org/about/terms-of-use/open-data	
PP_006242G|2011	representatives	PP_006242G	https://pathoplexus.org/seq/PP_006242G	Singapore	Singapore	OPEN		https://pathoplexus.org/about/terms-of-use/open-data	PP_006242G	https://pathoplexus.org/seq/PP_006242G	MW512364.1	https://www.ncbi.nlm.nih.gov/nuccore/MW512364.1	https://pathoplexus.org/about/terms-of-use/open-data	
PP_006244C|2011	representatives	PP_006244C	https://pathoplexus.org/seq/PP_006244C	Singapore	Singapore	OPEN		https://pathoplexus.org/about/terms-of-use/open-data	PP_006244C	https://pathoplexus.org/seq/PP_006244C	MW512366.1	https://www.ncbi.nlm.nih.gov/nuccore/MW512366.1	https://pathoplexus.org/about/terms-of-use/open-data	
PP_0062476|2011	representatives	PP_0062476	https://pathoplexus.org/seq/PP_0062476	Singapore	Singapore	OPEN		https://pathoplexus.org/about/terms-of-use/open-data	PP_0062476	https://pathoplexus.org/seq/PP_0062476	MW512369.1	https://www.ncbi.nlm.nih.gov/nuccore/MW512369.1	https://pathoplexus.org/about/terms-of-use/open-data	
PP_00624FQ|2012	representatives	PP_00624FQ	https://pathoplexus.org/seq/PP_00624FQ	Singapore	Singapore	OPEN		https://pathoplexus.org/about/terms-of-use/open-data	PP_00624FQ	https://pathoplexus.org/seq/PP_00624FQ	MW512377.1	https://www.ncbi.nlm.nih.gov/nuccore/MW512377.1	https://pathoplexus.org/about/terms-of-use/open-data	
PP_00624GN|2012	representatives	PP_00624GN	https://pathoplexus.org/seq/PP_00624GN	Singapore	Singapore	OPEN		https://pathoplexus.org/about/terms-of-use/open-data	PP_00624GN	https://pathoplexus.org/seq/PP_00624GN	MW512378.1	https://www.ncbi.nlm.nih.gov/nuccore/MW512378.1	https://pathoplexus.org/about/terms-of-use/open-data	
PP_00624VV|2013	representatives	PP_00624VV	https://pathoplexus.org/seq/PP_00624VV	Singapore	Singapore	OPEN		https://pathoplexus.org/about/terms-of-use/open-data	PP_00624VV	https://pathoplexus.org/seq/PP_00624VV	MW512391.1	https://www.ncbi.nlm.nih.gov/nuccore/MW512391.1	https://pathoplexus.org/about/terms-of-use/open-data	
PP_006254B|2013	representatives	PP_006254B	https://pathoplexus.org/seq/PP_006254B	Singapore	Singapore	OPEN		https://pathoplexus.org/about/terms-of-use/open-data	PP_006254B	https://pathoplexus.org/seq/PP_006254B	MW512400.1	https://www.ncbi.nlm.nih.gov/nuccore/MW512400.1	https://pathoplexus.org/about/terms-of-use/open-data	
PP_0062575|2013	representatives	PP_0062575	https://pathoplexus.org/seq/PP_0062575	Singapore	Singapore	OPEN		https://pathoplexus.org/about/terms-of-use/open-data	PP_0062575	https://pathoplexus.org/seq/PP_0062575	MW512403.1	https://www.ncbi.nlm.nih.gov/nuccore/MW512403.1	https://pathoplexus.org/about/terms-of-use/open-data	
PP_00625AZ|2013	representatives	PP_00625AZ	https://pathoplexus.org/seq/PP_00625AZ	Singapore	Singapore	OPEN		https://pathoplexus.org/about/terms-of-use/open-data	PP_00625AZ	https://pathoplexus.org/seq/PP_00625AZ	MW512406.1	https://www.ncbi.nlm.nih.gov/nuccore/MW512406.1	https://pathoplexus.org/about/terms-of-use/open-data	
PP_00625GM|2014	representatives	PP_00625GM	https://pathoplexus.org/seq/PP_00625GM	Singapore	Singapore	OPEN		https://pathoplexus.org/about/terms-of-use/open-data	PP_00625GM	https://pathoplexus.org/seq/PP_00625GM	MW512412.1	https://www.ncbi.nlm.nih.gov/nuccore/MW512412.1	https://pathoplexus.org/about/terms-of-use/open-data	
PP_00625JG|2014	representatives	PP_00625JG	https://pathoplexus.org/seq/PP_00625JG	Singapore	Singapore	OPEN		https://pathoplexus.org/about/terms-of-use/open-data	PP_00625JG	https://pathoplexus.org/seq/PP_00625JG	MW512414.1	https://www.ncbi.nlm.nih.gov/nuccore/MW512414.1	https://pathoplexus.org/about/terms-of-use/open-data	
PP_00625KE|2014	representatives	PP_00625KE	https://pathoplexus.org/seq/PP_00625KE	Singapore	Singapore	OPEN		https://pathoplexus.org/about/terms-of-use/open-data	PP_00625KE	https://pathoplexus.org/seq/PP_00625KE	MW512415.1	https://www.ncbi.nlm.nih.gov/nuccore/MW512415.1	https://pathoplexus.org/about/terms-of-use/open-data	
PP_00625YN|2014	representatives	PP_00625YN	https://pathoplexus.org/seq/PP_00625YN	Singapore	Singapore	OPEN		https://pathoplexus.org/about/terms-of-use/open-data	PP_00625YN	https://pathoplexus.org/seq/PP_00625YN	MW512428.1	https://www.ncbi.nlm.nih.gov/nuccore/MW512428.1	https://pathoplexus.org/about/terms-of-use/open-data	
PP_006260J|2014	representatives	PP_006260J	https://pathoplexus.org/seq/PP_006260J	Singapore	Singapore	OPEN		https://pathoplexus.org/about/terms-of-use/open-data	PP_006260J	https://pathoplexus.org/seq/PP_006260J	MW512430.1	https://www.ncbi.nlm.nih.gov/nuccore/MW512430.1	https://pathoplexus.org/about/terms-of-use/open-data	
PP_006262E|2014	representatives	PP_006262E	https://pathoplexus.org/seq/PP_006262E	Singapore	Singapore	OPEN		https://pathoplexus.org/about/terms-of-use/open-data	PP_006262E	https://pathoplexus.org/seq/PP_006262E	MW512432.1	https://www.ncbi.nlm.nih.gov/nuccore/MW512432.1	https://pathoplexus.org/about/terms-of-use/open-data	
PP_00626HH|2015	representatives	PP_00626HH	https://pathoplexus.org/seq/PP_00626HH	Singapore	Singapore	OPEN		https://pathoplexus.org/about/terms-of-use/open-data	PP_00626HH	https://pathoplexus.org/seq/PP_00626HH	MW512447.1	https://www.ncbi.nlm.nih.gov/nuccore/MW512447.1	https://pathoplexus.org/about/terms-of-use/open-data	
PP_00626N7|2016	representatives	PP_00626N7	https://pathoplexus.org/seq/PP_00626N7	Singapore	Singapore	OPEN		https://pathoplexus.org/about/terms-of-use/open-data	PP_00626N7	https://pathoplexus.org/seq/PP_00626N7	MW512452.1	https://www.ncbi.nlm.nih.gov/nuccore/MW512452.1	https://pathoplexus.org/about/terms-of-use/open-data	
PP_00626ZK|2016	representatives	PP_00626ZK	https://pathoplexus.org/seq/PP_00626ZK	Singapore	Singapore	OPEN		https://pathoplexus.org/about/terms-of-use/open-data	PP_00626ZK	https://pathoplexus.org/seq/PP_00626ZK	MW512463.1	https://www.ncbi.nlm.nih.gov/nuccore/MW512463.1	https://pathoplexus.org/about/terms-of-use/open-data	
PP_006271F|2016	representatives	PP_006271F	https://pathoplexus.org/seq/PP_006271F	Singapore	Singapore	OPEN		https://pathoplexus.org/about/terms-of-use/open-data	PP_006271F	https://pathoplexus.org/seq/PP_006271F	MW512465.1	https://www.ncbi.nlm.nih.gov/nuccore/MW512465.1	https://pathoplexus.org/about/terms-of-use/open-data	
PP_00627GK|2018	representatives	PP_00627GK	https://pathoplexus.org/seq/PP_00627GK	Singapore	Singapore	OPEN		https://pathoplexus.org/about/terms-of-use/open-data	PP_00627GK	https://pathoplexus.org/seq/PP_00627GK	MW512480.1	https://www.ncbi.nlm.nih.gov/nuccore/MW512480.1	https://pathoplexus.org/about/terms-of-use/open-data	
PP_0062HWE|2014-10	representatives	PP_0062HWE	https://pathoplexus.org/seq/PP_0062HWE	China	China	OPEN		https://pathoplexus.org/about/terms-of-use/open-data	PP_0062HWE	https://pathoplexus.org/seq/PP_0062HWE	MW721462.1	https://www.ncbi.nlm.nih.gov/nuccore/MW721462.1	https://pathoplexus.org/about/terms-of-use/open-data	
PP_0062J22|2014-10	representatives	PP_0062J22	https://pathoplexus.org/seq/PP_0062J22	China	China	OPEN		https://pathoplexus.org/about/terms-of-use/open-data	PP_0062J22	https://pathoplexus.org/seq/PP_0062J22	MW721468.1	https://www.ncbi.nlm.nih.gov/nuccore/MW721468.1	https://pathoplexus.org/about/terms-of-use/open-data	
PP_0062JJ3|2017-07	representatives	PP_0062JJ3	https://pathoplexus.org/seq/PP_0062JJ3	Nepal	Nepal	OPEN		https://pathoplexus.org/about/terms-of-use/open-data	PP_0062JJ3	https://pathoplexus.org/seq/PP_0062JJ3	MW730819.1	https://www.ncbi.nlm.nih.gov/nuccore/MW730819.1	https://pathoplexus.org/about/terms-of-use/open-data	
PP_0062JVF|2017-07	representatives	PP_0062JVF	https://pathoplexus.org/seq/PP_0062JVF	Nepal	Nepal	OPEN		https://pathoplexus.org/about/terms-of-use/open-data	PP_0062JVF	https://pathoplexus.org/seq/PP_0062JVF	MW730830.1	https://www.ncbi.nlm.nih.gov/nuccore/MW730830.1	https://pathoplexus.org/about/terms-of-use/open-data	
PP_0062JY9|2017-07	representatives	PP_0062JY9	https://pathoplexus.org/seq/PP_0062JY9	Nepal	Nepal	OPEN		https://pathoplexus.org/about/terms-of-use/open-data	PP_0062JY9	https://pathoplexus.org/seq/PP_0062JY9	MW730833.1	https://www.ncbi.nlm.nih.gov/nuccore/MW730833.1	https://pathoplexus.org/about/terms-of-use/open-data	
PP_0063CTP|2001	representatives	PP_0063CTP	https://pathoplexus.org/seq/PP_0063CTP	Thailand	Thailand	OPEN		https://pathoplexus.org/about/terms-of-use/open-data	PP_0063CTP	https://pathoplexus.org/seq/PP_0063CTP	MW946279.1	https://www.ncbi.nlm.nih.gov/nuccore/MW946279.1	https://pathoplexus.org/about/terms-of-use/open-data	
PP_0063CUM|2004	representatives	PP_0063CUM	https://pathoplexus.org/seq/PP_0063CUM	Thailand	Thailand	OPEN		https://pathoplexus.org/about/terms-of-use/open-data	PP_0063CUM	https://pathoplexus.org/seq/PP_0063CUM	MW946280.1	https://www.ncbi.nlm.nih.gov/nuccore/MW946280.1	https://pathoplexus.org/about/terms-of-use/open-data	
PP_0063CYD|1995	representatives	PP_0063CYD	https://pathoplexus.org/seq/PP_0063CYD	Thailand	Thailand	OPEN		https://pathoplexus.org/about/terms-of-use/open-data	PP_0063CYD	https://pathoplexus.org/seq/PP_0063CYD	MW946284.1	https://www.ncbi.nlm.nih.gov/nuccore/MW946284.1	https://pathoplexus.org/about/terms-of-use/open-data	
PP_0063DTN|2006	representatives	PP_0063DTN	https://pathoplexus.org/seq/PP_0063DTN	Thailand	Thailand	OPEN		https://pathoplexus.org/about/terms-of-use/open-data	PP_0063DTN	https://pathoplexus.org/seq/PP_0063DTN	MW946313.1	https://www.ncbi.nlm.nih.gov/nuccore/MW946313.1	https://pathoplexus.org/about/terms-of-use/open-data	
PP_0063F4Z|2003	representatives	PP_0063F4Z	https://pathoplexus.org/seq/PP_0063F4Z	Thailand	Thailand	OPEN		https://pathoplexus.org/about/terms-of-use/open-data	PP_0063F4Z	https://pathoplexus.org/seq/PP_0063F4Z	MW946358.1	https://www.ncbi.nlm.nih.gov/nuccore/MW946358.1	https://pathoplexus.org/about/terms-of-use/open-data	
PP_0063FDF|2010	representatives	PP_0063FDF	https://pathoplexus.org/seq/PP_0063FDF	Thailand	Thailand	OPEN		https://pathoplexus.org/about/terms-of-use/open-data	PP_0063FDF	https://pathoplexus.org/seq/PP_0063FDF	MW946367.1	https://www.ncbi.nlm.nih.gov/nuccore/MW946367.1	https://pathoplexus.org/about/terms-of-use/open-data	
PP_0063FFB|1994	representatives	PP_0063FFB	https://pathoplexus.org/seq/PP_0063FFB	Thailand	Thailand	OPEN		https://pathoplexus.org/about/terms-of-use/open-data	PP_0063FFB	https://pathoplexus.org/seq/PP_0063FFB	MW946369.1	https://www.ncbi.nlm.nih.gov/nuccore/MW946369.1	https://pathoplexus.org/about/terms-of-use/open-data	
PP_0063FYA|2011	representatives	PP_0063FYA	https://pathoplexus.org/seq/PP_0063FYA	Thailand	Thailand	OPEN		https://pathoplexus.org/about/terms-of-use/open-data	PP_0063FYA	https://pathoplexus.org/seq/PP_0063FYA	MW946386.1	https://www.ncbi.nlm.nih.gov/nuccore/MW946386.1	https://pathoplexus.org/about/terms-of-use/open-data	
PP_0063GY9|1996	representatives	PP_0063GY9	https://pathoplexus.org/seq/PP_0063GY9	Thailand	Thailand	OPEN		https://pathoplexus.org/about/terms-of-use/open-data	PP_0063GY9	https://pathoplexus.org/seq/PP_0063GY9	MW946420.1	https://www.ncbi.nlm.nih.gov/nuccore/MW946420.1	https://pathoplexus.org/about/terms-of-use/open-data	
PP_0063H05|1994	representatives	PP_0063H05	https://pathoplexus.org/seq/PP_0063H05	Thailand	Thailand	OPEN		https://pathoplexus.org/about/terms-of-use/open-data	PP_0063H05	https://pathoplexus.org/seq/PP_0063H05	MW946422.1	https://www.ncbi.nlm.nih.gov/nuccore/MW946422.1	https://pathoplexus.org/about/terms-of-use/open-data	
PP_0063H6T|2001	representatives	PP_0063H6T	https://pathoplexus.org/seq/PP_0063H6T	Thailand	Thailand	OPEN		https://pathoplexus.org/about/terms-of-use/open-data	PP_0063H6T	https://pathoplexus.org/seq/PP_0063H6T	MW946428.1	https://www.ncbi.nlm.nih.gov/nuccore/MW946428.1	https://pathoplexus.org/about/terms-of-use/open-data	
PP_0063J4W|1997	representatives	PP_0063J4W	https://pathoplexus.org/seq/PP_0063J4W	Thailand	Thailand	OPEN		https://pathoplexus.org/about/terms-of-use/open-data	PP_0063J4W	https://pathoplexus.org/seq/PP_0063J4W	MW946460.1	https://www.ncbi.nlm.nih.gov/nuccore/MW946460.1	https://pathoplexus.org/about/terms-of-use/open-data	
PP_0063J5U|1988	representatives	PP_0063J5U	https://pathoplexus.org/seq/PP_0063J5U	Thailand	Thailand	OPEN		https://pathoplexus.org/about/terms-of-use/open-data	PP_0063J5U	https://pathoplexus.org/seq/PP_0063J5U	MW946461.1	https://www.ncbi.nlm.nih.gov/nuccore/MW946461.1	https://pathoplexus.org/about/terms-of-use/open-data	
PP_0063JH3|1999	representatives	PP_0063JH3	https://pathoplexus.org/seq/PP_0063JH3	Thailand	Thailand	OPEN		https://pathoplexus.org/about/terms-of-use/open-data	PP_0063JH3	https://pathoplexus.org/seq/PP_0063JH3	MW946473.1	https://www.ncbi.nlm.nih.gov/nuccore/MW946473.1	https://pathoplexus.org/about/terms-of-use/open-data	
PP_0063JNT|1974	representatives	PP_0063JNT	https://pathoplexus.org/seq/PP_0063JNT	India	India	OPEN		https://pathoplexus.org/about/terms-of-use/open-data	PP_0063JNT	https://pathoplexus.org/seq/PP_0063JNT	MW946478.1	https://www.ncbi.nlm.nih.gov/nuccore/MW946478.1	https://pathoplexus.org/about/terms-of-use/open-data	
PP_0063K2Z|2002	representatives	PP_0063K2Z	https://pathoplexus.org/seq/PP_0063K2Z	Thailand	Thailand	OPEN		https://pathoplexus.org/about/terms-of-use/open-data	PP_0063K2Z	https://pathoplexus.org/seq/PP_0063K2Z	MW946492.1	https://www.ncbi.nlm.nih.gov/nuccore/MW946492.1	https://pathoplexus.org/about/terms-of-use/open-data	
PP_0063KKY|1998	representatives	PP_0063KKY	https://pathoplexus.org/seq/PP_0063KKY	Thailand	Thailand	OPEN		https://pathoplexus.org/about/terms-of-use/open-data	PP_0063KKY	https://pathoplexus.org/seq/PP_0063KKY	MW946509.1	https://www.ncbi.nlm.nih.gov/nuccore/MW946509.1	https://pathoplexus.org/about/terms-of-use/open-data	
PP_0063KLW|2011	representatives	PP_0063KLW	https://pathoplexus.org/seq/PP_0063KLW	Thailand	Thailand	OPEN		https://pathoplexus.org/about/terms-of-use/open-data	PP_0063KLW	https://pathoplexus.org/seq/PP_0063KLW	MW946510.1	https://www.ncbi.nlm.nih.gov/nuccore/MW946510.1	https://pathoplexus.org/about/terms-of-use/open-data	
PP_0063KTG|2005	representatives	PP_0063KTG	https://pathoplexus.org/seq/PP_0063KTG	Thailand	Thailand	OPEN		https://pathoplexus.org/about/terms-of-use/open-data	PP_0063KTG	https://pathoplexus.org/seq/PP_0063KTG	MW946517.1	https://www.ncbi.nlm.nih.gov/nuccore/MW946517.1	https://pathoplexus.org/about/terms-of-use/open-data	
PP_0063LTF|1997	representatives	PP_0063LTF	https://pathoplexus.org/seq/PP_0063LTF	Thailand	Thailand	OPEN		https://pathoplexus.org/about/terms-of-use/open-data	PP_0063LTF	https://pathoplexus.org/seq/PP_0063LTF	MW946551.1	https://www.ncbi.nlm.nih.gov/nuccore/MW946551.1	https://pathoplexus.org/about/terms-of-use/open-data	
PP_0063LW9|2011	representatives	PP_0063LW9	https://pathoplexus.org/seq/PP_0063LW9	Thailand	Thailand	OPEN		https://pathoplexus.org/about/terms-of-use/open-data	PP_0063LW9	https://pathoplexus.org/seq/PP_0063LW9	MW946554.1	https://www.ncbi.nlm.nih.gov/nuccore/MW946554.1	https://pathoplexus.org/about/terms-of-use/open-data	
PP_0063MH0|1996	representatives	PP_0063MH0	https://pathoplexus.org/seq/PP_0063MH0	Peru	Peru	OPEN		https://pathoplexus.org/about/terms-of-use/open-data	PP_0063MH0	https://pathoplexus.org/seq/PP_0063MH0	MW946575.1	https://www.ncbi.nlm.nih.gov/nuccore/MW946575.1	https://pathoplexus.org/about/terms-of-use/open-data	
PP_0063MRJ|2004	representatives	PP_0063MRJ	https://pathoplexus.org/seq/PP_0063MRJ	Brazil	Brazil	OPEN		https://pathoplexus.org/about/terms-of-use/open-data	PP_0063MRJ	https://pathoplexus.org/seq/PP_0063MRJ	MW946583.1	https://www.ncbi.nlm.nih.gov/nuccore/MW946583.1	https://pathoplexus.org/about/terms-of-use/open-data	
PP_0063MY4|1997	representatives	PP_0063MY4	https://pathoplexus.org/seq/PP_0063MY4	Thailand	Thailand	OPEN		https://pathoplexus.org/about/terms-of-use/open-data	PP_0063MY4	https://pathoplexus.org/seq/PP_0063MY4	MW946590.1	https://www.ncbi.nlm.nih.gov/nuccore/MW946590.1	https://pathoplexus.org/about/terms-of-use/open-data	
PP_0063N3U|2005	representatives	PP_0063N3U	https://pathoplexus.org/seq/PP_0063N3U	Thailand	Thailand	OPEN		https://pathoplexus.org/about/terms-of-use/open-data	PP_0063N3U	https://pathoplexus.org/seq/PP_0063N3U	MW946595.1	https://www.ncbi.nlm.nih.gov/nuccore/MW946595.1	https://pathoplexus.org/about/terms-of-use/open-data	
PP_0063NAE|2011	representatives	PP_0063NAE	https://pathoplexus.org/seq/PP_0063NAE	Thailand	Thailand	OPEN		https://pathoplexus.org/about/terms-of-use/open-data	PP_0063NAE	https://pathoplexus.org/seq/PP_0063NAE	MW946602.1	https://www.ncbi.nlm.nih.gov/nuccore/MW946602.1	https://pathoplexus.org/about/terms-of-use/open-data	
PP_00641BX|2014-05-21	representatives	PP_00641BX	https://pathoplexus.org/seq/PP_00641BX	Tanzania	Tanzania	OPEN		https://pathoplexus.org/about/terms-of-use/open-data	PP_00641BX	https://pathoplexus.org/seq/PP_00641BX	MZ130526.1	https://www.ncbi.nlm.nih.gov/nuccore/MZ130526.1	https://pathoplexus.org/about/terms-of-use/open-data	
PP_00641DT|2018-06-24	representatives	PP_00641DT	https://pathoplexus.org/seq/PP_00641DT	Djibouti	Djibouti	OPEN		https://pathoplexus.org/about/terms-of-use/open-data	PP_00641DT	https://pathoplexus.org/seq/PP_00641DT	MZ130528.1	https://www.ncbi.nlm.nih.gov/nuccore/MZ130528.1	https://pathoplexus.org/about/terms-of-use/open-data	
PP_0064GRM|2019-11-19	representatives	PP_0064GRM	https://pathoplexus.org/seq/PP_0064GRM	Thailand	Thailand	OPEN		https://pathoplexus.org/about/terms-of-use/open-data	PP_0064GRM	https://pathoplexus.org/seq/PP_0064GRM	MZ636801.1	https://www.ncbi.nlm.nih.gov/nuccore/MZ636801.1	https://pathoplexus.org/about/terms-of-use/open-data	
PP_0064GVD|2019-12-30	representatives	PP_0064GVD	https://pathoplexus.org/seq/PP_0064GVD	Thailand	Thailand	OPEN		https://pathoplexus.org/about/terms-of-use/open-data	PP_0064GVD	https://pathoplexus.org/seq/PP_0064GVD	MZ636805.1	https://www.ncbi.nlm.nih.gov/nuccore/MZ636805.1	https://pathoplexus.org/about/terms-of-use/open-data	
PP_0064J6Q|2014	representatives	PP_0064J6Q	https://pathoplexus.org/seq/PP_0064J6Q	Tanzania	Tanzania	OPEN		https://pathoplexus.org/about/terms-of-use/open-data	PP_0064J6Q	https://pathoplexus.org/seq/PP_0064J6Q	MZ857214.1	https://www.ncbi.nlm.nih.gov/nuccore/MZ857214.1	https://pathoplexus.org/about/terms-of-use/open-data	
PP_0064JDA|2017	representatives	PP_0064JDA	https://pathoplexus.org/seq/PP_0064JDA	Uganda	Uganda	OPEN		https://pathoplexus.org/about/terms-of-use/open-data	PP_0064JDA	https://pathoplexus.org/seq/PP_0064JDA	MZ857221.1	https://www.ncbi.nlm.nih.gov/nuccore/MZ857221.1	https://pathoplexus.org/about/terms-of-use/open-data	
PP_0064JPP|2020-10-28	representatives	PP_0064JPP	https://pathoplexus.org/seq/PP_0064JPP	USA	USA	OPEN		https://pathoplexus.org/about/terms-of-use/open-data	PP_0064JPP	https://pathoplexus.org/seq/PP_0064JPP	MZ945533.1	https://www.ncbi.nlm.nih.gov/nuccore/MZ945533.1	https://pathoplexus.org/about/terms-of-use/open-data	
PP_0064QAA|1985	representatives	PP_0064QAA	https://pathoplexus.org/seq/PP_0064QAA	Myanmar	Myanmar	OPEN		https://pathoplexus.org/about/terms-of-use/open-data	PP_0064QAA	https://pathoplexus.org/seq/PP_0064QAA	OK469345.1	https://www.ncbi.nlm.nih.gov/nuccore/OK469345.1	https://pathoplexus.org/about/terms-of-use/open-data	
PP_0064QB8|1981	representatives	PP_0064QB8	https://pathoplexus.org/seq/PP_0064QB8	Jamaica	Jamaica	OPEN		https://pathoplexus.org/about/terms-of-use/open-data	PP_0064QB8	https://pathoplexus.org/seq/PP_0064QB8	OK469346.1	https://www.ncbi.nlm.nih.gov/nuccore/OK469346.1	https://pathoplexus.org/about/terms-of-use/open-data	
PP_0064QC6|1988	representatives	PP_0064QC6	https://pathoplexus.org/seq/PP_0064QC6	Palau	Palau	OPEN		https://pathoplexus.org/about/terms-of-use/open-data	PP_0064QC6	https://pathoplexus.org/seq/PP_0064QC6	OK469347.1	https://www.ncbi.nlm.nih.gov/nuccore/OK469347.1	https://pathoplexus.org/about/terms-of-use/open-data	
PP_0064QHV|1993	representatives	PP_0064QHV	https://pathoplexus.org/seq/PP_0064QHV	Singapore	Singapore	OPEN		https://pathoplexus.org/about/terms-of-use/open-data	PP_0064QHV	https://pathoplexus.org/seq/PP_0064QHV	OK469352.1	https://www.ncbi.nlm.nih.gov/nuccore/OK469352.1	https://pathoplexus.org/about/terms-of-use/open-data	
PP_0064S0U|1988	representatives	PP_0064S0U	https://pathoplexus.org/seq/PP_0064S0U	Philippines	Philippines	OPEN		https://pathoplexus.org/about/terms-of-use/open-data	PP_0064S0U	https://pathoplexus.org/seq/PP_0064S0U	OK605760.1	https://www.ncbi.nlm.nih.gov/nuccore/OK605760.1	https://pathoplexus.org/about/terms-of-use/open-data	
PP_0064U0S|2020-08	representatives	PP_0064U0S	https://pathoplexus.org/seq/PP_0064U0S	Cambodia	Cambodia	OPEN		https://pathoplexus.org/about/terms-of-use/open-data	PP_0064U0S	https://pathoplexus.org/seq/PP_0064U0S	OL414732.1	https://www.ncbi.nlm.nih.gov/nuccore/OL414732.1	https://pathoplexus.org/about/terms-of-use/open-data	
PP_0064UGU|2020-06	representatives	PP_0064UGU	https://pathoplexus.org/seq/PP_0064UGU	Cambodia	Cambodia	OPEN		https://pathoplexus.org/about/terms-of-use/open-data	PP_0064UGU	https://pathoplexus.org/seq/PP_0064UGU	OL414749.1	https://www.ncbi.nlm.nih.gov/nuccore/OL414749.1	https://pathoplexus.org/about/terms-of-use/open-data	
PP_0064UMH|2020-08	representatives	PP_0064UMH	https://pathoplexus.org/seq/PP_0064UMH	Cambodia	Cambodia	OPEN		https://pathoplexus.org/about/terms-of-use/open-data	PP_0064UMH	https://pathoplexus.org/seq/PP_0064UMH	OL414754.1	https://www.ncbi.nlm.nih.gov/nuccore/OL414754.1	https://pathoplexus.org/about/terms-of-use/open-data	
PP_0064UNF|2020-08	representatives	PP_0064UNF	https://pathoplexus.org/seq/PP_0064UNF	Cambodia	Cambodia	OPEN		https://pathoplexus.org/about/terms-of-use/open-data	PP_0064UNF	https://pathoplexus.org/seq/PP_0064UNF	OL414755.1	https://www.ncbi.nlm.nih.gov/nuccore/OL414755.1	https://pathoplexus.org/about/terms-of-use/open-data	
PP_0064UU3|2019-08	representatives	PP_0064UU3	https://pathoplexus.org/seq/PP_0064UU3	Cambodia	Cambodia	OPEN		https://pathoplexus.org/about/terms-of-use/open-data	PP_0064UU3	https://pathoplexus.org/seq/PP_0064UU3	OL414761.1	https://www.ncbi.nlm.nih.gov/nuccore/OL414761.1	https://pathoplexus.org/about/terms-of-use/open-data	
PP_0064UXX|2020-08	representatives	PP_0064UXX	https://pathoplexus.org/seq/PP_0064UXX	Cambodia	Cambodia	OPEN		https://pathoplexus.org/about/terms-of-use/open-data	PP_0064UXX	https://pathoplexus.org/seq/PP_0064UXX	OL414764.1	https://www.ncbi.nlm.nih.gov/nuccore/OL414764.1	https://pathoplexus.org/about/terms-of-use/open-data	
PP_0064V97|2017-04-30	representatives	PP_0064V97	https://pathoplexus.org/seq/PP_0064V97	Cote d'Ivoire	Côte d'Ivoire	OPEN		https://pathoplexus.org/about/terms-of-use/open-data	PP_0064V97	https://pathoplexus.org/seq/PP_0064V97	OL469512.1	https://www.ncbi.nlm.nih.gov/nuccore/OL469512.1	https://pathoplexus.org/about/terms-of-use/open-data	
PP_0064YJK|2021-09-21	representatives	PP_0064YJK	https://pathoplexus.org/seq/PP_0064YJK	Mexico	Mexico	OPEN		https://pathoplexus.org/about/terms-of-use/open-data	PP_0064YJK	https://pathoplexus.org/seq/PP_0064YJK	OM505022.1	https://www.ncbi.nlm.nih.gov/nuccore/OM505022.1	https://pathoplexus.org/about/terms-of-use/open-data	
PP_0064Z3F|2021-11-16	representatives	PP_0064Z3F	https://pathoplexus.org/seq/PP_0064Z3F	India	India	OPEN		https://pathoplexus.org/about/terms-of-use/open-data	PP_0064Z3F	https://pathoplexus.org/seq/PP_0064Z3F	OM639983.1	https://www.ncbi.nlm.nih.gov/nuccore/OM639983.1	https://pathoplexus.org/about/terms-of-use/open-data	
PP_0064Z5B|2021-11-16	representatives	PP_0064Z5B	https://pathoplexus.org/seq/PP_0064Z5B	India	India	OPEN		https://pathoplexus.org/about/terms-of-use/open-data	PP_0064Z5B	https://pathoplexus.org/seq/PP_0064Z5B	OM639985.1	https://www.ncbi.nlm.nih.gov/nuccore/OM639985.1	https://pathoplexus.org/about/terms-of-use/open-data	
PP_0064ZYQ|2021-11-16	representatives	PP_0064ZYQ	https://pathoplexus.org/seq/PP_0064ZYQ	India	India	OPEN		https://pathoplexus.org/about/terms-of-use/open-data	PP_0064ZYQ	https://pathoplexus.org/seq/PP_0064ZYQ	OM730078.1	https://www.ncbi.nlm.nih.gov/nuccore/OM730078.1	https://pathoplexus.org/about/terms-of-use/open-data	
PP_0065JPM|2012-10	representatives	PP_0065JPM	https://pathoplexus.org/seq/PP_0065JPM	Reunion	Réunion	OPEN		https://pathoplexus.org/about/terms-of-use/open-data	PP_0065JPM	https://pathoplexus.org/seq/PP_0065JPM	OR236109.1	https://www.ncbi.nlm.nih.gov/nuccore/OR236109.1	https://pathoplexus.org/about/terms-of-use/open-data	
PP_0065JRH|2016-05	representatives	PP_0065JRH	https://pathoplexus.org/seq/PP_0065JRH	Reunion	Réunion	OPEN		https://pathoplexus.org/about/terms-of-use/open-data	PP_0065JRH	https://pathoplexus.org/seq/PP_0065JRH	OR236111.1	https://www.ncbi.nlm.nih.gov/nuccore/OR236111.1	https://pathoplexus.org/about/terms-of-use/open-data	
PP_0065JSF|2016-05	representatives	PP_0065JSF	https://pathoplexus.org/seq/PP_0065JSF	Reunion	Réunion	OPEN		https://pathoplexus.org/about/terms-of-use/open-data	PP_0065JSF	https://pathoplexus.org/seq/PP_0065JSF	OR236112.1	https://www.ncbi.nlm.nih.gov/nuccore/OR236112.1	https://pathoplexus.org/about/terms-of-use/open-data	
PP_0065JUB|2014-03	representatives	PP_0065JUB	https://pathoplexus.org/seq/PP_0065JUB	Reunion	Réunion	OPEN		https://pathoplexus.org/about/terms-of-use/open-data	PP_0065JUB	https://pathoplexus.org/seq/PP_0065JUB	OR236114.1	https://www.ncbi.nlm.nih.gov/nuccore/OR236114.1	https://pathoplexus.org/about/terms-of-use/open-data	
PP_0065JW7|2014-05	representatives	PP_0065JW7	https://pathoplexus.org/seq/PP_0065JW7	Reunion	Réunion	OPEN		https://pathoplexus.org/about/terms-of-use/open-data	PP_0065JW7	https://pathoplexus.org/seq/PP_0065JW7	OR236116.1	https://www.ncbi.nlm.nih.gov/nuccore/OR236116.1	https://pathoplexus.org/about/terms-of-use/open-data	
PP_0065VT2|1980	representatives	PP_0065VT2	https://pathoplexus.org/seq/PP_0065VT2	Cote d'Ivoire	Côte d'Ivoire	OPEN		https://pathoplexus.org/about/terms-of-use/open-data	PP_0065VT2	https://pathoplexus.org/seq/PP_0065VT2	OR389023.1	https://www.ncbi.nlm.nih.gov/nuccore/OR389023.1	https://pathoplexus.org/about/terms-of-use/open-data	
PP_0065VVY|2009	representatives	PP_0065VVY	https://pathoplexus.org/seq/PP_0065VVY	Malaysia	Malaysia	OPEN		https://pathoplexus.org/about/terms-of-use/open-data	PP_0065VVY	https://pathoplexus.org/seq/PP_0065VVY	OR389025.1	https://www.ncbi.nlm.nih.gov/nuccore/OR389025.1	https://pathoplexus.org/about/terms-of-use/open-data	
PP_00663N2|2020	representatives	PP_00663N2	https://pathoplexus.org/seq/PP_00663N2	India	India	OPEN		https://pathoplexus.org/about/terms-of-use/open-data	PP_00663N2	https://pathoplexus.org/seq/PP_00663N2	ON123649.1	https://www.ncbi.nlm.nih.gov/nuccore/ON123649.1	https://pathoplexus.org/about/terms-of-use/open-data	
PP_00663QY|2020	representatives	PP_00663QY	https://pathoplexus.org/seq/PP_00663QY	India	India	OPEN		https://pathoplexus.org/about/terms-of-use/open-data	PP_00663QY	https://pathoplexus.org/seq/PP_00663QY	ON123651.1	https://www.ncbi.nlm.nih.gov/nuccore/ON123651.1	https://pathoplexus.org/about/terms-of-use/open-data	
PP_00663RW|2020	representatives	PP_00663RW	https://pathoplexus.org/seq/PP_00663RW	India	India	OPEN		https://pathoplexus.org/about/terms-of-use/open-data	PP_00663RW	https://pathoplexus.org/seq/PP_00663RW	ON123652.1	https://www.ncbi.nlm.nih.gov/nuccore/ON123652.1	https://pathoplexus.org/about/terms-of-use/open-data	
PP_00664BQ|2019-04-13	representatives	PP_00664BQ	https://pathoplexus.org/seq/PP_00664BQ	Brazil	Brazil	OPEN		https://pathoplexus.org/about/terms-of-use/open-data	PP_00664BQ	https://pathoplexus.org/seq/PP_00664BQ	ON123815.1	https://www.ncbi.nlm.nih.gov/nuccore/ON123815.1	https://pathoplexus.org/about/terms-of-use/open-data	
PP_0066EKX|2022-04-25	representatives	PP_0066EKX	https://pathoplexus.org/seq/PP_0066EKX	Brazil	Brazil	OPEN		https://pathoplexus.org/about/terms-of-use/open-data	PP_0066EKX	https://pathoplexus.org/seq/PP_0066EKX	ON634741.1	https://www.ncbi.nlm.nih.gov/nuccore/ON634741.1	https://pathoplexus.org/about/terms-of-use/open-data	
PP_0066ENR|2022-03-11	representatives	PP_0066ENR	https://pathoplexus.org/seq/PP_0066ENR	Brazil	Brazil	OPEN		https://pathoplexus.org/about/terms-of-use/open-data	PP_0066ENR	https://pathoplexus.org/seq/PP_0066ENR	ON634744.1	https://www.ncbi.nlm.nih.gov/nuccore/ON634744.1	https://pathoplexus.org/about/terms-of-use/open-data	
PP_0066F2X|2015-01-29	representatives	PP_0066F2X	https://pathoplexus.org/seq/PP_0066F2X	Venezuela	Venezuela	OPEN		https://pathoplexus.org/about/terms-of-use/open-data	PP_0066F2X	https://pathoplexus.org/seq/PP_0066F2X	ON714337.1	https://www.ncbi.nlm.nih.gov/nuccore/ON714337.1	https://pathoplexus.org/about/terms-of-use/open-data	
PP_0066J5N|2017-08-07	representatives	PP_0066J5N	https://pathoplexus.org/seq/PP_0066J5N	China	China	OPEN		https://pathoplexus.org/about/terms-of-use/open-data	PP_0066J5N	https://pathoplexus.org/seq/PP_0066J5N	ON890351.1	https://www.ncbi.nlm.nih.gov/nuccore/ON890351.1	https://pathoplexus.org/about/terms-of-use/open-data	
PP_0066R1P|2018	representatives	PP_0066R1P	https://pathoplexus.org/seq/PP_0066R1P	India	India	OPEN		https://pathoplexus.org/about/terms-of-use/open-data	PP_0066R1P	https://pathoplexus.org/seq/PP_0066R1P	OP310806.1	https://www.ncbi.nlm.nih.gov/nuccore/OP310806.1	https://pathoplexus.org/about/terms-of-use/open-data	
PP_0066R3K|2019	representatives	PP_0066R3K	https://pathoplexus.org/seq/PP_0066R3K	India	India	OPEN		https://pathoplexus.org/about/terms-of-use/open-data	PP_0066R3K	https://pathoplexus.org/seq/PP_0066R3K	OP310807.1	https://www.ncbi.nlm.nih.gov/nuccore/OP310807.1	https://pathoplexus.org/about/terms-of-use/open-data	
PP_0066V0M|2022-03-30	representatives	PP_0066V0M	https://pathoplexus.org/seq/PP_0066V0M	Brazil	Brazil	OPEN		https://pathoplexus.org/about/terms-of-use/open-data	PP_0066V0M	https://pathoplexus.org/seq/PP_0066V0M	OP599670.1	https://www.ncbi.nlm.nih.gov/nuccore/OP599670.1	https://pathoplexus.org/about/terms-of-use/open-data	
PP_0066W1J|2022-04-28	representatives	PP_0066W1J	https://pathoplexus.org/seq/PP_0066W1J	Brazil	Brazil	OPEN		https://pathoplexus.org/about/terms-of-use/open-data	PP_0066W1J	https://pathoplexus.org/seq/PP_0066W1J	OP599705.1	https://www.ncbi.nlm.nih.gov/nuccore/OP599705.1	https://pathoplexus.org/about/terms-of-use/open-data	
PP_0066YUV|2017-08-28	representatives	PP_0066YUV	https://pathoplexus.org/seq/PP_0066YUV	China	China	OPEN		https://pathoplexus.org/about/terms-of-use/open-data	PP_0066YUV	https://pathoplexus.org/seq/PP_0066YUV	OP684154.1	https://www.ncbi.nlm.nih.gov/nuccore/OP684154.1	https://pathoplexus.org/about/terms-of-use/open-data	
PP_0066ZVS|2018-09-30	representatives	PP_0066ZVS	https://pathoplexus.org/seq/PP_0066ZVS	China	China	OPEN		https://pathoplexus.org/about/terms-of-use/open-data	PP_0066ZVS	https://pathoplexus.org/seq/PP_0066ZVS	OP684189.1	https://www.ncbi.nlm.nih.gov/nuccore/OP684189.1	https://pathoplexus.org/about/terms-of-use/open-data	
PP_0067046|2019-01-20	representatives	PP_0067046	https://pathoplexus.org/seq/PP_0067046	China	China	OPEN		https://pathoplexus.org/about/terms-of-use/open-data	PP_0067046	https://pathoplexus.org/seq/PP_0067046	OP684198.1	https://www.ncbi.nlm.nih.gov/nuccore/OP684198.1	https://pathoplexus.org/about/terms-of-use/open-data	
PP_0067070|2019-08-16	representatives	PP_0067070	https://pathoplexus.org/seq/PP_0067070	China	China	OPEN		https://pathoplexus.org/about/terms-of-use/open-data	PP_0067070	https://pathoplexus.org/seq/PP_0067070	OP684201.1	https://www.ncbi.nlm.nih.gov/nuccore/OP684201.1	https://pathoplexus.org/about/terms-of-use/open-data	
PP_006708Y|2019-09-07	representatives	PP_006708Y	https://pathoplexus.org/seq/PP_006708Y	China	China	OPEN		https://pathoplexus.org/about/terms-of-use/open-data	PP_006708Y	https://pathoplexus.org/seq/PP_006708Y	OP684202.1	https://www.ncbi.nlm.nih.gov/nuccore/OP684202.1	https://pathoplexus.org/about/terms-of-use/open-data	
PP_00676DG|2022-07-29	representatives	PP_00676DG	https://pathoplexus.org/seq/PP_00676DG	India	India	OPEN		https://pathoplexus.org/about/terms-of-use/open-data	PP_00676DG	https://pathoplexus.org/seq/PP_00676DG	OP921000.1	https://www.ncbi.nlm.nih.gov/nuccore/OP921000.1	https://pathoplexus.org/about/terms-of-use/open-data	
PP_0067AF8|2019-06-26	representatives	PP_0067AF8	https://pathoplexus.org/seq/PP_0067AF8	Viet Nam	Vietnam	OPEN		https://pathoplexus.org/about/terms-of-use/open-data	PP_0067AF8	https://pathoplexus.org/seq/PP_0067AF8	OQ028228.1	https://www.ncbi.nlm.nih.gov/nuccore/OQ028228.1	https://pathoplexus.org/about/terms-of-use/open-data	
PP_0067AG6|2017-08-03	representatives	PP_0067AG6	https://pathoplexus.org/seq/PP_0067AG6	Viet Nam	Vietnam	OPEN		https://pathoplexus.org/about/terms-of-use/open-data	PP_0067AG6	https://pathoplexus.org/seq/PP_0067AG6	OQ028229.1	https://www.ncbi.nlm.nih.gov/nuccore/OQ028229.1	https://pathoplexus.org/about/terms-of-use/open-data	
PP_0067B9K|2019-05-08	representatives	PP_0067B9K	https://pathoplexus.org/seq/PP_0067B9K	Brazil	Brazil	OPEN		https://pathoplexus.org/about/terms-of-use/open-data	PP_0067B9K	https://pathoplexus.org/seq/PP_0067B9K	OQ078889.1	https://www.ncbi.nlm.nih.gov/nuccore/OQ078889.1	https://pathoplexus.org/about/terms-of-use/open-data	
PP_0067NGU|2018-09-18	representatives	PP_0067NGU	https://pathoplexus.org/seq/PP_0067NGU	Viet Nam	Vietnam	OPEN		https://pathoplexus.org/about/terms-of-use/open-data	PP_0067NGU	https://pathoplexus.org/seq/PP_0067NGU	OQ426794.2	https://www.ncbi.nlm.nih.gov/nuccore/OQ426794.2	https://pathoplexus.org/about/terms-of-use/open-data	
PP_0067WLB|2022-08-17	representatives	PP_0067WLB	https://pathoplexus.org/seq/PP_0067WLB	USA	USA	OPEN		https://pathoplexus.org/about/terms-of-use/open-data	PP_0067WLB	https://pathoplexus.org/seq/PP_0067WLB	OQ445886.1	https://www.ncbi.nlm.nih.gov/nuccore/OQ445886.1	https://pathoplexus.org/about/terms-of-use/open-data	
PP_0067WM9|2022-08-16	representatives	PP_0067WM9	https://pathoplexus.org/seq/PP_0067WM9	USA	USA	OPEN		https://pathoplexus.org/about/terms-of-use/open-data	PP_0067WM9	https://pathoplexus.org/seq/PP_0067WM9	OQ445887.1	https://www.ncbi.nlm.nih.gov/nuccore/OQ445887.1	https://pathoplexus.org/about/terms-of-use/open-data	
PP_0067WSZ|2022-09-27	representatives	PP_0067WSZ	https://pathoplexus.org/seq/PP_0067WSZ	USA	USA	OPEN		https://pathoplexus.org/about/terms-of-use/open-data	PP_0067WSZ	https://pathoplexus.org/seq/PP_0067WSZ	OQ445892.1	https://www.ncbi.nlm.nih.gov/nuccore/OQ445892.1	https://pathoplexus.org/about/terms-of-use/open-data	
PP_0067WUV|2022-10-27	representatives	PP_0067WUV	https://pathoplexus.org/seq/PP_0067WUV	USA	USA	OPEN		https://pathoplexus.org/about/terms-of-use/open-data	PP_0067WUV	https://pathoplexus.org/seq/PP_0067WUV	OQ445894.1	https://www.ncbi.nlm.nih.gov/nuccore/OQ445894.1	https://pathoplexus.org/about/terms-of-use/open-data	
PP_00684AN|2021-03-24	representatives	PP_00684AN	https://pathoplexus.org/seq/PP_00684AN	Paraguay	Paraguay	OPEN		https://pathoplexus.org/about/terms-of-use/open-data	PP_00684AN	https://pathoplexus.org/seq/PP_00684AN	OQ567846.1	https://www.ncbi.nlm.nih.gov/nuccore/OQ567846.1	https://pathoplexus.org/about/terms-of-use/open-data	
PP_0068GV5|2013-07-09	representatives	PP_0068GV5	https://pathoplexus.org/seq/PP_0068GV5	Colombia	Colombia	OPEN		https://pathoplexus.org/about/terms-of-use/open-data	PP_0068GV5	https://pathoplexus.org/seq/PP_0068GV5	OQ603272.1	https://www.ncbi.nlm.nih.gov/nuccore/OQ603272.1	https://pathoplexus.org/about/terms-of-use/open-data	
PP_0068H0V|2013	representatives	PP_0068H0V	https://pathoplexus.org/seq/PP_0068H0V	Colombia	Colombia	OPEN		https://pathoplexus.org/about/terms-of-use/open-data	PP_0068H0V	https://pathoplexus.org/seq/PP_0068H0V	OQ603277.1	https://www.ncbi.nlm.nih.gov/nuccore/OQ603277.1	https://pathoplexus.org/about/terms-of-use/open-data	
PP_0068H1T|2014-01-14	representatives	PP_0068H1T	https://pathoplexus.org/seq/PP_0068H1T	Colombia	Colombia	OPEN		https://pathoplexus.org/about/terms-of-use/open-data	PP_0068H1T	https://pathoplexus.org/seq/PP_0068H1T	OQ603278.1	https://www.ncbi.nlm.nih.gov/nuccore/OQ603278.1	https://pathoplexus.org/about/terms-of-use/open-data	
PP_0068H2R|2014-09-18	representatives	PP_0068H2R	https://pathoplexus.org/seq/PP_0068H2R	Colombia	Colombia	OPEN		https://pathoplexus.org/about/terms-of-use/open-data	PP_0068H2R	https://pathoplexus.org/seq/PP_0068H2R	OQ603279.1	https://www.ncbi.nlm.nih.gov/nuccore/OQ603279.1	https://pathoplexus.org/about/terms-of-use/open-data	
PP_0068H4M|2015	representatives	PP_0068H4M	https://pathoplexus.org/seq/PP_0068H4M	Colombia	Colombia	OPEN		https://pathoplexus.org/about/terms-of-use/open-data	PP_0068H4M	https://pathoplexus.org/seq/PP_0068H4M	OQ603281.1	https://www.ncbi.nlm.nih.gov/nuccore/OQ603281.1	https://pathoplexus.org/about/terms-of-use/open-data	
PP_0068H5K|2015-08-25	representatives	PP_0068H5K	https://pathoplexus.org/seq/PP_0068H5K	Colombia	Colombia	OPEN		https://pathoplexus.org/about/terms-of-use/open-data	PP_0068H5K	https://pathoplexus.org/seq/PP_0068H5K	OQ603282.1	https://www.ncbi.nlm.nih.gov/nuccore/OQ603282.1	https://pathoplexus.org/about/terms-of-use/open-data	
PP_0068H8D|2015	representatives	PP_0068H8D	https://pathoplexus.org/seq/PP_0068H8D	Colombia	Colombia	OPEN		https://pathoplexus.org/about/terms-of-use/open-data	PP_0068H8D	https://pathoplexus.org/seq/PP_0068H8D	OQ603285.1	https://www.ncbi.nlm.nih.gov/nuccore/OQ603285.1	https://pathoplexus.org/about/terms-of-use/open-data	
PP_0068H9B|2015	representatives	PP_0068H9B	https://pathoplexus.org/seq/PP_0068H9B	Colombia	Colombia	OPEN		https://pathoplexus.org/about/terms-of-use/open-data	PP_0068H9B	https://pathoplexus.org/seq/PP_0068H9B	OQ603286.1	https://www.ncbi.nlm.nih.gov/nuccore/OQ603286.1	https://pathoplexus.org/about/terms-of-use/open-data	
PP_0068HD3|2016-01-28	representatives	PP_0068HD3	https://pathoplexus.org/seq/PP_0068HD3	Colombia	Colombia	OPEN		https://pathoplexus.org/about/terms-of-use/open-data	PP_0068HD3	https://pathoplexus.org/seq/PP_0068HD3	OQ603290.1	https://www.ncbi.nlm.nih.gov/nuccore/OQ603290.1	https://pathoplexus.org/about/terms-of-use/open-data	
PP_0068HQE|2016-08-23	representatives	PP_0068HQE	https://pathoplexus.org/seq/PP_0068HQE	Colombia	Colombia	OPEN		https://pathoplexus.org/about/terms-of-use/open-data	PP_0068HQE	https://pathoplexus.org/seq/PP_0068HQE	OQ603301.1	https://www.ncbi.nlm.nih.gov/nuccore/OQ603301.1	https://pathoplexus.org/about/terms-of-use/open-data	
PP_0068JXZ|2022-04-02	representatives	PP_0068JXZ	https://pathoplexus.org/seq/PP_0068JXZ	Brazil	Brazil	OPEN		https://pathoplexus.org/about/terms-of-use/open-data	PP_0068JXZ	https://pathoplexus.org/seq/PP_0068JXZ	OQ622206.1	https://www.ncbi.nlm.nih.gov/nuccore/OQ622206.1	https://pathoplexus.org/about/terms-of-use/open-data	
PP_0068MEX|2019-07-25	representatives	PP_0068MEX	https://pathoplexus.org/seq/PP_0068MEX	Nicaragua	Nicaragua	OPEN		https://pathoplexus.org/about/terms-of-use/open-data	PP_0068MEX	https://pathoplexus.org/seq/PP_0068MEX	OQ782199.1	https://www.ncbi.nlm.nih.gov/nuccore/OQ782199.1	https://pathoplexus.org/about/terms-of-use/open-data	
PP_0068MFV|2019-07-24	representatives	PP_0068MFV	https://pathoplexus.org/seq/PP_0068MFV	Nicaragua	Nicaragua	OPEN		https://pathoplexus.org/about/terms-of-use/open-data	PP_0068MFV	https://pathoplexus.org/seq/PP_0068MFV	OQ782200.1	https://www.ncbi.nlm.nih.gov/nuccore/OQ782200.1	https://pathoplexus.org/about/terms-of-use/open-data	
PP_0068PNC|2023-01-18	representatives	PP_0068PNC	https://pathoplexus.org/seq/PP_0068PNC	Brazil	Brazil	OPEN		https://pathoplexus.org/about/terms-of-use/open-data	PP_0068PNC	https://pathoplexus.org/seq/PP_0068PNC	OQ786047.1	https://www.ncbi.nlm.nih.gov/nuccore/OQ786047.1	https://pathoplexus.org/about/terms-of-use/open-data	
PP_0068Q3G|2021-11-20	representatives	PP_0068Q3G	https://pathoplexus.org/seq/PP_0068Q3G	Colombia	Colombia	OPEN		https://pathoplexus.org/about/terms-of-use/open-data	PP_0068Q3G	https://pathoplexus.org/seq/PP_0068Q3G	OQ813507.1	https://www.ncbi.nlm.nih.gov/nuccore/OQ813507.1	https://pathoplexus.org/about/terms-of-use/open-data	
PP_0068U90|2019-11-13	representatives	PP_0068U90	https://pathoplexus.org/seq/PP_0068U90	Cuba	Cuba	OPEN		https://pathoplexus.org/about/terms-of-use/open-data	PP_0068U90	https://pathoplexus.org/seq/PP_0068U90	OQ821445.1	https://www.ncbi.nlm.nih.gov/nuccore/OQ821445.1	https://pathoplexus.org/about/terms-of-use/open-data	
PP_0068UM9|2022-06-20	representatives	PP_0068UM9	https://pathoplexus.org/seq/PP_0068UM9	Cuba	Cuba	OPEN		https://pathoplexus.org/about/terms-of-use/open-data	PP_0068UM9	https://pathoplexus.org/seq/PP_0068UM9	OQ821456.1	https://www.ncbi.nlm.nih.gov/nuccore/OQ821456.1	https://pathoplexus.org/about/terms-of-use/open-data	
PP_0068V1F|2022-08-18	representatives	PP_0068V1F	https://pathoplexus.org/seq/PP_0068V1F	Cuba	Cuba	OPEN		https://pathoplexus.org/about/terms-of-use/open-data	PP_0068V1F	https://pathoplexus.org/seq/PP_0068V1F	OQ821468.1	https://www.ncbi.nlm.nih.gov/nuccore/OQ821468.1	https://pathoplexus.org/about/terms-of-use/open-data	
PP_0068V65|2014-01-12	representatives	PP_0068V65	https://pathoplexus.org/seq/PP_0068V65	Dominican Republic	Dominican Republic	OPEN		https://pathoplexus.org/about/terms-of-use/open-data	PP_0068V65	https://pathoplexus.org/seq/PP_0068V65	OQ821472.1	https://www.ncbi.nlm.nih.gov/nuccore/OQ821472.1	https://pathoplexus.org/about/terms-of-use/open-data	
PP_0068VAX|2015-10-28	representatives	PP_0068VAX	https://pathoplexus.org/seq/PP_0068VAX	Haiti	Haiti	OPEN		https://pathoplexus.org/about/terms-of-use/open-data	PP_0068VAX	https://pathoplexus.org/seq/PP_0068VAX	OQ821475.1	https://www.ncbi.nlm.nih.gov/nuccore/OQ821475.1	https://pathoplexus.org/about/terms-of-use/open-data	
PP_0068VKC|2019-08-19	representatives	PP_0068VKC	https://pathoplexus.org/seq/PP_0068VKC	Mexico	Mexico	OPEN		https://pathoplexus.org/about/terms-of-use/open-data	PP_0068VKC	https://pathoplexus.org/seq/PP_0068VKC	OQ821483.1	https://www.ncbi.nlm.nih.gov/nuccore/OQ821483.1	https://pathoplexus.org/about/terms-of-use/open-data	
PP_006983W|2020-09	representatives	PP_006983W	https://pathoplexus.org/seq/PP_006983W	Viet Nam	Vietnam	OPEN		https://pathoplexus.org/about/terms-of-use/open-data	PP_006983W	https://pathoplexus.org/seq/PP_006983W	OQ832625.1	https://www.ncbi.nlm.nih.gov/nuccore/OQ832625.1	https://pathoplexus.org/about/terms-of-use/open-data	
PP_006993V|2022-10-14	representatives	PP_006993V	https://pathoplexus.org/seq/PP_006993V	Bhutan	Bhutan	OPEN		https://pathoplexus.org/about/terms-of-use/open-data	PP_006993V	https://pathoplexus.org/seq/PP_006993V	OQ851885.1	https://www.ncbi.nlm.nih.gov/nuccore/OQ851885.1	https://pathoplexus.org/about/terms-of-use/open-data	
PP_0069RN8|2022-09-26	representatives	PP_0069RN8	https://pathoplexus.org/seq/PP_0069RN8	USA	USA	OPEN		https://pathoplexus.org/about/terms-of-use/open-data	PP_0069RN8	https://pathoplexus.org/seq/PP_0069RN8	OR150743.1	https://www.ncbi.nlm.nih.gov/nuccore/OR150743.1	https://pathoplexus.org/about/terms-of-use/open-data	
PP_006ARHG|2014-05	representatives	PP_006ARHG	https://pathoplexus.org/seq/PP_006ARHG	Reunion	Réunion	OPEN		https://pathoplexus.org/about/terms-of-use/open-data	PP_006ARHG	https://pathoplexus.org/seq/PP_006ARHG	OR236087.1	https://www.ncbi.nlm.nih.gov/nuccore/OR236087.1	https://pathoplexus.org/about/terms-of-use/open-data	
PP_006AXQW|2004	representatives	PP_006AXQW	https://pathoplexus.org/seq/PP_006AXQW	Sri Lanka	Sri Lanka	OPEN		https://pathoplexus.org/about/terms-of-use/open-data	PP_006AXQW	https://pathoplexus.org/seq/PP_006AXQW	OR389029.1	https://www.ncbi.nlm.nih.gov/nuccore/OR389029.1	https://pathoplexus.org/about/terms-of-use/open-data	
PP_006AZEF|1963	representatives	PP_006AZEF	https://pathoplexus.org/seq/PP_006AZEF	India	India	OPEN		https://pathoplexus.org/about/terms-of-use/open-data	PP_006AZEF	https://pathoplexus.org/seq/PP_006AZEF	OR389310.1	https://www.ncbi.nlm.nih.gov/nuccore/OR389310.1	https://pathoplexus.org/about/terms-of-use/open-data	
PP_006AZM0|1988	representatives	PP_006AZM0	https://pathoplexus.org/seq/PP_006AZM0	Indonesia	Indonesia	OPEN		https://pathoplexus.org/about/terms-of-use/open-data	PP_006AZM0	https://pathoplexus.org/seq/PP_006AZM0	OR389317.1	https://www.ncbi.nlm.nih.gov/nuccore/OR389317.1	https://pathoplexus.org/about/terms-of-use/open-data	
PP_006AZNY|1969	representatives	PP_006AZNY	https://pathoplexus.org/seq/PP_006AZNY	Malaysia	Malaysia	OPEN		https://pathoplexus.org/about/terms-of-use/open-data	PP_006AZNY	https://pathoplexus.org/seq/PP_006AZNY	OR389318.1	https://www.ncbi.nlm.nih.gov/nuccore/OR389318.1	https://pathoplexus.org/about/terms-of-use/open-data	
PP_006AZTN|1994	representatives	PP_006AZTN	https://pathoplexus.org/seq/PP_006AZTN	Saudi Arabia	Saudi Arabia	OPEN		https://pathoplexus.org/about/terms-of-use/open-data	PP_006AZTN	https://pathoplexus.org/seq/PP_006AZTN	OR389323.1	https://www.ncbi.nlm.nih.gov/nuccore/OR389323.1	https://pathoplexus.org/about/terms-of-use/open-data	
PP_006AZYC|1987	representatives	PP_006AZYC	https://pathoplexus.org/seq/PP_006AZYC	Taiwan	Taiwan	OPEN		https://pathoplexus.org/about/terms-of-use/open-data	PP_006AZYC	https://pathoplexus.org/seq/PP_006AZYC	OR389328.1	https://www.ncbi.nlm.nih.gov/nuccore/OR389328.1	https://pathoplexus.org/about/terms-of-use/open-data	
PP_006B49J|2019-12-31	representatives	PP_006B49J	https://pathoplexus.org/seq/PP_006B49J	Sri Lanka	Sri Lanka	OPEN		https://pathoplexus.org/about/terms-of-use/open-data	PP_006B49J	https://pathoplexus.org/seq/PP_006B49J	OR394046.1	https://www.ncbi.nlm.nih.gov/nuccore/OR394046.1	https://pathoplexus.org/about/terms-of-use/open-data	
PP_006B5KW|2015-05-22	representatives	PP_006B5KW	https://pathoplexus.org/seq/PP_006B5KW	Philippines	Philippines	OPEN		https://pathoplexus.org/about/terms-of-use/open-data	PP_006B5KW	https://pathoplexus.org/seq/PP_006B5KW	OR476983.1	https://www.ncbi.nlm.nih.gov/nuccore/OR476983.1	https://pathoplexus.org/about/terms-of-use/open-data	
PP_006B5X6|2018-11-30	representatives	PP_006B5X6	https://pathoplexus.org/seq/PP_006B5X6	Philippines	Philippines	OPEN		https://pathoplexus.org/about/terms-of-use/open-data	PP_006B5X6	https://pathoplexus.org/seq/PP_006B5X6	OR476995.1	https://www.ncbi.nlm.nih.gov/nuccore/OR476995.1	https://pathoplexus.org/about/terms-of-use/open-data	
PP_006BDZU|2023-08-16	representatives	PP_006BDZU	https://pathoplexus.org/seq/PP_006BDZU	Dominican Republic	Dominican Republic	OPEN		https://pathoplexus.org/about/terms-of-use/open-data	PP_006BDZU	https://pathoplexus.org/seq/PP_006BDZU	OR616457.1	https://www.ncbi.nlm.nih.gov/nuccore/OR616457.1	https://pathoplexus.org/about/terms-of-use/open-data	
PP_006BE5G|2023-08-30	representatives	PP_006BE5G	https://pathoplexus.org/seq/PP_006BE5G	Dominican Republic	Dominican Republic	OPEN		https://pathoplexus.org/about/terms-of-use/open-data	PP_006BE5G	https://pathoplexus.org/seq/PP_006BE5G	OR616463.1	https://www.ncbi.nlm.nih.gov/nuccore/OR616463.1	https://pathoplexus.org/about/terms-of-use/open-data	
PP_006BEA6|2023-01-05	representatives	PP_006BEA6	https://pathoplexus.org/seq/PP_006BEA6	Dominican Republic	Dominican Republic	OPEN		https://pathoplexus.org/about/terms-of-use/open-data	PP_006BEA6	https://pathoplexus.org/seq/PP_006BEA6	OR616468.1	https://www.ncbi.nlm.nih.gov/nuccore/OR616468.1	https://pathoplexus.org/about/terms-of-use/open-data	
PP_006BEKM|2023-05-27	representatives	PP_006BEKM	https://pathoplexus.org/seq/PP_006BEKM	Dominican Republic	Dominican Republic	OPEN		https://pathoplexus.org/about/terms-of-use/open-data	PP_006BEKM	https://pathoplexus.org/seq/PP_006BEKM	OR616477.1	https://www.ncbi.nlm.nih.gov/nuccore/OR616477.1	https://pathoplexus.org/about/terms-of-use/open-data	
PP_006BH87|2023-05-01	representatives	PP_006BH87	https://pathoplexus.org/seq/PP_006BH87	Colombia	Colombia	OPEN		https://pathoplexus.org/about/terms-of-use/open-data	PP_006BH87	https://pathoplexus.org/seq/PP_006BH87	OR619404.1	https://www.ncbi.nlm.nih.gov/nuccore/OR619404.1	https://pathoplexus.org/about/terms-of-use/open-data	
PP_006BJQ7|2023-07-20	representatives	PP_006BJQ7	https://pathoplexus.org/seq/PP_006BJQ7	USA	USA	OPEN		https://pathoplexus.org/about/terms-of-use/open-data	PP_006BJQ7	https://pathoplexus.org/seq/PP_006BJQ7	OR771147.1	https://www.ncbi.nlm.nih.gov/nuccore/OR771147.1	https://pathoplexus.org/about/terms-of-use/open-data	
PP_006BLUX|2022-09	representatives	PP_006BLUX	https://pathoplexus.org/seq/PP_006BLUX	Nepal	Nepal	OPEN		https://pathoplexus.org/about/terms-of-use/open-data	PP_006BLUX	https://pathoplexus.org/seq/PP_006BLUX	OR821724.1	https://www.ncbi.nlm.nih.gov/nuccore/OR821724.1	https://pathoplexus.org/about/terms-of-use/open-data	
PP_006BLVV|2022-09	representatives	PP_006BLVV	https://pathoplexus.org/seq/PP_006BLVV	Nepal	Nepal	OPEN		https://pathoplexus.org/about/terms-of-use/open-data	PP_006BLVV	https://pathoplexus.org/seq/PP_006BLVV	OR821725.1	https://www.ncbi.nlm.nih.gov/nuccore/OR821725.1	https://pathoplexus.org/about/terms-of-use/open-data	
PP_006BM1H|2022-10-05	representatives	PP_006BM1H	https://pathoplexus.org/seq/PP_006BM1H	Indonesia	Indonesia	OPEN		https://pathoplexus.org/about/terms-of-use/open-data	PP_006BM1H	https://pathoplexus.org/seq/PP_006BM1H	OR821738.1	https://www.ncbi.nlm.nih.gov/nuccore/OR821738.1	https://pathoplexus.org/about/terms-of-use/open-data	
PP_006BM2F|2022-10-06	representatives	PP_006BM2F	https://pathoplexus.org/seq/PP_006BM2F	Indonesia	Indonesia	OPEN		https://pathoplexus.org/about/terms-of-use/open-data	PP_006BM2F	https://pathoplexus.org/seq/PP_006BM2F	OR821739.1	https://www.ncbi.nlm.nih.gov/nuccore/OR821739.1	https://pathoplexus.org/about/terms-of-use/open-data	
PP_006C5Z0|2023-11-07	representatives	PP_006C5Z0	https://pathoplexus.org/seq/PP_006C5Z0	Senegal	Senegal	OPEN		https://pathoplexus.org/about/terms-of-use/open-data	PP_006C5Z0	https://pathoplexus.org/seq/PP_006C5Z0	PP029068.1	https://www.ncbi.nlm.nih.gov/nuccore/PP029068.1	https://pathoplexus.org/about/terms-of-use/open-data	
PP_006C60Y|2023-11-07	representatives	PP_006C60Y	https://pathoplexus.org/seq/PP_006C60Y	Senegal	Senegal	OPEN		https://pathoplexus.org/about/terms-of-use/open-data	PP_006C60Y	https://pathoplexus.org/seq/PP_006C60Y	PP029069.1	https://www.ncbi.nlm.nih.gov/nuccore/PP029069.1	https://pathoplexus.org/about/terms-of-use/open-data	
PP_006C62U|2023-09	representatives	PP_006C62U	https://pathoplexus.org/seq/PP_006C62U	Reunion	Réunion	OPEN		https://pathoplexus.org/about/terms-of-use/open-data	PP_006C62U	https://pathoplexus.org/seq/PP_006C62U	PP082830.1	https://www.ncbi.nlm.nih.gov/nuccore/PP082830.1	https://pathoplexus.org/about/terms-of-use/open-data	
PP_006C64Q|2023-12	representatives	PP_006C64Q	https://pathoplexus.org/seq/PP_006C64Q	Reunion	Réunion	OPEN		https://pathoplexus.org/about/terms-of-use/open-data	PP_006C64Q	https://pathoplexus.org/seq/PP_006C64Q	PP082832.1	https://www.ncbi.nlm.nih.gov/nuccore/PP082832.1	https://pathoplexus.org/about/terms-of-use/open-data	
PP_006C65N|2023-12	representatives	PP_006C65N	https://pathoplexus.org/seq/PP_006C65N	Reunion	Réunion	OPEN		https://pathoplexus.org/about/terms-of-use/open-data	PP_006C65N	https://pathoplexus.org/seq/PP_006C65N	PP082833.1	https://www.ncbi.nlm.nih.gov/nuccore/PP082833.1	https://pathoplexus.org/about/terms-of-use/open-data	
PP_006C6JV|2023-09	representatives	PP_006C6JV	https://pathoplexus.org/seq/PP_006C6JV	Reunion	Réunion	OPEN		https://pathoplexus.org/about/terms-of-use/open-data	PP_006C6JV	https://pathoplexus.org/seq/PP_006C6JV	PP082846.1	https://www.ncbi.nlm.nih.gov/nuccore/PP082846.1	https://pathoplexus.org/about/terms-of-use/open-data	
PP_006C6RF|2023-07	representatives	PP_006C6RF	https://pathoplexus.org/seq/PP_006C6RF	Reunion	Réunion	OPEN		https://pathoplexus.org/about/terms-of-use/open-data	PP_006C6RF	https://pathoplexus.org/seq/PP_006C6RF	PP082853.1	https://www.ncbi.nlm.nih.gov/nuccore/PP082853.1	https://pathoplexus.org/about/terms-of-use/open-data	
PP_006C6SD|2023-07	representatives	PP_006C6SD	https://pathoplexus.org/seq/PP_006C6SD	Reunion	Réunion	OPEN		https://pathoplexus.org/about/terms-of-use/open-data	PP_006C6SD	https://pathoplexus.org/seq/PP_006C6SD	PP082854.1	https://www.ncbi.nlm.nih.gov/nuccore/PP082854.1	https://pathoplexus.org/about/terms-of-use/open-data	
PP_006C6V7|2023-05	representatives	PP_006C6V7	https://pathoplexus.org/seq/PP_006C6V7	Reunion	Réunion	OPEN		https://pathoplexus.org/about/terms-of-use/open-data	PP_006C6V7	https://pathoplexus.org/seq/PP_006C6V7	PP082857.1	https://www.ncbi.nlm.nih.gov/nuccore/PP082857.1	https://pathoplexus.org/about/terms-of-use/open-data	
PP_006C72T|2023-04	representatives	PP_006C72T	https://pathoplexus.org/seq/PP_006C72T	Reunion	Réunion	OPEN		https://pathoplexus.org/about/terms-of-use/open-data	PP_006C72T	https://pathoplexus.org/seq/PP_006C72T	PP082864.1	https://www.ncbi.nlm.nih.gov/nuccore/PP082864.1	https://pathoplexus.org/about/terms-of-use/open-data	
PP_006CU8U|2019	representatives	PP_006CU8U	https://pathoplexus.org/seq/PP_006CU8U	Indonesia	Indonesia	OPEN		https://pathoplexus.org/about/terms-of-use/open-data	PP_006CU8U	https://pathoplexus.org/seq/PP_006CU8U	PP151966.1	https://www.ncbi.nlm.nih.gov/nuccore/PP151966.1	https://pathoplexus.org/about/terms-of-use/open-data	
PP_006CUK5|2020	representatives	PP_006CUK5	https://pathoplexus.org/seq/PP_006CUK5	Indonesia	Indonesia	OPEN		https://pathoplexus.org/about/terms-of-use/open-data	PP_006CUK5	https://pathoplexus.org/seq/PP_006CUK5	PP151977.1	https://www.ncbi.nlm.nih.gov/nuccore/PP151977.1	https://pathoplexus.org/about/terms-of-use/open-data	
PP_006CUSR|2019	representatives	PP_006CUSR	https://pathoplexus.org/seq/PP_006CUSR	Indonesia	Indonesia	OPEN		https://pathoplexus.org/about/terms-of-use/open-data	PP_006CUSR	https://pathoplexus.org/seq/PP_006CUSR	PP151984.1	https://www.ncbi.nlm.nih.gov/nuccore/PP151984.1	https://pathoplexus.org/about/terms-of-use/open-data	
PP_006CVEF|2019	representatives	PP_006CVEF	https://pathoplexus.org/seq/PP_006CVEF	Indonesia	Indonesia	OPEN		https://pathoplexus.org/about/terms-of-use/open-data	PP_006CVEF	https://pathoplexus.org/seq/PP_006CVEF	PP152006.1	https://www.ncbi.nlm.nih.gov/nuccore/PP152006.1	https://pathoplexus.org/about/terms-of-use/open-data	
PP_006CVL2|2020	representatives	PP_006CVL2	https://pathoplexus.org/seq/PP_006CVL2	Indonesia	Indonesia	OPEN		https://pathoplexus.org/about/terms-of-use/open-data	PP_006CVL2	https://pathoplexus.org/seq/PP_006CVL2	PP152012.1	https://www.ncbi.nlm.nih.gov/nuccore/PP152012.1	https://pathoplexus.org/about/terms-of-use/open-data	
PP_006CVM0|2020	representatives	PP_006CVM0	https://pathoplexus.org/seq/PP_006CVM0	Indonesia	Indonesia	OPEN		https://pathoplexus.org/about/terms-of-use/open-data	PP_006CVM0	https://pathoplexus.org/seq/PP_006CVM0	PP152013.1	https://www.ncbi.nlm.nih.gov/nuccore/PP152013.1	https://pathoplexus.org/about/terms-of-use/open-data	
PP_006CVVJ|2019	representatives	PP_006CVVJ	https://pathoplexus.org/seq/PP_006CVVJ	Indonesia	Indonesia	OPEN		https://pathoplexus.org/about/terms-of-use/open-data	PP_006CVVJ	https://pathoplexus.org/seq/PP_006CVVJ	PP152021.1	https://www.ncbi.nlm.nih.gov/nuccore/PP152021.1	https://pathoplexus.org/about/terms-of-use/open-data	
PP_006CW40|2019	representatives	PP_006CW40	https://pathoplexus.org/seq/PP_006CW40	Indonesia	Indonesia	OPEN		https://pathoplexus.org/about/terms-of-use/open-data	PP_006CW40	https://pathoplexus.org/seq/PP_006CW40	PP152030.1	https://www.ncbi.nlm.nih.gov/nuccore/PP152030.1	https://pathoplexus.org/about/terms-of-use/open-data	
PP_006CW9Q|2019	representatives	PP_006CW9Q	https://pathoplexus.org/seq/PP_006CW9Q	Indonesia	Indonesia	OPEN		https://pathoplexus.org/about/terms-of-use/open-data	PP_006CW9Q	https://pathoplexus.org/seq/PP_006CW9Q	PP152035.1	https://www.ncbi.nlm.nih.gov/nuccore/PP152035.1	https://pathoplexus.org/about/terms-of-use/open-data	
PP_006CWDG|2019	representatives	PP_006CWDG	https://pathoplexus.org/seq/PP_006CWDG	Indonesia	Indonesia	OPEN		https://pathoplexus.org/about/terms-of-use/open-data	PP_006CWDG	https://pathoplexus.org/seq/PP_006CWDG	PP152039.1	https://www.ncbi.nlm.nih.gov/nuccore/PP152039.1	https://pathoplexus.org/about/terms-of-use/open-data	
PP_006CWH7|2019	representatives	PP_006CWH7	https://pathoplexus.org/seq/PP_006CWH7	Indonesia	Indonesia	OPEN		https://pathoplexus.org/about/terms-of-use/open-data	PP_006CWH7	https://pathoplexus.org/seq/PP_006CWH7	PP152043.1	https://www.ncbi.nlm.nih.gov/nuccore/PP152043.1	https://pathoplexus.org/about/terms-of-use/open-data	
PP_006CWQT|2019	representatives	PP_006CWQT	https://pathoplexus.org/seq/PP_006CWQT	Indonesia	Indonesia	OPEN		https://pathoplexus.org/about/terms-of-use/open-data	PP_006CWQT	https://pathoplexus.org/seq/PP_006CWQT	PP152050.1	https://www.ncbi.nlm.nih.gov/nuccore/PP152050.1	https://pathoplexus.org/about/terms-of-use/open-data	
PP_006CX8R|2019	representatives	PP_006CX8R	https://pathoplexus.org/seq/PP_006CX8R	Indonesia	Indonesia	OPEN		https://pathoplexus.org/about/terms-of-use/open-data	PP_006CX8R	https://pathoplexus.org/seq/PP_006CX8R	PP152068.1	https://www.ncbi.nlm.nih.gov/nuccore/PP152068.1	https://pathoplexus.org/about/terms-of-use/open-data	
PP_006CXFB|2020	representatives	PP_006CXFB	https://pathoplexus.org/seq/PP_006CXFB	Indonesia	Indonesia	OPEN		https://pathoplexus.org/about/terms-of-use/open-data	PP_006CXFB	https://pathoplexus.org/seq/PP_006CXFB	PP152075.1	https://www.ncbi.nlm.nih.gov/nuccore/PP152075.1	https://pathoplexus.org/about/terms-of-use/open-data	
PP_006CXJ4|2019	representatives	PP_006CXJ4	https://pathoplexus.org/seq/PP_006CXJ4	Indonesia	Indonesia	OPEN		https://pathoplexus.org/about/terms-of-use/open-data	PP_006CXJ4	https://pathoplexus.org/seq/PP_006CXJ4	PP152078.1	https://www.ncbi.nlm.nih.gov/nuccore/PP152078.1	https://pathoplexus.org/about/terms-of-use/open-data	
PP_006CY22|2020	representatives	PP_006CY22	https://pathoplexus.org/seq/PP_006CY22	Indonesia	Indonesia	OPEN		https://pathoplexus.org/about/terms-of-use/open-data	PP_006CY22	https://pathoplexus.org/seq/PP_006CY22	PP152096.1	https://www.ncbi.nlm.nih.gov/nuccore/PP152096.1	https://pathoplexus.org/about/terms-of-use/open-data	
PP_006CY5W|2019	representatives	PP_006CY5W	https://pathoplexus.org/seq/PP_006CY5W	Indonesia	Indonesia	OPEN		https://pathoplexus.org/about/terms-of-use/open-data	PP_006CY5W	https://pathoplexus.org/seq/PP_006CY5W	PP152099.1	https://www.ncbi.nlm.nih.gov/nuccore/PP152099.1	https://pathoplexus.org/about/terms-of-use/open-data	
PP_006CYFA|2020	representatives	PP_006CYFA	https://pathoplexus.org/seq/PP_006CYFA	Indonesia	Indonesia	OPEN		https://pathoplexus.org/about/terms-of-use/open-data	PP_006CYFA	https://pathoplexus.org/seq/PP_006CYFA	PP152109.1	https://www.ncbi.nlm.nih.gov/nuccore/PP152109.1	https://pathoplexus.org/about/terms-of-use/open-data	
PP_006D2HZ|2019-07-01	representatives	PP_006D2HZ	https://pathoplexus.org/seq/PP_006D2HZ	Thailand	Thailand	OPEN		https://pathoplexus.org/about/terms-of-use/open-data	PP_006D2HZ	https://pathoplexus.org/seq/PP_006D2HZ	PP234930.1	https://www.ncbi.nlm.nih.gov/nuccore/PP234930.1	https://pathoplexus.org/about/terms-of-use/open-data	
PP_006DG0L|2014-10-09	representatives	PP_006DG0L	https://pathoplexus.org/seq/PP_006DG0L	Viet Nam	Vietnam	OPEN		https://pathoplexus.org/about/terms-of-use/open-data	PP_006DG0L	https://pathoplexus.org/seq/PP_006DG0L	PP269864.1	https://www.ncbi.nlm.nih.gov/nuccore/PP269864.1	https://pathoplexus.org/about/terms-of-use/open-data	
PP_006DH83|2022-08-09	representatives	PP_006DH83	https://pathoplexus.org/seq/PP_006DH83	Viet Nam	Vietnam	OPEN		https://pathoplexus.org/about/terms-of-use/open-data	PP_006DH83	https://pathoplexus.org/seq/PP_006DH83	PP269906.1	https://www.ncbi.nlm.nih.gov/nuccore/PP269906.1	https://pathoplexus.org/about/terms-of-use/open-data	
PP_006DHAZ|2022-10-11	representatives	PP_006DHAZ	https://pathoplexus.org/seq/PP_006DHAZ	Viet Nam	Vietnam	OPEN		https://pathoplexus.org/about/terms-of-use/open-data	PP_006DHAZ	https://pathoplexus.org/seq/PP_006DHAZ	PP269908.1	https://www.ncbi.nlm.nih.gov/nuccore/PP269908.1	https://pathoplexus.org/about/terms-of-use/open-data	
PP_006DHKE|2022-11-25	representatives	PP_006DHKE	https://pathoplexus.org/seq/PP_006DHKE	Viet Nam	Vietnam	OPEN		https://pathoplexus.org/about/terms-of-use/open-data	PP_006DHKE	https://pathoplexus.org/seq/PP_006DHKE	PP269917.1	https://www.ncbi.nlm.nih.gov/nuccore/PP269917.1	https://pathoplexus.org/about/terms-of-use/open-data	
PP_006DHP6|2022-10-10	representatives	PP_006DHP6	https://pathoplexus.org/seq/PP_006DHP6	Viet Nam	Vietnam	OPEN		https://pathoplexus.org/about/terms-of-use/open-data	PP_006DHP6	https://pathoplexus.org/seq/PP_006DHP6	PP269921.1	https://www.ncbi.nlm.nih.gov/nuccore/PP269921.1	https://pathoplexus.org/about/terms-of-use/open-data	
PP_006DMN4|2023-12	representatives	PP_006DMN4	https://pathoplexus.org/seq/PP_006DMN4	Reunion	Réunion	OPEN		https://pathoplexus.org/about/terms-of-use/open-data	PP_006DMN4	https://pathoplexus.org/seq/PP_006DMN4	PP292053.1	https://www.ncbi.nlm.nih.gov/nuccore/PP292053.1	https://pathoplexus.org/about/terms-of-use/open-data	
PP_006DN54|2013-07-03	representatives	PP_006DN54	https://pathoplexus.org/seq/PP_006DN54	France	France	OPEN		https://pathoplexus.org/about/terms-of-use/open-data	PP_006DN54	https://pathoplexus.org/seq/PP_006DN54	PP320854.1	https://www.ncbi.nlm.nih.gov/nuccore/PP320854.1	https://pathoplexus.org/about/terms-of-use/open-data	
PP_006DR51|2023-12-13	representatives	PP_006DR51	https://pathoplexus.org/seq/PP_006DR51	France	France	OPEN		https://pathoplexus.org/about/terms-of-use/open-data	PP_006DR51	https://pathoplexus.org/seq/PP_006DR51	PP326828.1	https://www.ncbi.nlm.nih.gov/nuccore/PP326828.1	https://pathoplexus.org/about/terms-of-use/open-data	
PP_006DSQV|2022-06-10	representatives	PP_006DSQV	https://pathoplexus.org/seq/PP_006DSQV	Cambodia	Cambodia	OPEN		https://pathoplexus.org/about/terms-of-use/open-data	PP_006DSQV	https://pathoplexus.org/seq/PP_006DSQV	PP411249.1	https://www.ncbi.nlm.nih.gov/nuccore/PP411249.1	https://pathoplexus.org/about/terms-of-use/open-data	
PP_006DSTP|2022-06-20	representatives	PP_006DSTP	https://pathoplexus.org/seq/PP_006DSTP	Cambodia	Cambodia	OPEN		https://pathoplexus.org/about/terms-of-use/open-data	PP_006DSTP	https://pathoplexus.org/seq/PP_006DSTP	PP411252.1	https://www.ncbi.nlm.nih.gov/nuccore/PP411252.1	https://pathoplexus.org/about/terms-of-use/open-data	
PP_006DSWH|2022-06-29	representatives	PP_006DSWH	https://pathoplexus.org/seq/PP_006DSWH	Cambodia	Cambodia	OPEN		https://pathoplexus.org/about/terms-of-use/open-data	PP_006DSWH	https://pathoplexus.org/seq/PP_006DSWH	PP411255.1	https://www.ncbi.nlm.nih.gov/nuccore/PP411255.1	https://pathoplexus.org/about/terms-of-use/open-data	
PP_006DUSP|2021-09-24	representatives	PP_006DUSP	https://pathoplexus.org/seq/PP_006DUSP	Cambodia	Cambodia	OPEN		https://pathoplexus.org/about/terms-of-use/open-data	PP_006DUSP	https://pathoplexus.org/seq/PP_006DUSP	PP439575.1	https://www.ncbi.nlm.nih.gov/nuccore/PP439575.1	https://pathoplexus.org/about/terms-of-use/open-data	
PP_006DV4Z|2022-09-05	representatives	PP_006DV4Z	https://pathoplexus.org/seq/PP_006DV4Z	Cambodia	Cambodia	OPEN		https://pathoplexus.org/about/terms-of-use/open-data	PP_006DV4Z	https://pathoplexus.org/seq/PP_006DV4Z	PP446692.1	https://www.ncbi.nlm.nih.gov/nuccore/PP446692.1	https://pathoplexus.org/about/terms-of-use/open-data	
PP_006DV5X|2022-10-06	representatives	PP_006DV5X	https://pathoplexus.org/seq/PP_006DV5X	Cambodia	Cambodia	OPEN		https://pathoplexus.org/about/terms-of-use/open-data	PP_006DV5X	https://pathoplexus.org/seq/PP_006DV5X	PP446693.1	https://www.ncbi.nlm.nih.gov/nuccore/PP446693.1	https://pathoplexus.org/about/terms-of-use/open-data	
PP_006DVFB|2022-05-30	representatives	PP_006DVFB	https://pathoplexus.org/seq/PP_006DVFB	Cambodia	Cambodia	OPEN		https://pathoplexus.org/about/terms-of-use/open-data	PP_006DVFB	https://pathoplexus.org/seq/PP_006DVFB	PP469533.1	https://www.ncbi.nlm.nih.gov/nuccore/PP469533.1	https://pathoplexus.org/about/terms-of-use/open-data	
PP_006E50V|2023-10-01	representatives	PP_006E50V	https://pathoplexus.org/seq/PP_006E50V	China	China	OPEN		https://pathoplexus.org/about/terms-of-use/open-data	PP_006E50V	https://pathoplexus.org/seq/PP_006E50V	PP564586.1	https://www.ncbi.nlm.nih.gov/nuccore/PP564586.1	https://pathoplexus.org/about/terms-of-use/open-data	
PP_006E5FZ|2023-10-02	representatives	PP_006E5FZ	https://pathoplexus.org/seq/PP_006E5FZ	China	China	OPEN		https://pathoplexus.org/about/terms-of-use/open-data	PP_006E5FZ	https://pathoplexus.org/seq/PP_006E5FZ	PP564601.1	https://www.ncbi.nlm.nih.gov/nuccore/PP564601.1	https://pathoplexus.org/about/terms-of-use/open-data	
PP_006E5GX|2023-10-07	representatives	PP_006E5GX	https://pathoplexus.org/seq/PP_006E5GX	China	China	OPEN		https://pathoplexus.org/about/terms-of-use/open-data	PP_006E5GX	https://pathoplexus.org/seq/PP_006E5GX	PP564602.1	https://www.ncbi.nlm.nih.gov/nuccore/PP564602.1	https://pathoplexus.org/about/terms-of-use/open-data	
PP_006E6LM|2024-09-05	representatives	PP_006E6LM	https://pathoplexus.org/seq/PP_006E6LM	China	China	OPEN		https://pathoplexus.org/about/terms-of-use/open-data	PP_006E6LM	https://pathoplexus.org/seq/PP_006E6LM	PQ866917.1	https://www.ncbi.nlm.nih.gov/nuccore/PQ866917.1	https://pathoplexus.org/about/terms-of-use/open-data	
PP_006E6MK|2024-09-17	representatives	PP_006E6MK	https://pathoplexus.org/seq/PP_006E6MK	China	China	OPEN		https://pathoplexus.org/about/terms-of-use/open-data	PP_006E6MK	https://pathoplexus.org/seq/PP_006E6MK	PQ866918.1	https://www.ncbi.nlm.nih.gov/nuccore/PQ866918.1	https://pathoplexus.org/about/terms-of-use/open-data	
PP_006EJ0G|2023-08	representatives	PP_006EJ0G	https://pathoplexus.org/seq/PP_006EJ0G	Thailand	Thailand	OPEN		https://pathoplexus.org/about/terms-of-use/open-data	PP_006EJ0G	https://pathoplexus.org/seq/PP_006EJ0G	PP586199.1	https://www.ncbi.nlm.nih.gov/nuccore/PP586199.1	https://pathoplexus.org/about/terms-of-use/open-data	
PP_006EL8Y|2024-01-14	representatives	PP_006EL8Y	https://pathoplexus.org/seq/PP_006EL8Y	USA	USA	OPEN		https://pathoplexus.org/about/terms-of-use/open-data	PP_006EL8Y	https://pathoplexus.org/seq/PP_006EL8Y	PP708034.1	https://www.ncbi.nlm.nih.gov/nuccore/PP708034.1	https://pathoplexus.org/about/terms-of-use/open-data	
PP_006EPHA|2023-08-30	representatives	PP_006EPHA	https://pathoplexus.org/seq/PP_006EPHA	India	India	OPEN		https://pathoplexus.org/about/terms-of-use/open-data	PP_006EPHA	https://pathoplexus.org/seq/PP_006EPHA	PP757868.1	https://www.ncbi.nlm.nih.gov/nuccore/PP757868.1	https://pathoplexus.org/about/terms-of-use/open-data	
PP_006EPL4|2022-06-18	representatives	PP_006EPL4	https://pathoplexus.org/seq/PP_006EPL4	India	India	OPEN		https://pathoplexus.org/about/terms-of-use/open-data	PP_006EPL4	https://pathoplexus.org/seq/PP_006EPL4	PP757871.1	https://www.ncbi.nlm.nih.gov/nuccore/PP757871.1	https://pathoplexus.org/about/terms-of-use/open-data	
PP_006EPRU|2023-09-12	representatives	PP_006EPRU	https://pathoplexus.org/seq/PP_006EPRU	India	India	OPEN		https://pathoplexus.org/about/terms-of-use/open-data	PP_006EPRU	https://pathoplexus.org/seq/PP_006EPRU	PP757876.1	https://www.ncbi.nlm.nih.gov/nuccore/PP757876.1	https://pathoplexus.org/about/terms-of-use/open-data	
PP_006F56F|2023-08-18	representatives	PP_006F56F	https://pathoplexus.org/seq/PP_006F56F	Colombia	Colombia	OPEN		https://pathoplexus.org/about/terms-of-use/open-data	PP_006F56F	https://pathoplexus.org/seq/PP_006F56F	PP982973.1	https://www.ncbi.nlm.nih.gov/nuccore/PP982973.1	https://pathoplexus.org/about/terms-of-use/open-data	
PP_006F5NG|2024-01-30	representatives	PP_006F5NG	https://pathoplexus.org/seq/PP_006F5NG	Colombia	Colombia	OPEN		https://pathoplexus.org/about/terms-of-use/open-data	PP_006F5NG	https://pathoplexus.org/seq/PP_006F5NG	PP982989.1	https://www.ncbi.nlm.nih.gov/nuccore/PP982989.1	https://pathoplexus.org/about/terms-of-use/open-data	
PP_006F5QC|2024-01-31	representatives	PP_006F5QC	https://pathoplexus.org/seq/PP_006F5QC	Colombia	Colombia	OPEN		https://pathoplexus.org/about/terms-of-use/open-data	PP_006F5QC	https://pathoplexus.org/seq/PP_006F5QC	PP982991.1	https://www.ncbi.nlm.nih.gov/nuccore/PP982991.1	https://pathoplexus.org/about/terms-of-use/open-data	
PP_006F5RA|2024-01-25	representatives	PP_006F5RA	https://pathoplexus.org/seq/PP_006F5RA	Colombia	Colombia	OPEN		https://pathoplexus.org/about/terms-of-use/open-data	PP_006F5RA	https://pathoplexus.org/seq/PP_006F5RA	PP982992.1	https://www.ncbi.nlm.nih.gov/nuccore/PP982992.1	https://pathoplexus.org/about/terms-of-use/open-data	
PP_006F5ZU|2024-02-29	representatives	PP_006F5ZU	https://pathoplexus.org/seq/PP_006F5ZU	Colombia	Colombia	OPEN		https://pathoplexus.org/about/terms-of-use/open-data	PP_006F5ZU	https://pathoplexus.org/seq/PP_006F5ZU	PP983000.1	https://www.ncbi.nlm.nih.gov/nuccore/PP983000.1	https://pathoplexus.org/about/terms-of-use/open-data	
PP_006F76D|2022-06-20	representatives	PP_006F76D	https://pathoplexus.org/seq/PP_006F76D	Indonesia	Indonesia	OPEN		https://pathoplexus.org/about/terms-of-use/open-data	PP_006F76D	https://pathoplexus.org/seq/PP_006F76D	PP994645.1	https://www.ncbi.nlm.nih.gov/nuccore/PP994645.1	https://pathoplexus.org/about/terms-of-use/open-data	
PP_006F7B3|2022-09-26	representatives	PP_006F7B3	https://pathoplexus.org/seq/PP_006F7B3	Indonesia	Indonesia	OPEN		https://pathoplexus.org/about/terms-of-use/open-data	PP_006F7B3	https://pathoplexus.org/seq/PP_006F7B3	PP994650.1	https://www.ncbi.nlm.nih.gov/nuccore/PP994650.1	https://pathoplexus.org/about/terms-of-use/open-data	
PP_006F7DZ|2022-10-29	representatives	PP_006F7DZ	https://pathoplexus.org/seq/PP_006F7DZ	Indonesia	Indonesia	OPEN		https://pathoplexus.org/about/terms-of-use/open-data	PP_006F7DZ	https://pathoplexus.org/seq/PP_006F7DZ	PP994652.1	https://www.ncbi.nlm.nih.gov/nuccore/PP994652.1	https://pathoplexus.org/about/terms-of-use/open-data	
PP_006F7EX|2022-10-29	representatives	PP_006F7EX	https://pathoplexus.org/seq/PP_006F7EX	Indonesia	Indonesia	OPEN		https://pathoplexus.org/about/terms-of-use/open-data	PP_006F7EX	https://pathoplexus.org/seq/PP_006F7EX	PP994653.1	https://www.ncbi.nlm.nih.gov/nuccore/PP994653.1	https://pathoplexus.org/about/terms-of-use/open-data	
PP_006FKBR|2024-07-24	representatives	PP_006FKBR	https://pathoplexus.org/seq/PP_006FKBR	USA	USA	OPEN		https://pathoplexus.org/about/terms-of-use/open-data	PP_006FKBR	https://pathoplexus.org/seq/PP_006FKBR	PQ355603.1	https://www.ncbi.nlm.nih.gov/nuccore/PQ355603.1	https://pathoplexus.org/about/terms-of-use/open-data	
PP_006FKFH|2017-02-03	representatives	PP_006FKFH	https://pathoplexus.org/seq/PP_006FKFH	Thailand	Thailand	OPEN		https://pathoplexus.org/about/terms-of-use/open-data	PP_006FKFH	https://pathoplexus.org/seq/PP_006FKFH	PQ357513.1	https://www.ncbi.nlm.nih.gov/nuccore/PQ357513.1	https://pathoplexus.org/about/terms-of-use/open-data	
PP_006FKJA|2018-10-27	representatives	PP_006FKJA	https://pathoplexus.org/seq/PP_006FKJA	Cambodia	Cambodia	OPEN		https://pathoplexus.org/about/terms-of-use/open-data	PP_006FKJA	https://pathoplexus.org/seq/PP_006FKJA	PQ357516.1	https://www.ncbi.nlm.nih.gov/nuccore/PQ357516.1	https://pathoplexus.org/about/terms-of-use/open-data	
PP_006FKN2|2023-07-26	representatives	PP_006FKN2	https://pathoplexus.org/seq/PP_006FKN2	Malaysia	Malaysia	OPEN		https://pathoplexus.org/about/terms-of-use/open-data	PP_006FKN2	https://pathoplexus.org/seq/PP_006FKN2	PQ357520.1	https://www.ncbi.nlm.nih.gov/nuccore/PQ357520.1	https://pathoplexus.org/about/terms-of-use/open-data	
PP_006FNPX|2015-12	representatives	PP_006FNPX	https://pathoplexus.org/seq/PP_006FNPX	Malaysia	Malaysia	OPEN		https://pathoplexus.org/about/terms-of-use/open-data	PP_006FNPX	https://pathoplexus.org/seq/PP_006FNPX	PQ465587.1	https://www.ncbi.nlm.nih.gov/nuccore/PQ465587.1	https://pathoplexus.org/about/terms-of-use/open-data	
PP_006FYE6|2024-09-10	representatives	PP_006FYE6	https://pathoplexus.org/seq/PP_006FYE6	USA	USA	OPEN		https://pathoplexus.org/about/terms-of-use/open-data	PP_006FYE6	https://pathoplexus.org/seq/PP_006FYE6	PQ617141.1	https://www.ncbi.nlm.nih.gov/nuccore/PQ617141.1	https://pathoplexus.org/about/terms-of-use/open-data	
PP_006G0SB|2023-09	representatives	PP_006G0SB	https://pathoplexus.org/seq/PP_006G0SB	Bangladesh	Bangladesh	OPEN		https://pathoplexus.org/about/terms-of-use/open-data	PP_006G0SB	https://pathoplexus.org/seq/PP_006G0SB	PQ657766.1	https://www.ncbi.nlm.nih.gov/nuccore/PQ657766.1	https://pathoplexus.org/about/terms-of-use/open-data	
PP_006GBBX|2024-03-20	representatives	PP_006GBBX	https://pathoplexus.org/seq/PP_006GBBX	Colombia	Colombia	OPEN		https://pathoplexus.org/about/terms-of-use/open-data	PP_006GBBX	https://pathoplexus.org/seq/PP_006GBBX	PQ851427.1	https://www.ncbi.nlm.nih.gov/nuccore/PQ851427.1	https://pathoplexus.org/about/terms-of-use/open-data	
PP_006GBCV|2024-03-21	representatives	PP_006GBCV	https://pathoplexus.org/seq/PP_006GBCV	Colombia	Colombia	OPEN		https://pathoplexus.org/about/terms-of-use/open-data	PP_006GBCV	https://pathoplexus.org/seq/PP_006GBCV	PQ851428.1	https://www.ncbi.nlm.nih.gov/nuccore/PQ851428.1	https://pathoplexus.org/about/terms-of-use/open-data	
PP_006GBN8|2024-04-08	representatives	PP_006GBN8	https://pathoplexus.org/seq/PP_006GBN8	Colombia	Colombia	OPEN		https://pathoplexus.org/about/terms-of-use/open-data	PP_006GBN8	https://pathoplexus.org/seq/PP_006GBN8	PQ851438.1	https://www.ncbi.nlm.nih.gov/nuccore/PQ851438.1	https://pathoplexus.org/about/terms-of-use/open-data	
PP_006GBVU|2024-04-19	representatives	PP_006GBVU	https://pathoplexus.org/seq/PP_006GBVU	Colombia	Colombia	OPEN		https://pathoplexus.org/about/terms-of-use/open-data	PP_006GBVU	https://pathoplexus.org/seq/PP_006GBVU	PQ851445.1	https://www.ncbi.nlm.nih.gov/nuccore/PQ851445.1	https://pathoplexus.org/about/terms-of-use/open-data	
PP_006GC58|2024-05-18	representatives	PP_006GC58	https://pathoplexus.org/seq/PP_006GC58	Colombia	Colombia	OPEN		https://pathoplexus.org/about/terms-of-use/open-data	PP_006GC58	https://pathoplexus.org/seq/PP_006GC58	PQ851455.1	https://www.ncbi.nlm.nih.gov/nuccore/PQ851455.1	https://pathoplexus.org/about/terms-of-use/open-data	
PP_006GFGH|2024	representatives	PP_006GFGH	https://pathoplexus.org/seq/PP_006GFGH	China	China	OPEN		https://pathoplexus.org/about/terms-of-use/open-data	PP_006GFGH	https://pathoplexus.org/seq/PP_006GFGH	PV012233.1	https://www.ncbi.nlm.nih.gov/nuccore/PV012233.1	https://pathoplexus.org/about/terms-of-use/open-data	
PP_006GFJC|2024	representatives	PP_006GFJC	https://pathoplexus.org/seq/PP_006GFJC	China	China	OPEN		https://pathoplexus.org/about/terms-of-use/open-data	PP_006GFJC	https://pathoplexus.org/seq/PP_006GFJC	PV012235.1	https://www.ncbi.nlm.nih.gov/nuccore/PV012235.1	https://pathoplexus.org/about/terms-of-use/open-data	
PP_006GFL8|2024	representatives	PP_006GFL8	https://pathoplexus.org/seq/PP_006GFL8	China	China	OPEN		https://pathoplexus.org/about/terms-of-use/open-data	PP_006GFL8	https://pathoplexus.org/seq/PP_006GFL8	PV012237.1	https://www.ncbi.nlm.nih.gov/nuccore/PV012237.1	https://pathoplexus.org/about/terms-of-use/open-data	
PP_006GFQ0|2024	representatives	PP_006GFQ0	https://pathoplexus.org/seq/PP_006GFQ0	China	China	OPEN		https://pathoplexus.org/about/terms-of-use/open-data	PP_006GFQ0	https://pathoplexus.org/seq/PP_006GFQ0	PV012241.1	https://www.ncbi.nlm.nih.gov/nuccore/PV012241.1	https://pathoplexus.org/about/terms-of-use/open-data	
PP_006GK19|2023-12-02	representatives	PP_006GK19	https://pathoplexus.org/seq/PP_006GK19	USA	USA	OPEN		https://pathoplexus.org/about/terms-of-use/open-data	PP_006GK19	https://pathoplexus.org/seq/PP_006GK19	PV151472.1	https://www.ncbi.nlm.nih.gov/nuccore/PV151472.1	https://pathoplexus.org/about/terms-of-use/open-data	
PP_006GKWJ|2024-03	representatives	PP_006GKWJ	https://pathoplexus.org/seq/PP_006GKWJ	Kenya	Kenya	OPEN		https://pathoplexus.org/about/terms-of-use/open-data	PP_006GKWJ	https://pathoplexus.org/seq/PP_006GKWJ	PV291709.1	https://www.ncbi.nlm.nih.gov/nuccore/PV291709.1	https://pathoplexus.org/about/terms-of-use/open-data	
PP_006GKXG|2024-07	representatives	PP_006GKXG	https://pathoplexus.org/seq/PP_006GKXG	Indonesia	Indonesia	OPEN		https://pathoplexus.org/about/terms-of-use/open-data	PP_006GKXG	https://pathoplexus.org/seq/PP_006GKXG	PV291710.1	https://www.ncbi.nlm.nih.gov/nuccore/PV291710.1	https://pathoplexus.org/about/terms-of-use/open-data	
PP_006GKYE|2024-09	representatives	PP_006GKYE	https://pathoplexus.org/seq/PP_006GKYE	Indonesia	Indonesia	OPEN		https://pathoplexus.org/about/terms-of-use/open-data	PP_006GKYE	https://pathoplexus.org/seq/PP_006GKYE	PV291711.1	https://www.ncbi.nlm.nih.gov/nuccore/PV291711.1	https://pathoplexus.org/about/terms-of-use/open-data	
PP_006GNBL|2019-02-14	representatives	PP_006GNBL	https://pathoplexus.org/seq/PP_006GNBL	Thailand	Thailand	OPEN		https://pathoplexus.org/about/terms-of-use/open-data	PP_006GNBL	https://pathoplexus.org/seq/PP_006GNBL	PV344296.1	https://www.ncbi.nlm.nih.gov/nuccore/PV344296.1	https://pathoplexus.org/about/terms-of-use/open-data	
PP_006GNCJ|2019-08-27	representatives	PP_006GNCJ	https://pathoplexus.org/seq/PP_006GNCJ	Thailand	Thailand	OPEN		https://pathoplexus.org/about/terms-of-use/open-data	PP_006GNCJ	https://pathoplexus.org/seq/PP_006GNCJ	PV344297.1	https://www.ncbi.nlm.nih.gov/nuccore/PV344297.1	https://pathoplexus.org/about/terms-of-use/open-data	
PP_006GNJ5|2015-11-27	representatives	PP_006GNJ5	https://pathoplexus.org/seq/PP_006GNJ5	Thailand	Thailand	OPEN		https://pathoplexus.org/about/terms-of-use/open-data	PP_006GNJ5	https://pathoplexus.org/seq/PP_006GNJ5	PV344303.1	https://www.ncbi.nlm.nih.gov/nuccore/PV344303.1	https://pathoplexus.org/about/terms-of-use/open-data	
PP_006GVY4|2024-08-05	representatives	PP_006GVY4	https://pathoplexus.org/seq/PP_006GVY4	Brazil	Brazil	OPEN		https://pathoplexus.org/about/terms-of-use/open-data	PP_006GVY4	https://pathoplexus.org/seq/PP_006GVY4	PV451707.1	https://www.ncbi.nlm.nih.gov/nuccore/PV451707.1	https://pathoplexus.org/about/terms-of-use/open-data	
PP_006H25F|2024-09-30	representatives	PP_006H25F	https://pathoplexus.org/seq/PP_006H25F	India	India	OPEN		https://pathoplexus.org/about/terms-of-use/open-data	PP_006H25F	https://pathoplexus.org/seq/PP_006H25F	PV554916.1	https://www.ncbi.nlm.nih.gov/nuccore/PV554916.1	https://pathoplexus.org/about/terms-of-use/open-data	
PP_006H27B|2024-10-01	representatives	PP_006H27B	https://pathoplexus.org/seq/PP_006H27B	India	India	OPEN		https://pathoplexus.org/about/terms-of-use/open-data	PP_006H27B	https://pathoplexus.org/seq/PP_006H27B	PV554918.1	https://www.ncbi.nlm.nih.gov/nuccore/PV554918.1	https://pathoplexus.org/about/terms-of-use/open-data	
PP_006H2QA|2024-12-26	representatives	PP_006H2QA	https://pathoplexus.org/seq/PP_006H2QA	China	China	OPEN		https://pathoplexus.org/about/terms-of-use/open-data	PP_006H2QA	https://pathoplexus.org/seq/PP_006H2QA	PV571622.1	https://www.ncbi.nlm.nih.gov/nuccore/PV571622.1	https://pathoplexus.org/about/terms-of-use/open-data	
PP_006H2U2|2024-04-11	representatives	PP_006H2U2	https://pathoplexus.org/seq/PP_006H2U2	China	China	OPEN		https://pathoplexus.org/about/terms-of-use/open-data	PP_006H2U2	https://pathoplexus.org/seq/PP_006H2U2	PV571626.1	https://www.ncbi.nlm.nih.gov/nuccore/PV571626.1	https://pathoplexus.org/about/terms-of-use/open-data	
PP_006H36C|2024-10-23	representatives	PP_006H36C	https://pathoplexus.org/seq/PP_006H36C	China	China	OPEN		https://pathoplexus.org/about/terms-of-use/open-data	PP_006H36C	https://pathoplexus.org/seq/PP_006H36C	PV571638.1	https://www.ncbi.nlm.nih.gov/nuccore/PV571638.1	https://pathoplexus.org/about/terms-of-use/open-data	
PP_006H388|2024-11-29	representatives	PP_006H388	https://pathoplexus.org/seq/PP_006H388	China	China	OPEN		https://pathoplexus.org/about/terms-of-use/open-data	PP_006H388	https://pathoplexus.org/seq/PP_006H388	PV571640.1	https://www.ncbi.nlm.nih.gov/nuccore/PV571640.1	https://pathoplexus.org/about/terms-of-use/open-data	
PP_006H3FU|2024-02-02	representatives	PP_006H3FU	https://pathoplexus.org/seq/PP_006H3FU	China	China	OPEN		https://pathoplexus.org/about/terms-of-use/open-data	PP_006H3FU	https://pathoplexus.org/seq/PP_006H3FU	PV571647.1	https://www.ncbi.nlm.nih.gov/nuccore/PV571647.1	https://pathoplexus.org/about/terms-of-use/open-data	
PP_006H64D|2023-06-29	representatives	PP_006H64D	https://pathoplexus.org/seq/PP_006H64D	Costa Rica	Costa Rica	OPEN		https://pathoplexus.org/about/terms-of-use/open-data	PP_006H64D	https://pathoplexus.org/seq/PP_006H64D	PV629018.1	https://www.ncbi.nlm.nih.gov/nuccore/PV629018.1	https://pathoplexus.org/about/terms-of-use/open-data	
PP_006H6A1|2023-06-30	representatives	PP_006H6A1	https://pathoplexus.org/seq/PP_006H6A1	Costa Rica	Costa Rica	OPEN		https://pathoplexus.org/about/terms-of-use/open-data	PP_006H6A1	https://pathoplexus.org/seq/PP_006H6A1	PV629023.1	https://www.ncbi.nlm.nih.gov/nuccore/PV629023.1	https://pathoplexus.org/about/terms-of-use/open-data	
PP_006H6Q6|2023-07-17	representatives	PP_006H6Q6	https://pathoplexus.org/seq/PP_006H6Q6	Costa Rica	Costa Rica	OPEN		https://pathoplexus.org/about/terms-of-use/open-data	PP_006H6Q6	https://pathoplexus.org/seq/PP_006H6Q6	PV629035.1	https://www.ncbi.nlm.nih.gov/nuccore/PV629035.1	https://pathoplexus.org/about/terms-of-use/open-data	
PP_006H71J|2023-08-06	representatives	PP_006H71J	https://pathoplexus.org/seq/PP_006H71J	Costa Rica	Costa Rica	OPEN		https://pathoplexus.org/about/terms-of-use/open-data	PP_006H71J	https://pathoplexus.org/seq/PP_006H71J	PV629045.1	https://www.ncbi.nlm.nih.gov/nuccore/PV629045.1	https://pathoplexus.org/about/terms-of-use/open-data	
PP_006H7LD|2023-08-17	representatives	PP_006H7LD	https://pathoplexus.org/seq/PP_006H7LD	Costa Rica	Costa Rica	OPEN		https://pathoplexus.org/about/terms-of-use/open-data	PP_006H7LD	https://pathoplexus.org/seq/PP_006H7LD	PV629061.1	https://www.ncbi.nlm.nih.gov/nuccore/PV629061.1	https://pathoplexus.org/about/terms-of-use/open-data	
PP_006H7N9|2023-08-15	representatives	PP_006H7N9	https://pathoplexus.org/seq/PP_006H7N9	Costa Rica	Costa Rica	OPEN		https://pathoplexus.org/about/terms-of-use/open-data	PP_006H7N9	https://pathoplexus.org/seq/PP_006H7N9	PV629063.1	https://www.ncbi.nlm.nih.gov/nuccore/PV629063.1	https://pathoplexus.org/about/terms-of-use/open-data	
PP_006H8FP|2023-10-12	representatives	PP_006H8FP	https://pathoplexus.org/seq/PP_006H8FP	Costa Rica	Costa Rica	OPEN		https://pathoplexus.org/about/terms-of-use/open-data	PP_006H8FP	https://pathoplexus.org/seq/PP_006H8FP	PV629086.1	https://www.ncbi.nlm.nih.gov/nuccore/PV629086.1	https://pathoplexus.org/about/terms-of-use/open-data	
PP_006H8R2|2024-04-19	representatives	PP_006H8R2	https://pathoplexus.org/seq/PP_006H8R2	Costa Rica	Costa Rica	OPEN		https://pathoplexus.org/about/terms-of-use/open-data	PP_006H8R2	https://pathoplexus.org/seq/PP_006H8R2	PV629094.1	https://www.ncbi.nlm.nih.gov/nuccore/PV629094.1	https://pathoplexus.org/about/terms-of-use/open-data	
PP_006H8ZL|2024-01-09	representatives	PP_006H8ZL	https://pathoplexus.org/seq/PP_006H8ZL	Costa Rica	Costa Rica	OPEN		https://pathoplexus.org/about/terms-of-use/open-data	PP_006H8ZL	https://pathoplexus.org/seq/PP_006H8ZL	PV629101.1	https://www.ncbi.nlm.nih.gov/nuccore/PV629101.1	https://pathoplexus.org/about/terms-of-use/open-data	
PP_006H90J|2024-01-16	representatives	PP_006H90J	https://pathoplexus.org/seq/PP_006H90J	Costa Rica	Costa Rica	OPEN		https://pathoplexus.org/about/terms-of-use/open-data	PP_006H90J	https://pathoplexus.org/seq/PP_006H90J	PV629102.1	https://www.ncbi.nlm.nih.gov/nuccore/PV629102.1	https://pathoplexus.org/about/terms-of-use/open-data	
PP_006H92E|2024-01-21	representatives	PP_006H92E	https://pathoplexus.org/seq/PP_006H92E	Costa Rica	Costa Rica	OPEN		https://pathoplexus.org/about/terms-of-use/open-data	PP_006H92E	https://pathoplexus.org/seq/PP_006H92E	PV629104.1	https://www.ncbi.nlm.nih.gov/nuccore/PV629104.1	https://pathoplexus.org/about/terms-of-use/open-data	
PP_006H974|2024-03-02	representatives	PP_006H974	https://pathoplexus.org/seq/PP_006H974	Costa Rica	Costa Rica	OPEN		https://pathoplexus.org/about/terms-of-use/open-data	PP_006H974	https://pathoplexus.org/seq/PP_006H974	PV629108.1	https://www.ncbi.nlm.nih.gov/nuccore/PV629108.1	https://pathoplexus.org/about/terms-of-use/open-data	
PP_006HJQU|2023	representatives	PP_006HJQU	https://pathoplexus.org/seq/PP_006HJQU	China	China	OPEN		https://pathoplexus.org/about/terms-of-use/open-data	PP_006HJQU	https://pathoplexus.org/seq/PP_006HJQU	PV879537.1	https://www.ncbi.nlm.nih.gov/nuccore/PV879537.1	https://pathoplexus.org/about/terms-of-use/open-data	
PP_006HJTN|2023	representatives	PP_006HJTN	https://pathoplexus.org/seq/PP_006HJTN	China	China	OPEN		https://pathoplexus.org/about/terms-of-use/open-data	PP_006HJTN	https://pathoplexus.org/seq/PP_006HJTN	PV879540.1	https://www.ncbi.nlm.nih.gov/nuccore/PV879540.1	https://pathoplexus.org/about/terms-of-use/open-data	
PP_006HK08|2023	representatives	PP_006HK08	https://pathoplexus.org/seq/PP_006HK08	China	China	OPEN		https://pathoplexus.org/about/terms-of-use/open-data	PP_006HK08	https://pathoplexus.org/seq/PP_006HK08	PV879547.1	https://www.ncbi.nlm.nih.gov/nuccore/PV879547.1	https://pathoplexus.org/about/terms-of-use/open-data	
PP_006HK16|2023	representatives	PP_006HK16	https://pathoplexus.org/seq/PP_006HK16	China	China	OPEN		https://pathoplexus.org/about/terms-of-use/open-data	PP_006HK16	https://pathoplexus.org/seq/PP_006HK16	PV879548.1	https://www.ncbi.nlm.nih.gov/nuccore/PV879548.1	https://pathoplexus.org/about/terms-of-use/open-data	
PP_006HK32|2023	representatives	PP_006HK32	https://pathoplexus.org/seq/PP_006HK32	China	China	OPEN		https://pathoplexus.org/about/terms-of-use/open-data	PP_006HK32	https://pathoplexus.org/seq/PP_006HK32	PV879550.1	https://www.ncbi.nlm.nih.gov/nuccore/PV879550.1	https://pathoplexus.org/about/terms-of-use/open-data	
PP_006HR4U|2022-10-21	representatives	PP_006HR4U	https://pathoplexus.org/seq/PP_006HR4U	India	India	OPEN		https://pathoplexus.org/about/terms-of-use/open-data	PP_006HR4U	https://pathoplexus.org/seq/PP_006HR4U	PX363321.1	https://www.ncbi.nlm.nih.gov/nuccore/PX363321.1	https://pathoplexus.org/about/terms-of-use/open-data	
PP_006HW8F|2024-10-24	representatives	PP_006HW8F	https://pathoplexus.org/seq/PP_006HW8F	Mali	Mali	OPEN		https://pathoplexus.org/about/terms-of-use/open-data	PP_006HW8F	https://pathoplexus.org/seq/PP_006HW8F	PX454627.1	https://www.ncbi.nlm.nih.gov/nuccore/PX454627.1	https://pathoplexus.org/about/terms-of-use/open-data	
PP_006HWGZ|2024-11-08	representatives	PP_006HWGZ	https://pathoplexus.org/seq/PP_006HWGZ	Mali	Mali	OPEN		https://pathoplexus.org/about/terms-of-use/open-data	PP_006HWGZ	https://pathoplexus.org/seq/PP_006HWGZ	PX454635.1	https://www.ncbi.nlm.nih.gov/nuccore/PX454635.1	https://pathoplexus.org/about/terms-of-use/open-data	
PP_006HWNL|2024-11-16	representatives	PP_006HWNL	https://pathoplexus.org/seq/PP_006HWNL	Mali	Mali	OPEN		https://pathoplexus.org/about/terms-of-use/open-data	PP_006HWNL	https://pathoplexus.org/seq/PP_006HWNL	PX454641.1	https://www.ncbi.nlm.nih.gov/nuccore/PX454641.1	https://pathoplexus.org/about/terms-of-use/open-data	
PP_006J6S0|1974	representatives	PP_006J6S0	https://pathoplexus.org/seq/PP_006J6S0	Thailand	Thailand	OPEN		https://pathoplexus.org/about/terms-of-use/open-data	PP_006J6S0	https://pathoplexus.org/seq/PP_006J6S0	PX492105.1	https://www.ncbi.nlm.nih.gov/nuccore/PX492105.1	https://pathoplexus.org/about/terms-of-use/open-data	
PP_006JFH9|2025	representatives	PP_006JFH9	https://pathoplexus.org/seq/PP_006JFH9	Australia	Australia	OPEN		https://pathoplexus.org/about/terms-of-use/open-data	PP_006JFH9	https://pathoplexus.org/seq/PP_006JFH9	PX945874.1	https://www.ncbi.nlm.nih.gov/nuccore/PX945874.1	https://pathoplexus.org/about/terms-of-use/open-data	
PP_006JFM1|2025	representatives	PP_006JFM1	https://pathoplexus.org/seq/PP_006JFM1	Australia	Australia	OPEN		https://pathoplexus.org/about/terms-of-use/open-data	PP_006JFM1	https://pathoplexus.org/seq/PP_006JFM1	PX945877.1	https://www.ncbi.nlm.nih.gov/nuccore/PX945877.1	https://pathoplexus.org/about/terms-of-use/open-data	
PP_006JFNZ|2025	representatives	PP_006JFNZ	https://pathoplexus.org/seq/PP_006JFNZ	Australia	Australia	OPEN		https://pathoplexus.org/about/terms-of-use/open-data	PP_006JFNZ	https://pathoplexus.org/seq/PP_006JFNZ	PX945878.1	https://www.ncbi.nlm.nih.gov/nuccore/PX945878.1	https://pathoplexus.org/about/terms-of-use/open-data	
PP_006JFQV|2024	representatives	PP_006JFQV	https://pathoplexus.org/seq/PP_006JFQV	Australia	Australia	OPEN		https://pathoplexus.org/about/terms-of-use/open-data	PP_006JFQV	https://pathoplexus.org/seq/PP_006JFQV	PX945880.1	https://www.ncbi.nlm.nih.gov/nuccore/PX945880.1	https://pathoplexus.org/about/terms-of-use/open-data	
PP_006LM9G|2019-04-01	representatives	PP_006LM9G	https://pathoplexus.org/seq/PP_006LM9G	Brazil	Brazil	RESTRICTED	2027-03-17	https://pathoplexus.org/about/terms-of-use/restricted-data	PP_006LM9G	https://pathoplexus.org/seq/PP_006LM9G			https://pathoplexus.org/about/terms-of-use/restricted-data	2027-03-17
PP_006LZ2J|2024-01-22	representatives	PP_006LZ2J	https://pathoplexus.org/seq/PP_006LZ2J	Brazil	Brazil	RESTRICTED	2027-03-17	https://pathoplexus.org/about/terms-of-use/restricted-data	PP_006LZ2J	https://pathoplexus.org/seq/PP_006LZ2J			https://pathoplexus.org/about/terms-of-use/restricted-data	2027-03-17
PP_006MV0Q|2024-01-10	representatives	PP_006MV0Q	https://pathoplexus.org/seq/PP_006MV0Q	Brazil	Brazil	RESTRICTED	2027-03-17	https://pathoplexus.org/about/terms-of-use/restricted-data	PP_006MV0Q	https://pathoplexus.org/seq/PP_006MV0Q			https://pathoplexus.org/about/terms-of-use/restricted-data	2027-03-17
PP_006P2HC|2024-04-22	representatives	PP_006P2HC	https://pathoplexus.org/seq/PP_006P2HC	Brazil	Brazil	RESTRICTED	2027-03-17	https://pathoplexus.org/about/terms-of-use/restricted-data	PP_006P2HC	https://pathoplexus.org/seq/PP_006P2HC			https://pathoplexus.org/about/terms-of-use/restricted-data	2027-03-17
PP_006P7K3|2024-02-16	representatives	PP_006P7K3	https://pathoplexus.org/seq/PP_006P7K3	Brazil	Brazil	RESTRICTED	2027-03-17	https://pathoplexus.org/about/terms-of-use/restricted-data	PP_006P7K3	https://pathoplexus.org/seq/PP_006P7K3			https://pathoplexus.org/about/terms-of-use/restricted-data	2027-03-17
PP_006P85X|2024-03-06	representatives	PP_006P85X	https://pathoplexus.org/seq/PP_006P85X	Brazil	Brazil	RESTRICTED	2027-03-17	https://pathoplexus.org/about/terms-of-use/restricted-data	PP_006P85X	https://pathoplexus.org/seq/PP_006P85X			https://pathoplexus.org/about/terms-of-use/restricted-data	2027-03-17
PP_006P8UJ|2024-03-19	representatives	PP_006P8UJ	https://pathoplexus.org/seq/PP_006P8UJ	Brazil	Brazil	RESTRICTED	2027-03-17	https://pathoplexus.org/about/terms-of-use/restricted-data	PP_006P8UJ	https://pathoplexus.org/seq/PP_006P8UJ			https://pathoplexus.org/about/terms-of-use/restricted-data	2027-03-17
PP_006PAXA|2024-04-11	representatives	PP_006PAXA	https://pathoplexus.org/seq/PP_006PAXA	Brazil	Brazil	RESTRICTED	2027-03-17	https://pathoplexus.org/about/terms-of-use/restricted-data	PP_006PAXA	https://pathoplexus.org/seq/PP_006PAXA			https://pathoplexus.org/about/terms-of-use/restricted-data	2027-03-17
PP_006SR58|2023-03-28	representatives	PP_006SR58	https://pathoplexus.org/seq/PP_006SR58	Brazil	Brazil	OPEN		https://pathoplexus.org/about/terms-of-use/open-data	PP_006SR58	https://pathoplexus.org/seq/PP_006SR58	PV206094.1	https://www.ncbi.nlm.nih.gov/nuccore/PV206094.1	https://pathoplexus.org/about/terms-of-use/open-data	
PP_006SRUV|2023-03-18	representatives	PP_006SRUV	https://pathoplexus.org/seq/PP_006SRUV	Brazil	Brazil	OPEN		https://pathoplexus.org/about/terms-of-use/open-data	PP_006SRUV	https://pathoplexus.org/seq/PP_006SRUV	PV206117.1	https://www.ncbi.nlm.nih.gov/nuccore/PV206117.1	https://pathoplexus.org/about/terms-of-use/open-data	
PP_006SSFM|2023-05-02	representatives	PP_006SSFM	https://pathoplexus.org/seq/PP_006SSFM	Brazil	Brazil	OPEN		https://pathoplexus.org/about/terms-of-use/open-data	PP_006SSFM	https://pathoplexus.org/seq/PP_006SSFM	PV206138.1	https://www.ncbi.nlm.nih.gov/nuccore/PV206138.1	https://pathoplexus.org/about/terms-of-use/open-data	
PP_006SUSW|2024-02-16	representatives	PP_006SUSW	https://pathoplexus.org/seq/PP_006SUSW	Brazil	Brazil	OPEN		https://pathoplexus.org/about/terms-of-use/open-data	PP_006SUSW	https://pathoplexus.org/seq/PP_006SUSW	PV206217.1	https://www.ncbi.nlm.nih.gov/nuccore/PV206217.1	https://pathoplexus.org/about/terms-of-use/open-data	
PP_006SVJB|2024-04-10	representatives	PP_006SVJB	https://pathoplexus.org/seq/PP_006SVJB	Brazil	Brazil	OPEN		https://pathoplexus.org/about/terms-of-use/open-data	PP_006SVJB	https://pathoplexus.org/seq/PP_006SVJB	PV206243.1	https://www.ncbi.nlm.nih.gov/nuccore/PV206243.1	https://pathoplexus.org/about/terms-of-use/open-data	
PP_006SWDM|2024-03-11	representatives	PP_006SWDM	https://pathoplexus.org/seq/PP_006SWDM	Brazil	Brazil	OPEN		https://pathoplexus.org/about/terms-of-use/open-data	PP_006SWDM	https://pathoplexus.org/seq/PP_006SWDM	PV206272.1	https://www.ncbi.nlm.nih.gov/nuccore/PV206272.1	https://pathoplexus.org/about/terms-of-use/open-data	
PP_006XN8V|2025-11-04	representatives	PP_006XN8V	https://pathoplexus.org/seq/PP_006XN8V	Guinea-Bissau	Guinea-Bissau	RESTRICTED	2027-05-20	https://pathoplexus.org/about/terms-of-use/restricted-data	PP_006XN8V	https://pathoplexus.org/seq/PP_006XN8V			https://pathoplexus.org/about/terms-of-use/restricted-data	2027-05-20
PP_006XNAR|2025-10-16	representatives	PP_006XNAR	https://pathoplexus.org/seq/PP_006XNAR	Guinea-Bissau	Guinea-Bissau	RESTRICTED	2027-05-20	https://pathoplexus.org/about/terms-of-use/restricted-data	PP_006XNAR	https://pathoplexus.org/seq/PP_006XNAR			https://pathoplexus.org/about/terms-of-use/restricted-data	2027-05-20
PP_006Y5MH|2026-02-25	representatives	PP_006Y5MH	https://pathoplexus.org/seq/PP_006Y5MH	Brazil	Brazil	RESTRICTED	2027-05-21	https://pathoplexus.org/about/terms-of-use/restricted-data	PP_006Y5MH	https://pathoplexus.org/seq/PP_006Y5MH			https://pathoplexus.org/about/terms-of-use/restricted-data	2027-05-21
PP_006Y65F|2026-03-10	representatives	PP_006Y65F	https://pathoplexus.org/seq/PP_006Y65F	Brazil	Brazil	RESTRICTED	2027-05-21	https://pathoplexus.org/about/terms-of-use/restricted-data	PP_006Y65F	https://pathoplexus.org/seq/PP_006Y65F			https://pathoplexus.org/about/terms-of-use/restricted-data	2027-05-21
PP_006Y6EX|2026-03-05	representatives	PP_006Y6EX	https://pathoplexus.org/seq/PP_006Y6EX	Brazil	Brazil	RESTRICTED	2027-05-21	https://pathoplexus.org/about/terms-of-use/restricted-data	PP_006Y6EX	https://pathoplexus.org/seq/PP_006Y6EX			https://pathoplexus.org/about/terms-of-use/restricted-data	2027-05-21
PP_006Y70Q|2026-03-12	representatives	PP_006Y70Q	https://pathoplexus.org/seq/PP_006Y70Q	Brazil	Brazil	RESTRICTED	2027-05-21	https://pathoplexus.org/about/terms-of-use/restricted-data	PP_006Y70Q	https://pathoplexus.org/seq/PP_006Y70Q			https://pathoplexus.org/about/terms-of-use/restricted-data	2027-05-21
PP_006Y73J|2026-03-05	representatives	PP_006Y73J	https://pathoplexus.org/seq/PP_006Y73J	Brazil	Brazil	RESTRICTED	2027-05-21	https://pathoplexus.org/about/terms-of-use/restricted-data	PP_006Y73J	https://pathoplexus.org/seq/PP_006Y73J			https://pathoplexus.org/about/terms-of-use/restricted-data	2027-05-21
PP_006Y75E|2026-03-11	representatives	PP_006Y75E	https://pathoplexus.org/seq/PP_006Y75E	Brazil	Brazil	RESTRICTED	2027-05-21	https://pathoplexus.org/about/terms-of-use/restricted-data	PP_006Y75E	https://pathoplexus.org/seq/PP_006Y75E			https://pathoplexus.org/about/terms-of-use/restricted-data	2027-05-21
PP_0070CGH|2024-11-28	representatives	PP_0070CGH	https://pathoplexus.org/seq/PP_0070CGH	Guinea	Guinea	RESTRICTED	2027-05-26	https://pathoplexus.org/about/terms-of-use/restricted-data	PP_0070CGH	https://pathoplexus.org/seq/PP_0070CGH			https://pathoplexus.org/about/terms-of-use/restricted-data	2027-05-26
PP_0074S1R|2024-05-17	representatives	PP_0074S1R	https://pathoplexus.org/seq/PP_0074S1R	Reunion	Réunion	OPEN		https://pathoplexus.org/about/terms-of-use/open-data	PP_0074S1R	https://pathoplexus.org/seq/PP_0074S1R	PZ520749.1	https://www.ncbi.nlm.nih.gov/nuccore/PZ520749.1	https://pathoplexus.org/about/terms-of-use/open-data	
PP_0074UB3|2024-04-30	representatives	PP_0074UB3	https://pathoplexus.org/seq/PP_0074UB3	Reunion	Réunion	OPEN		https://pathoplexus.org/about/terms-of-use/open-data	PP_0074UB3	https://pathoplexus.org/seq/PP_0074UB3	PZ520827.1	https://www.ncbi.nlm.nih.gov/nuccore/PZ520827.1	https://pathoplexus.org/about/terms-of-use/open-data	
PP_0074WYS|2024-06-03	representatives	PP_0074WYS	https://pathoplexus.org/seq/PP_0074WYS	Reunion	Réunion	OPEN		https://pathoplexus.org/about/terms-of-use/open-data	PP_0074WYS	https://pathoplexus.org/seq/PP_0074WYS	PZ520916.1	https://www.ncbi.nlm.nih.gov/nuccore/PZ520916.1	https://pathoplexus.org/about/terms-of-use/open-data	
PP_0074X6A|2024-04-02	representatives	PP_0074X6A	https://pathoplexus.org/seq/PP_0074X6A	Reunion	Réunion	OPEN		https://pathoplexus.org/about/terms-of-use/open-data	PP_0074X6A	https://pathoplexus.org/seq/PP_0074X6A	PZ520924.1	https://www.ncbi.nlm.nih.gov/nuccore/PZ520924.1	https://pathoplexus.org/about/terms-of-use/open-data	
PP_0074YJJ|2024-05-16	representatives	PP_0074YJJ	https://pathoplexus.org/seq/PP_0074YJJ	Reunion	Réunion	OPEN		https://pathoplexus.org/about/terms-of-use/open-data	PP_0074YJJ	https://pathoplexus.org/seq/PP_0074YJJ	PZ520970.1	https://www.ncbi.nlm.nih.gov/nuccore/PZ520970.1	https://pathoplexus.org/about/terms-of-use/open-data	
PP_0074Z84|2024-05-17	representatives	PP_0074Z84	https://pathoplexus.org/seq/PP_0074Z84	Reunion	Réunion	OPEN		https://pathoplexus.org/about/terms-of-use/open-data	PP_0074Z84	https://pathoplexus.org/seq/PP_0074Z84	PZ520994.1	https://www.ncbi.nlm.nih.gov/nuccore/PZ520994.1	https://pathoplexus.org/about/terms-of-use/open-data	
PP_0074ZFQ|2024-03-26	representatives	PP_0074ZFQ	https://pathoplexus.org/seq/PP_0074ZFQ	Reunion	Réunion	OPEN		https://pathoplexus.org/about/terms-of-use/open-data	PP_0074ZFQ	https://pathoplexus.org/seq/PP_0074ZFQ	PZ521001.1	https://www.ncbi.nlm.nih.gov/nuccore/PZ521001.1	https://pathoplexus.org/about/terms-of-use/open-data	
PP_006H5FS|2023-05-14	examples	PP_006H5FS	https://pathoplexus.org/seq/PP_006H5FS	Costa Rica	Costa Rica	OPEN		https://pathoplexus.org/about/terms-of-use/open-data	PP_006H5FS	https://pathoplexus.org/seq/PP_006H5FS	PV628998.1	https://www.ncbi.nlm.nih.gov/nuccore/PV628998.1	https://pathoplexus.org/about/terms-of-use/open-data	
PP_006H6KG|2023-07-06	examples	PP_006H6KG	https://pathoplexus.org/seq/PP_006H6KG	Costa Rica	Costa Rica	OPEN		https://pathoplexus.org/about/terms-of-use/open-data	PP_006H6KG	https://pathoplexus.org/seq/PP_006H6KG	PV629031.1	https://www.ncbi.nlm.nih.gov/nuccore/PV629031.1	https://pathoplexus.org/about/terms-of-use/open-data	
PP_006HWE3|2024-11-07	examples	PP_006HWE3	https://pathoplexus.org/seq/PP_006HWE3	Mali	Mali	OPEN		https://pathoplexus.org/about/terms-of-use/open-data	PP_006HWE3	https://pathoplexus.org/seq/PP_006HWE3	PX454633.1	https://www.ncbi.nlm.nih.gov/nuccore/PX454633.1	https://pathoplexus.org/about/terms-of-use/open-data	
PP_006JD44|2024-01-31	examples	PP_006JD44	https://pathoplexus.org/seq/PP_006JD44	Maldives	Maldives	OPEN		https://pathoplexus.org/about/terms-of-use/open-data	PP_006JD44	https://pathoplexus.org/seq/PP_006JD44	PX701190.1	https://www.ncbi.nlm.nih.gov/nuccore/PX701190.1	https://pathoplexus.org/about/terms-of-use/open-data	
PP_006SW29|2024-02-27	examples	PP_006SW29	https://pathoplexus.org/seq/PP_006SW29	Brazil	Brazil	OPEN		https://pathoplexus.org/about/terms-of-use/open-data	PP_006SW29	https://pathoplexus.org/seq/PP_006SW29	PV206261.1	https://www.ncbi.nlm.nih.gov/nuccore/PV206261.1	https://pathoplexus.org/about/terms-of-use/open-data	
PP_006VBPD|1964-12	examples	PP_006VBPD	https://pathoplexus.org/seq/PP_006VBPD	Thailand	Thailand	OPEN		https://pathoplexus.org/about/terms-of-use/open-data	PP_006VBPD	https://pathoplexus.org/seq/PP_006VBPD	PZ319150.1	https://www.ncbi.nlm.nih.gov/nuccore/PZ319150.1	https://pathoplexus.org/about/terms-of-use/open-data	
PP_0074XFS|2024-03-15	examples	PP_0074XFS	https://pathoplexus.org/seq/PP_0074XFS	Reunion	Réunion	OPEN		https://pathoplexus.org/about/terms-of-use/open-data	PP_0074XFS	https://pathoplexus.org/seq/PP_0074XFS	PZ520933.1	https://www.ncbi.nlm.nih.gov/nuccore/PZ520933.1	https://pathoplexus.org/about/terms-of-use/open-data	
PP_0068GU7|2013-04-20	examples	PP_0068GU7	https://pathoplexus.org/seq/PP_0068GU7	Colombia	Colombia	OPEN		https://pathoplexus.org/about/terms-of-use/open-data	PP_0068GU7	https://pathoplexus.org/seq/PP_0068GU7	OQ603271.1	https://www.ncbi.nlm.nih.gov/nuccore/OQ603271.1	https://pathoplexus.org/about/terms-of-use/open-data	
PP_0068H7F|2015	examples	PP_0068H7F	https://pathoplexus.org/seq/PP_0068H7F	Colombia	Colombia	OPEN		https://pathoplexus.org/about/terms-of-use/open-data	PP_0068H7F	https://pathoplexus.org/seq/PP_0068H7F	OQ603284.1	https://www.ncbi.nlm.nih.gov/nuccore/OQ603284.1	https://pathoplexus.org/about/terms-of-use/open-data	
PP_0068HA9|2015-08-27	examples	PP_0068HA9	https://pathoplexus.org/seq/PP_0068HA9	Colombia	Colombia	OPEN		https://pathoplexus.org/about/terms-of-use/open-data	PP_0068HA9	https://pathoplexus.org/seq/PP_0068HA9	OQ603287.1	https://www.ncbi.nlm.nih.gov/nuccore/OQ603287.1	https://pathoplexus.org/about/terms-of-use/open-data	
PP_0061AQ1|2018-03-31	examples	PP_0061AQ1	https://pathoplexus.org/seq/PP_0061AQ1	Angola	Angola	OPEN		https://pathoplexus.org/about/terms-of-use/open-data	PP_0061AQ1	https://pathoplexus.org/seq/PP_0061AQ1	MW481684.1	https://www.ncbi.nlm.nih.gov/nuccore/MW481684.1	https://pathoplexus.org/about/terms-of-use/open-data	
PP_005K0C0|2012	examples	PP_005K0C0	https://pathoplexus.org/seq/PP_005K0C0			OPEN		https://pathoplexus.org/about/terms-of-use/open-data	PP_005K0C0	https://pathoplexus.org/seq/PP_005K0C0	KU509270.1	https://www.ncbi.nlm.nih.gov/nuccore/KU509270.1	https://pathoplexus.org/about/terms-of-use/open-data	
PP_005BNR2|2006	examples	PP_005BNR2	https://pathoplexus.org/seq/PP_005BNR2	USA	USA	OPEN		https://pathoplexus.org/about/terms-of-use/open-data	PP_005BNR2	https://pathoplexus.org/seq/PP_005BNR2	JF730053.1	https://www.ncbi.nlm.nih.gov/nuccore/JF730053.1	https://pathoplexus.org/about/terms-of-use/open-data	
PP_005BBJT|2005	examples	PP_005BBJT	https://pathoplexus.org/seq/PP_005BBJT	Nicaragua	Nicaragua	OPEN		https://pathoplexus.org/about/terms-of-use/open-data	PP_005BBJT	https://pathoplexus.org/seq/PP_005BBJT	HQ541801.1	https://www.ncbi.nlm.nih.gov/nuccore/HQ541801.1	https://pathoplexus.org/about/terms-of-use/open-data	
PP_006HJZA|2023	examples	PP_006HJZA	https://pathoplexus.org/seq/PP_006HJZA	China	China	OPEN		https://pathoplexus.org/about/terms-of-use/open-data	PP_006HJZA	https://pathoplexus.org/seq/PP_006HJZA	PV879546.1	https://www.ncbi.nlm.nih.gov/nuccore/PV879546.1	https://pathoplexus.org/about/terms-of-use/open-data	
PP_006HG43|2024-09-15	examples	PP_006HG43	https://pathoplexus.org/seq/PP_006HG43	China	China	OPEN		https://pathoplexus.org/about/terms-of-use/open-data	PP_006HG43	https://pathoplexus.org/seq/PP_006HG43	PV790969.1	https://www.ncbi.nlm.nih.gov/nuccore/PV790969.1	https://pathoplexus.org/about/terms-of-use/open-data	
PP_006GBQ4|2024-04-11	examples	PP_006GBQ4	https://pathoplexus.org/seq/PP_006GBQ4	Colombia	Colombia	OPEN		https://pathoplexus.org/about/terms-of-use/open-data	PP_006GBQ4	https://pathoplexus.org/seq/PP_006GBQ4	PQ851440.1	https://www.ncbi.nlm.nih.gov/nuccore/PQ851440.1	https://pathoplexus.org/about/terms-of-use/open-data	
PP_006CU6Y|2019	examples	PP_006CU6Y	https://pathoplexus.org/seq/PP_006CU6Y	Indonesia	Indonesia	OPEN		https://pathoplexus.org/about/terms-of-use/open-data	PP_006CU6Y	https://pathoplexus.org/seq/PP_006CU6Y	PP151964.1	https://www.ncbi.nlm.nih.gov/nuccore/PP151964.1	https://pathoplexus.org/about/terms-of-use/open-data	
PP_006CUAQ|2019	examples	PP_006CUAQ	https://pathoplexus.org/seq/PP_006CUAQ	Indonesia	Indonesia	OPEN		https://pathoplexus.org/about/terms-of-use/open-data	PP_006CUAQ	https://pathoplexus.org/seq/PP_006CUAQ	PP151968.1	https://www.ncbi.nlm.nih.gov/nuccore/PP151968.1	https://pathoplexus.org/about/terms-of-use/open-data	
PP_006CUTP|2019	examples	PP_006CUTP	https://pathoplexus.org/seq/PP_006CUTP	Indonesia	Indonesia	OPEN		https://pathoplexus.org/about/terms-of-use/open-data	PP_006CUTP	https://pathoplexus.org/seq/PP_006CUTP	PP151985.1	https://www.ncbi.nlm.nih.gov/nuccore/PP151985.1	https://pathoplexus.org/about/terms-of-use/open-data	
PP_006CUXF|2020	examples	PP_006CUXF	https://pathoplexus.org/seq/PP_006CUXF	Indonesia	Indonesia	OPEN		https://pathoplexus.org/about/terms-of-use/open-data	PP_006CUXF	https://pathoplexus.org/seq/PP_006CUXF	PP151989.1	https://www.ncbi.nlm.nih.gov/nuccore/PP151989.1	https://pathoplexus.org/about/terms-of-use/open-data	
PP_006CVWG|2019	examples	PP_006CVWG	https://pathoplexus.org/seq/PP_006CVWG	Indonesia	Indonesia	OPEN		https://pathoplexus.org/about/terms-of-use/open-data	PP_006CVWG	https://pathoplexus.org/seq/PP_006CVWG	PP152022.1	https://www.ncbi.nlm.nih.gov/nuccore/PP152022.1	https://pathoplexus.org/about/terms-of-use/open-data	
PP_006CWCJ|2019	examples	PP_006CWCJ	https://pathoplexus.org/seq/PP_006CWCJ	Indonesia	Indonesia	OPEN		https://pathoplexus.org/about/terms-of-use/open-data	PP_006CWCJ	https://pathoplexus.org/seq/PP_006CWCJ	PP152038.1	https://www.ncbi.nlm.nih.gov/nuccore/PP152038.1	https://pathoplexus.org/about/terms-of-use/open-data	
PP_006CYCG|2019	examples	PP_006CYCG	https://pathoplexus.org/seq/PP_006CYCG	Indonesia	Indonesia	OPEN		https://pathoplexus.org/about/terms-of-use/open-data	PP_006CYCG	https://pathoplexus.org/seq/PP_006CYCG	PP152106.1	https://www.ncbi.nlm.nih.gov/nuccore/PP152106.1	https://pathoplexus.org/about/terms-of-use/open-data	
PP_006B5JY|2015-02-06	examples	PP_006B5JY	https://pathoplexus.org/seq/PP_006B5JY	Philippines	Philippines	OPEN		https://pathoplexus.org/about/terms-of-use/open-data	PP_006B5JY	https://pathoplexus.org/seq/PP_006B5JY	OR476982.1	https://www.ncbi.nlm.nih.gov/nuccore/OR476982.1	https://pathoplexus.org/about/terms-of-use/open-data	
PP_006F51R|2023-07-14	examples	PP_006F51R	https://pathoplexus.org/seq/PP_006F51R	Colombia	Colombia	OPEN		https://pathoplexus.org/about/terms-of-use/open-data	PP_006F51R	https://pathoplexus.org/seq/PP_006F51R	PP982968.1	https://www.ncbi.nlm.nih.gov/nuccore/PP982968.1	https://pathoplexus.org/about/terms-of-use/open-data	
PP_0068VUU|2019-09-15	examples	PP_0068VUU	https://pathoplexus.org/seq/PP_0068VUU	Nicaragua	Nicaragua	OPEN		https://pathoplexus.org/about/terms-of-use/open-data	PP_0068VUU	https://pathoplexus.org/seq/PP_0068VUU	OQ821491.1	https://www.ncbi.nlm.nih.gov/nuccore/OQ821491.1	https://pathoplexus.org/about/terms-of-use/open-data	
PP_0068U66|2019-11-09	examples	PP_0068U66	https://pathoplexus.org/seq/PP_0068U66	Cuba	Cuba	OPEN		https://pathoplexus.org/about/terms-of-use/open-data	PP_0068U66	https://pathoplexus.org/seq/PP_0068U66	OQ821443.1	https://www.ncbi.nlm.nih.gov/nuccore/OQ821443.1	https://pathoplexus.org/about/terms-of-use/open-data	
PP_006240L|2011	examples	PP_006240L	https://pathoplexus.org/seq/PP_006240L	Singapore	Singapore	OPEN		https://pathoplexus.org/about/terms-of-use/open-data	PP_006240L	https://pathoplexus.org/seq/PP_006240L	MW512362.1	https://www.ncbi.nlm.nih.gov/nuccore/MW512362.1	https://pathoplexus.org/about/terms-of-use/open-data	
PP_0062591|2013	examples	PP_0062591	https://pathoplexus.org/seq/PP_0062591	Singapore	Singapore	OPEN		https://pathoplexus.org/about/terms-of-use/open-data	PP_0062591	https://pathoplexus.org/seq/PP_0062591	MW512405.1	https://www.ncbi.nlm.nih.gov/nuccore/MW512405.1	https://pathoplexus.org/about/terms-of-use/open-data	
PP_00625XQ|2014	examples	PP_00625XQ	https://pathoplexus.org/seq/PP_00625XQ	Singapore	Singapore	OPEN		https://pathoplexus.org/about/terms-of-use/open-data	PP_00625XQ	https://pathoplexus.org/seq/PP_00625XQ	MW512427.1	https://www.ncbi.nlm.nih.gov/nuccore/MW512427.1	https://pathoplexus.org/about/terms-of-use/open-data	
PP_0063CCL|1994	examples	PP_0063CCL	https://pathoplexus.org/seq/PP_0063CCL	Thailand	Thailand	OPEN		https://pathoplexus.org/about/terms-of-use/open-data	PP_0063CCL	https://pathoplexus.org/seq/PP_0063CCL	MW946264.1	https://www.ncbi.nlm.nih.gov/nuccore/MW946264.1	https://pathoplexus.org/about/terms-of-use/open-data	
PP_0063EZ9|2004	examples	PP_0063EZ9	https://pathoplexus.org/seq/PP_0063EZ9	Thailand	Thailand	OPEN		https://pathoplexus.org/about/terms-of-use/open-data	PP_0063EZ9	https://pathoplexus.org/seq/PP_0063EZ9	MW946353.1	https://www.ncbi.nlm.nih.gov/nuccore/MW946353.1	https://pathoplexus.org/about/terms-of-use/open-data	
PP_0063HVE|2000	examples	PP_0063HVE	https://pathoplexus.org/seq/PP_0063HVE	Thailand	Thailand	OPEN		https://pathoplexus.org/about/terms-of-use/open-data	PP_0063HVE	https://pathoplexus.org/seq/PP_0063HVE	MW946451.1	https://www.ncbi.nlm.nih.gov/nuccore/MW946451.1	https://pathoplexus.org/about/terms-of-use/open-data	
PP_0063KRL|1994	examples	PP_0063KRL	https://pathoplexus.org/seq/PP_0063KRL	Thailand	Thailand	OPEN		https://pathoplexus.org/about/terms-of-use/open-data	PP_0063KRL	https://pathoplexus.org/seq/PP_0063KRL	MW946515.1	https://www.ncbi.nlm.nih.gov/nuccore/MW946515.1	https://pathoplexus.org/about/terms-of-use/open-data	
PP_0063M2X|1998	examples	PP_0063M2X	https://pathoplexus.org/seq/PP_0063M2X	Thailand	Thailand	OPEN		https://pathoplexus.org/about/terms-of-use/open-data	PP_0063M2X	https://pathoplexus.org/seq/PP_0063M2X	MW946560.1	https://www.ncbi.nlm.nih.gov/nuccore/MW946560.1	https://pathoplexus.org/about/terms-of-use/open-data	
PP_005ZQSM|2019-01-31	examples	PP_005ZQSM	https://pathoplexus.org/seq/PP_005ZQSM	Brazil	Brazil	OPEN		https://pathoplexus.org/about/terms-of-use/open-data	PP_005ZQSM	https://pathoplexus.org/seq/PP_005ZQSM	MT929654.1	https://www.ncbi.nlm.nih.gov/nuccore/MT929654.1	https://pathoplexus.org/about/terms-of-use/open-data	
PP_005X65J|2012-07-09	examples	PP_005X65J	https://pathoplexus.org/seq/PP_005X65J	Thailand	Thailand	OPEN		https://pathoplexus.org/about/terms-of-use/open-data	PP_005X65J	https://pathoplexus.org/seq/PP_005X65J	MN448726.1	https://www.ncbi.nlm.nih.gov/nuccore/MN448726.1	https://pathoplexus.org/about/terms-of-use/open-data	
PP_005X9EX|2012-06-11	examples	PP_005X9EX	https://pathoplexus.org/seq/PP_005X9EX	Thailand	Thailand	OPEN		https://pathoplexus.org/about/terms-of-use/open-data	PP_005X9EX	https://pathoplexus.org/seq/PP_005X9EX	MN448837.1	https://www.ncbi.nlm.nih.gov/nuccore/MN448837.1	https://pathoplexus.org/about/terms-of-use/open-data	
PP_005XBT2|2011-09-21	examples	PP_005XBT2	https://pathoplexus.org/seq/PP_005XBT2	Thailand	Thailand	OPEN		https://pathoplexus.org/about/terms-of-use/open-data	PP_005XBT2	https://pathoplexus.org/seq/PP_005XBT2	MN448918.1	https://www.ncbi.nlm.nih.gov/nuccore/MN448918.1	https://pathoplexus.org/about/terms-of-use/open-data	
PP_005NCUH|2013-10-13	examples	PP_005NCUH	https://pathoplexus.org/seq/PP_005NCUH	China	China	OPEN		https://pathoplexus.org/about/terms-of-use/open-data	PP_005NCUH	https://pathoplexus.org/seq/PP_005NCUH	KY672947.1	https://www.ncbi.nlm.nih.gov/nuccore/KY672947.1	https://pathoplexus.org/about/terms-of-use/open-data	
PP_005KG7U|2015	examples	PP_005KG7U	https://pathoplexus.org/seq/PP_005KG7U	China	China	OPEN		https://pathoplexus.org/about/terms-of-use/open-data	PP_005KG7U	https://pathoplexus.org/seq/PP_005KG7U	KX225485.1	https://www.ncbi.nlm.nih.gov/nuccore/KX225485.1	https://pathoplexus.org/about/terms-of-use/open-data	
PP_005GG1D|2012	examples	PP_005GG1D	https://pathoplexus.org/seq/PP_005GG1D	Singapore	Singapore	OPEN		https://pathoplexus.org/about/terms-of-use/open-data	PP_005GG1D	https://pathoplexus.org/seq/PP_005GG1D	KM279559.1	https://www.ncbi.nlm.nih.gov/nuccore/KM279559.1	https://pathoplexus.org/about/terms-of-use/open-data	
PP_005ELJC|2007-07-06	examples	PP_005ELJC	https://pathoplexus.org/seq/PP_005ELJC	Indonesia	Indonesia	OPEN		https://pathoplexus.org/about/terms-of-use/open-data	PP_005ELJC	https://pathoplexus.org/seq/PP_005ELJC	KC762665.1	https://www.ncbi.nlm.nih.gov/nuccore/KC762665.1	https://pathoplexus.org/about/terms-of-use/open-data	
PP_005ELYJ|2010-03-29	examples	PP_005ELYJ	https://pathoplexus.org/seq/PP_005ELYJ	Indonesia	Indonesia	OPEN		https://pathoplexus.org/about/terms-of-use/open-data	PP_005ELYJ	https://pathoplexus.org/seq/PP_005ELYJ	KC762679.1	https://www.ncbi.nlm.nih.gov/nuccore/KC762679.1	https://pathoplexus.org/about/terms-of-use/open-data	
PP_005FGUU|2011-10-20	examples	PP_005FGUU	https://pathoplexus.org/seq/PP_005FGUU	Pakistan	Pakistan	OPEN		https://pathoplexus.org/about/terms-of-use/open-data	PP_005FGUU	https://pathoplexus.org/seq/PP_005FGUU	KJ010185.1	https://www.ncbi.nlm.nih.gov/nuccore/KJ010185.1	https://pathoplexus.org/about/terms-of-use/open-data	
PP_005E3AC|2001	examples	PP_005E3AC	https://pathoplexus.org/seq/PP_005E3AC	Brazil	Brazil	OPEN		https://pathoplexus.org/about/terms-of-use/open-data	PP_005E3AC	https://pathoplexus.org/seq/PP_005E3AC	JX073928.1	https://www.ncbi.nlm.nih.gov/nuccore/JX073928.1	https://pathoplexus.org/about/terms-of-use/open-data	
PP_005F9MF|2007	examples	PP_005F9MF	https://pathoplexus.org/seq/PP_005F9MF	Venezuela	Venezuela	OPEN		https://pathoplexus.org/about/terms-of-use/open-data	PP_005F9MF	https://pathoplexus.org/seq/PP_005F9MF	KF955346.1	https://www.ncbi.nlm.nih.gov/nuccore/KF955346.1	https://pathoplexus.org/about/terms-of-use/open-data	
PP_005ECQ8|1999	examples	PP_005ECQ8	https://pathoplexus.org/seq/PP_005ECQ8	Brazil	Brazil	OPEN		https://pathoplexus.org/about/terms-of-use/open-data	PP_005ECQ8	https://pathoplexus.org/seq/PP_005ECQ8	JX669486.1	https://www.ncbi.nlm.nih.gov/nuccore/JX669486.1	https://pathoplexus.org/about/terms-of-use/open-data	
PP_005CYQS|2000	examples	PP_005CYQS	https://pathoplexus.org/seq/PP_005CYQS	Nicaragua	Nicaragua	OPEN		https://pathoplexus.org/about/terms-of-use/open-data	PP_005CYQS	https://pathoplexus.org/seq/PP_005CYQS	JN819416.1	https://www.ncbi.nlm.nih.gov/nuccore/JN819416.1	https://pathoplexus.org/about/terms-of-use/open-data	
PP_0059WEM|1976	examples	PP_0059WEM	https://pathoplexus.org/seq/PP_0059WEM	Indonesia	Indonesia	OPEN		https://pathoplexus.org/about/terms-of-use/open-data	PP_0059WEM	https://pathoplexus.org/seq/PP_0059WEM	GQ398264.1	https://www.ncbi.nlm.nih.gov/nuccore/GQ398264.1	https://pathoplexus.org/about/terms-of-use/open-data	
PP_0059BF4|2000	examples	PP_0059BF4	https://pathoplexus.org/seq/PP_0059BF4	Venezuela	Venezuela	OPEN		https://pathoplexus.org/about/terms-of-use/open-data	PP_0059BF4	https://pathoplexus.org/seq/PP_0059BF4	FJ898466.1	https://www.ncbi.nlm.nih.gov/nuccore/FJ898466.1	https://pathoplexus.org/about/terms-of-use/open-data	
PP_0059209|2006	examples	PP_0059209	https://pathoplexus.org/seq/PP_0059209	Nicaragua	Nicaragua	OPEN		https://pathoplexus.org/about/terms-of-use/open-data	PP_0059209	https://pathoplexus.org/seq/PP_0059209	FJ744742.1	https://www.ncbi.nlm.nih.gov/nuccore/FJ744742.1	https://pathoplexus.org/about/terms-of-use/open-data	
PP_0058VTX|2002	examples	PP_0058VTX	https://pathoplexus.org/seq/PP_0058VTX	Cambodia	Cambodia	OPEN		https://pathoplexus.org/about/terms-of-use/open-data	PP_0058VTX	https://pathoplexus.org/seq/PP_0058VTX	FJ639700.1	https://www.ncbi.nlm.nih.gov/nuccore/FJ639700.1	https://pathoplexus.org/about/terms-of-use/open-data	
PP_0059D4Q|2003	examples	PP_0059D4Q	https://pathoplexus.org/seq/PP_0059D4Q	Viet Nam	Vietnam	OPEN		https://pathoplexus.org/about/terms-of-use/open-data	PP_0059D4Q	https://pathoplexus.org/seq/PP_0059D4Q	FM210221.1	https://www.ncbi.nlm.nih.gov/nuccore/FM210221.1	https://pathoplexus.org/about/terms-of-use/open-data	
PP_0057BX9|1988	examples	PP_0057BX9	https://pathoplexus.org/seq/PP_0057BX9	USA	USA	OPEN		https://pathoplexus.org/about/terms-of-use/open-data	PP_0057BX9	https://pathoplexus.org/seq/PP_0057BX9	EU482578.1	https://www.ncbi.nlm.nih.gov/nuccore/EU482578.1	https://pathoplexus.org/about/terms-of-use/open-data	
PP_0057DRK|2006	examples	PP_0057DRK	https://pathoplexus.org/seq/PP_0057DRK	Viet Nam	Vietnam	OPEN		https://pathoplexus.org/about/terms-of-use/open-data	PP_0057DRK	https://pathoplexus.org/seq/PP_0057DRK	EU482640.1	https://www.ncbi.nlm.nih.gov/nuccore/EU482640.1	https://pathoplexus.org/about/terms-of-use/open-data	
PP_0057HZZ|2003	examples	PP_0057HZZ	https://pathoplexus.org/seq/PP_0057HZZ	Viet Nam	Vietnam	OPEN		https://pathoplexus.org/about/terms-of-use/open-data	PP_0057HZZ	https://pathoplexus.org/seq/PP_0057HZZ	EU482788.1	https://www.ncbi.nlm.nih.gov/nuccore/EU482788.1	https://pathoplexus.org/about/terms-of-use/open-data	
PP_0056YZL|2005	examples	PP_0056YZL	https://pathoplexus.org/seq/PP_0056YZL	Brunei	Brunei	OPEN		https://pathoplexus.org/about/terms-of-use/open-data	PP_0056YZL	https://pathoplexus.org/seq/PP_0056YZL	EU179858.1	https://www.ncbi.nlm.nih.gov/nuccore/EU179858.1	https://pathoplexus.org/about/terms-of-use/open-data	
PP_0056L9D|1999	examples	PP_0056L9D	https://pathoplexus.org/seq/PP_0056L9D	Senegal	Senegal	OPEN		https://pathoplexus.org/about/terms-of-use/open-data	PP_0056L9D	https://pathoplexus.org/seq/PP_0056L9D	EF457904.1	https://www.ncbi.nlm.nih.gov/nuccore/EF457904.1	https://pathoplexus.org/about/terms-of-use/open-data	
PP_005SMXU|2002	examples	PP_005SMXU	https://pathoplexus.org/seq/PP_005SMXU	Taiwan	Taiwan	OPEN		https://pathoplexus.org/about/terms-of-use/open-data	PP_005SMXU	https://pathoplexus.org/seq/PP_005SMXU	MG599626.1	https://www.ncbi.nlm.nih.gov/nuccore/MG599626.1	https://pathoplexus.org/about/terms-of-use/open-data	
PP_005P9YA|2004	examples	PP_005P9YA	https://pathoplexus.org/seq/PP_005P9YA	Thailand	Thailand	OPEN		https://pathoplexus.org/about/terms-of-use/open-data	PP_005P9YA	https://pathoplexus.org/seq/PP_005P9YA	KY586600.1	https://www.ncbi.nlm.nih.gov/nuccore/KY586600.1	https://pathoplexus.org/about/terms-of-use/open-data	
PP_005PC4W|1995	examples	PP_005PC4W	https://pathoplexus.org/seq/PP_005PC4W	Thailand	Thailand	OPEN		https://pathoplexus.org/about/terms-of-use/open-data	PP_005PC4W	https://pathoplexus.org/seq/PP_005PC4W	KY586674.1	https://www.ncbi.nlm.nih.gov/nuccore/KY586674.1	https://pathoplexus.org/about/terms-of-use/open-data	
PP_0064JE8|2007	examples	PP_0064JE8	https://pathoplexus.org/seq/PP_0064JE8	Djibouti	Djibouti	OPEN		https://pathoplexus.org/about/terms-of-use/open-data	PP_0064JE8	https://pathoplexus.org/seq/PP_0064JE8	MZ857222.1	https://www.ncbi.nlm.nih.gov/nuccore/MZ857222.1	https://pathoplexus.org/about/terms-of-use/open-data	
PP_0064UKM|2020-07	examples	PP_0064UKM	https://pathoplexus.org/seq/PP_0064UKM	Cambodia	Cambodia	OPEN		https://pathoplexus.org/about/terms-of-use/open-data	PP_0064UKM	https://pathoplexus.org/seq/PP_0064UKM	OL414752.1	https://www.ncbi.nlm.nih.gov/nuccore/OL414752.1	https://pathoplexus.org/about/terms-of-use/open-data	
PP_0065YLD|2009-12-10	examples	PP_0065YLD	https://pathoplexus.org/seq/PP_0065YLD	Thailand	Thailand	OPEN		https://pathoplexus.org/about/terms-of-use/open-data	PP_0065YLD	https://pathoplexus.org/seq/PP_0065YLD	ON046272.1	https://www.ncbi.nlm.nih.gov/nuccore/ON046272.1	https://pathoplexus.org/about/terms-of-use/open-data	
PP_0064YHM|2021-06-30	examples	PP_0064YHM	https://pathoplexus.org/seq/PP_0064YHM	Mexico	Mexico	OPEN		https://pathoplexus.org/about/terms-of-use/open-data	PP_0064YHM	https://pathoplexus.org/seq/PP_0064YHM	OM505021.1	https://www.ncbi.nlm.nih.gov/nuccore/OM505021.1	https://pathoplexus.org/about/terms-of-use/open-data	
PP_00665YE|2018-10-28	examples	PP_00665YE	https://pathoplexus.org/seq/PP_00665YE	Senegal	Senegal	OPEN		https://pathoplexus.org/about/terms-of-use/open-data	PP_00665YE	https://pathoplexus.org/seq/PP_00665YE	ON231307.1	https://www.ncbi.nlm.nih.gov/nuccore/ON231307.1	https://pathoplexus.org/about/terms-of-use/open-data	
PP_0064TA7|2016-04-12	examples	PP_0064TA7	https://pathoplexus.org/seq/PP_0064TA7	Papua New Guinea	Papua New Guinea	OPEN		https://pathoplexus.org/about/terms-of-use/open-data	PP_0064TA7	https://pathoplexus.org/seq/PP_0064TA7	OL321186.1	https://www.ncbi.nlm.nih.gov/nuccore/OL321186.1	https://pathoplexus.org/about/terms-of-use/open-data	
PP_0066KB9|2019-09-16	examples	PP_0066KB9	https://pathoplexus.org/seq/PP_0066KB9	China	China	OPEN		https://pathoplexus.org/about/terms-of-use/open-data	PP_0066KB9	https://pathoplexus.org/seq/PP_0066KB9	ON908229.1	https://www.ncbi.nlm.nih.gov/nuccore/ON908229.1	https://pathoplexus.org/about/terms-of-use/open-data	
PP_0066J7J|2019-05-31	examples	PP_0066J7J	https://pathoplexus.org/seq/PP_0066J7J	Cambodia	Cambodia	OPEN		https://pathoplexus.org/about/terms-of-use/open-data	PP_0066J7J	https://pathoplexus.org/seq/PP_0066J7J	ON890479.1	https://www.ncbi.nlm.nih.gov/nuccore/ON890479.1	https://pathoplexus.org/about/terms-of-use/open-data	
PP_0066HD7|2018	examples	PP_0066HD7	https://pathoplexus.org/seq/PP_0066HD7	India	India	OPEN		https://pathoplexus.org/about/terms-of-use/open-data	PP_0066HD7	https://pathoplexus.org/seq/PP_0066HD7	ON799267.1	https://www.ncbi.nlm.nih.gov/nuccore/ON799267.1	https://pathoplexus.org/about/terms-of-use/open-data	
PP_006D1Z2|2017-11-12	examples	PP_006D1Z2	https://pathoplexus.org/seq/PP_006D1Z2	Nepal	Nepal	OPEN		https://pathoplexus.org/about/terms-of-use/open-data	PP_006D1Z2	https://pathoplexus.org/seq/PP_006D1Z2	PP152367.1	https://www.ncbi.nlm.nih.gov/nuccore/PP152367.1	https://pathoplexus.org/about/terms-of-use/open-data	
PP_00698Z3|2022-10-03	examples	PP_00698Z3	https://pathoplexus.org/seq/PP_00698Z3	Bhutan	Bhutan	OPEN		https://pathoplexus.org/about/terms-of-use/open-data	PP_00698Z3	https://pathoplexus.org/seq/PP_00698Z3	OQ851881.1	https://www.ncbi.nlm.nih.gov/nuccore/OQ851881.1	https://pathoplexus.org/about/terms-of-use/open-data	
PP_006C69E|2023-11	examples	PP_006C69E	https://pathoplexus.org/seq/PP_006C69E	Reunion	Réunion	OPEN		https://pathoplexus.org/about/terms-of-use/open-data	PP_006C69E	https://pathoplexus.org/seq/PP_006C69E	PP082837.1	https://www.ncbi.nlm.nih.gov/nuccore/PP082837.1	https://pathoplexus.org/about/terms-of-use/open-data	
PP_006DN62|2014-01-14	examples	PP_006DN62	https://pathoplexus.org/seq/PP_006DN62	France	France	OPEN		https://pathoplexus.org/about/terms-of-use/open-data	PP_006DN62	https://pathoplexus.org/seq/PP_006DN62	PP320855.1	https://www.ncbi.nlm.nih.gov/nuccore/PP320855.1	https://pathoplexus.org/about/terms-of-use/open-data	
PP_006EAKK|2023-10-08	examples	PP_006EAKK	https://pathoplexus.org/seq/PP_006EAKK	China	China	OPEN		https://pathoplexus.org/about/terms-of-use/open-data	PP_006EAKK	https://pathoplexus.org/seq/PP_006EAKK	PP564627.1	https://www.ncbi.nlm.nih.gov/nuccore/PP564627.1	https://pathoplexus.org/about/terms-of-use/open-data	
PP_006ECCY|2023-10-16	examples	PP_006ECCY	https://pathoplexus.org/seq/PP_006ECCY	China	China	OPEN		https://pathoplexus.org/about/terms-of-use/open-data	PP_006ECCY	https://pathoplexus.org/seq/PP_006ECCY	PP564688.1	https://www.ncbi.nlm.nih.gov/nuccore/PP564688.1	https://pathoplexus.org/about/terms-of-use/open-data	
PP_006BEEY|2023-01-07	examples	PP_006BEEY	https://pathoplexus.org/seq/PP_006BEEY	Dominican Republic	Dominican Republic	OPEN		https://pathoplexus.org/about/terms-of-use/open-data	PP_006BEEY	https://pathoplexus.org/seq/PP_006BEEY	OR616472.1	https://www.ncbi.nlm.nih.gov/nuccore/OR616472.1	https://pathoplexus.org/about/terms-of-use/open-data	
PP_0065JNP|2012-10	examples	PP_0065JNP	https://pathoplexus.org/seq/PP_0065JNP	Reunion	Réunion	OPEN		https://pathoplexus.org/about/terms-of-use/open-data	PP_0065JNP	https://pathoplexus.org/seq/PP_0065JNP	OR236108.1	https://www.ncbi.nlm.nih.gov/nuccore/OR236108.1	https://pathoplexus.org/about/terms-of-use/open-data	
PP_0065JTD|2016-11	examples	PP_0065JTD	https://pathoplexus.org/seq/PP_0065JTD	Reunion	Réunion	OPEN		https://pathoplexus.org/about/terms-of-use/open-data	PP_0065JTD	https://pathoplexus.org/seq/PP_0065JTD	OR236113.1	https://www.ncbi.nlm.nih.gov/nuccore/OR236113.1	https://pathoplexus.org/about/terms-of-use/open-data	
PP_0065JV9|2014-12	examples	PP_0065JV9	https://pathoplexus.org/seq/PP_0065JV9	Reunion	Réunion	OPEN		https://pathoplexus.org/about/terms-of-use/open-data	PP_0065JV9	https://pathoplexus.org/seq/PP_0065JV9	OR236115.1	https://www.ncbi.nlm.nih.gov/nuccore/OR236115.1	https://pathoplexus.org/about/terms-of-use/open-data	
PP_006DS7W|2022-05-23	examples	PP_006DS7W	https://pathoplexus.org/seq/PP_006DS7W	Cambodia	Cambodia	OPEN		https://pathoplexus.org/about/terms-of-use/open-data	PP_006DS7W	https://pathoplexus.org/seq/PP_006DS7W	PP406448.1	https://www.ncbi.nlm.nih.gov/nuccore/PP406448.1	https://pathoplexus.org/about/terms-of-use/open-data	
PP_006DGXR|2019-10-07	examples	PP_006DGXR	https://pathoplexus.org/seq/PP_006DGXR	Viet Nam	Vietnam	OPEN		https://pathoplexus.org/about/terms-of-use/open-data	PP_006DGXR	https://pathoplexus.org/seq/PP_006DGXR	PP269895.1	https://www.ncbi.nlm.nih.gov/nuccore/PP269895.1	https://pathoplexus.org/about/terms-of-use/open-data	
PP_006DHLC|2022-06-20	examples	PP_006DHLC	https://pathoplexus.org/seq/PP_006DHLC	Viet Nam	Vietnam	OPEN		https://pathoplexus.org/about/terms-of-use/open-data	PP_006DHLC	https://pathoplexus.org/seq/PP_006DHLC	PP269918.1	https://www.ncbi.nlm.nih.gov/nuccore/PP269918.1	https://pathoplexus.org/about/terms-of-use/open-data	
PP_0068YK9|2018-06-06	examples	PP_0068YK9	https://pathoplexus.org/seq/PP_0068YK9	Sri Lanka	Sri Lanka	OPEN		https://pathoplexus.org/about/terms-of-use/open-data	PP_0068YK9	https://pathoplexus.org/seq/PP_0068YK9	OR393901.1	https://www.ncbi.nlm.nih.gov/nuccore/OR393901.1	https://pathoplexus.org/about/terms-of-use/open-data	
PP_0066X0K|2022-01-31	examples	PP_0066X0K	https://pathoplexus.org/seq/PP_0066X0K	Brazil	Brazil	OPEN		https://pathoplexus.org/about/terms-of-use/open-data	PP_0066X0K	https://pathoplexus.org/seq/PP_0066X0K	OP599738.1	https://www.ncbi.nlm.nih.gov/nuccore/OP599738.1	https://pathoplexus.org/about/terms-of-use/open-data	
PP_006AZFD|1967	examples	PP_006AZFD	https://pathoplexus.org/seq/PP_006AZFD	India	India	OPEN		https://pathoplexus.org/about/terms-of-use/open-data	PP_006AZFD	https://pathoplexus.org/seq/PP_006AZFD	OR389311.1	https://www.ncbi.nlm.nih.gov/nuccore/OR389311.1	https://pathoplexus.org/about/terms-of-use/open-data	
PP_006AZSQ|1988	examples	PP_006AZSQ	https://pathoplexus.org/seq/PP_006AZSQ	Philippines	Philippines	OPEN		https://pathoplexus.org/about/terms-of-use/open-data	PP_006AZSQ	https://pathoplexus.org/seq/PP_006AZSQ	OR389322.1	https://www.ncbi.nlm.nih.gov/nuccore/OR389322.1	https://pathoplexus.org/about/terms-of-use/open-data	
